filename,score,kept
hdr_00000.exr,,1
hdr_00001.exr,0.995974,0
hdr_00002.exr,0.989064,0
hdr_00003.exr,0.982803,0
hdr_00004.exr,0.980126,0
hdr_00005.exr,0.979025,0
hdr_00006.exr,0.978321,0
hdr_00007.exr,0.977663,0
hdr_00008.exr,0.977468,0
hdr_00009.exr,0.977613,0
hdr_00010.exr,0.977837,0
hdr_00011.exr,0.977295,0
hdr_00012.exr,0.976119,0
hdr_00013.exr,0.975082,0
hdr_00014.exr,0.974050,0
hdr_00015.exr,0.971495,0
hdr_00016.exr,0.969772,0
hdr_00017.exr,0.968496,0
hdr_00018.exr,0.968368,0
hdr_00019.exr,0.969171,0
hdr_00020.exr,0.968010,0
hdr_00021.exr,0.967006,0
hdr_00022.exr,0.965822,0
hdr_00023.exr,0.964431,0
hdr_00024.exr,0.963189,0
hdr_00025.exr,0.962121,0
hdr_00026.exr,0.960593,0
hdr_00027.exr,0.961249,0
hdr_00028.exr,0.961279,0
hdr_00029.exr,0.960380,0
hdr_00030.exr,0.961419,0
hdr_00031.exr,0.962795,0
hdr_00032.exr,0.963606,0
hdr_00033.exr,0.962565,0
hdr_00034.exr,0.959593,0
hdr_00035.exr,0.955619,0
hdr_00036.exr,0.950240,0
hdr_00037.exr,0.944141,0
hdr_00038.exr,0.937223,0
hdr_00039.exr,0.931021,0
hdr_00040.exr,0.926276,0
hdr_00041.exr,0.922541,0
hdr_00042.exr,0.920430,0
hdr_00043.exr,0.917990,1
hdr_00044.exr,0.998187,0
hdr_00045.exr,0.994659,0
hdr_00046.exr,0.989259,0
hdr_00047.exr,0.981070,0
hdr_00048.exr,0.972197,0
hdr_00049.exr,0.963359,0
hdr_00050.exr,0.954916,0
hdr_00051.exr,0.945799,0
hdr_00052.exr,0.937380,0
hdr_00053.exr,0.929909,0
hdr_00054.exr,0.923120,0
hdr_00055.exr,0.917698,1
hdr_00056.exr,0.998552,0
hdr_00057.exr,0.996661,0
hdr_00058.exr,0.994269,0
hdr_00059.exr,0.991711,0
hdr_00060.exr,0.989098,0
hdr_00061.exr,0.985327,0
hdr_00062.exr,0.979893,0
hdr_00063.exr,0.972618,0
hdr_00064.exr,0.964317,0
hdr_00065.exr,0.954907,0
hdr_00066.exr,0.943862,0
hdr_00067.exr,0.935225,0
hdr_00068.exr,0.927920,0
hdr_00069.exr,0.920835,0
hdr_00070.exr,0.913917,1
hdr_00071.exr,0.996250,0
hdr_00072.exr,0.990799,0
hdr_00073.exr,0.983935,0
hdr_00074.exr,0.977672,0
hdr_00075.exr,0.971189,0
hdr_00076.exr,0.964207,0
hdr_00077.exr,0.957263,0
hdr_00078.exr,0.949885,0
hdr_00079.exr,0.942058,0
hdr_00080.exr,0.935185,0
hdr_00081.exr,0.930393,0
hdr_00082.exr,0.926343,0
hdr_00083.exr,0.922796,0
hdr_00084.exr,0.919984,1
hdr_00085.exr,0.997597,0
hdr_00086.exr,0.994511,0
hdr_00087.exr,0.990683,0
hdr_00088.exr,0.986408,0
hdr_00089.exr,0.981676,0
hdr_00090.exr,0.976187,0
hdr_00091.exr,0.972585,0
hdr_00092.exr,0.968915,0
hdr_00093.exr,0.964838,0
hdr_00094.exr,0.960616,0
hdr_00095.exr,0.955981,0
hdr_00096.exr,0.950129,0
hdr_00097.exr,0.946025,0
hdr_00098.exr,0.941731,0
hdr_00099.exr,0.935885,0
hdr_00100.exr,0.929434,0
hdr_00101.exr,0.921168,0
hdr_00102.exr,0.912545,1
hdr_00103.exr,0.995946,0
hdr_00104.exr,0.988167,0
hdr_00105.exr,0.978982,0
hdr_00106.exr,0.970313,0
hdr_00107.exr,0.961639,0
hdr_00108.exr,0.953718,0
hdr_00109.exr,0.947023,0
hdr_00110.exr,0.942753,0
hdr_00111.exr,0.939550,0
hdr_00112.exr,0.936231,0
hdr_00113.exr,0.934286,0
hdr_00114.exr,0.933023,0
hdr_00115.exr,0.931953,0
hdr_00116.exr,0.931891,0
hdr_00117.exr,0.932816,0
hdr_00118.exr,0.934027,0
hdr_00119.exr,0.935073,0
hdr_00120.exr,0.936046,0
hdr_00121.exr,0.936696,0
hdr_00122.exr,0.936868,0
hdr_00123.exr,0.937278,0
hdr_00124.exr,0.937482,0
hdr_00125.exr,0.937380,0
hdr_00126.exr,0.936896,0
hdr_00127.exr,0.935644,0
hdr_00128.exr,0.934051,0
hdr_00129.exr,0.932209,0
hdr_00130.exr,0.929524,0
hdr_00131.exr,0.926059,0
hdr_00132.exr,0.922840,0
hdr_00133.exr,0.919198,1
hdr_00134.exr,0.996660,0
hdr_00135.exr,0.990563,0
hdr_00136.exr,0.981833,0
hdr_00137.exr,0.972366,0
hdr_00138.exr,0.962936,0
hdr_00139.exr,0.953999,0
hdr_00140.exr,0.946860,0
hdr_00141.exr,0.939562,0
hdr_00142.exr,0.935809,0
hdr_00143.exr,0.931365,0
hdr_00144.exr,0.927709,0
hdr_00145.exr,0.924126,0
hdr_00146.exr,0.921615,0
hdr_00147.exr,0.919465,1
hdr_00148.exr,0.998780,0
hdr_00149.exr,0.997775,0
hdr_00150.exr,0.996339,0
hdr_00151.exr,0.994749,0
hdr_00152.exr,0.993232,0
hdr_00153.exr,0.992065,0
hdr_00154.exr,0.990854,0
hdr_00155.exr,0.989549,0
hdr_00156.exr,0.988383,0
hdr_00157.exr,0.987192,0
hdr_00158.exr,0.986465,0
hdr_00159.exr,0.985377,0
hdr_00160.exr,0.983939,0
hdr_00161.exr,0.982211,0
hdr_00162.exr,0.979484,0
hdr_00163.exr,0.976478,0
hdr_00164.exr,0.972601,0
hdr_00165.exr,0.968796,0
hdr_00166.exr,0.965364,0
hdr_00167.exr,0.961925,0
hdr_00168.exr,0.958612,0
hdr_00169.exr,0.955991,0
hdr_00170.exr,0.952753,0
hdr_00171.exr,0.949913,0
hdr_00172.exr,0.946429,0
hdr_00173.exr,0.943041,0
hdr_00174.exr,0.939448,0
hdr_00175.exr,0.935699,0
hdr_00176.exr,0.932395,0
hdr_00177.exr,0.929764,0
hdr_00178.exr,0.928080,0
hdr_00179.exr,0.925328,0
hdr_00180.exr,0.924432,0
hdr_00181.exr,0.925423,0
hdr_00182.exr,0.925549,0
hdr_00183.exr,0.924362,0
hdr_00184.exr,0.924037,0
hdr_00185.exr,0.923929,0
hdr_00186.exr,0.923915,0
hdr_00187.exr,0.924194,0
hdr_00188.exr,0.924465,0
hdr_00189.exr,0.924173,0
hdr_00190.exr,0.923604,0
hdr_00191.exr,0.922513,0
hdr_00192.exr,0.922029,0
hdr_00193.exr,0.920949,0
hdr_00194.exr,0.919925,1
hdr_00195.exr,0.998438,0
hdr_00196.exr,0.996405,0
hdr_00197.exr,0.994252,0
hdr_00198.exr,0.991982,0
hdr_00199.exr,0.990071,0
hdr_00200.exr,0.987701,0
hdr_00201.exr,0.081342,1
hdr_00202.exr,0.973509,0
hdr_00203.exr,0.935028,0
hdr_00204.exr,0.935028,0
hdr_00205.exr,0.902303,1
hdr_00206.exr,0.959298,0
hdr_00207.exr,0.895546,1
hdr_00208.exr,0.977566,0
hdr_00209.exr,0.935872,0
hdr_00210.exr,0.935872,0
hdr_00211.exr,0.901606,1
hdr_00212.exr,0.975679,0
hdr_00213.exr,0.927740,0
hdr_00214.exr,0.879632,1
hdr_00215.exr,0.962001,0
hdr_00216.exr,0.962001,0
hdr_00217.exr,0.910315,1
hdr_00218.exr,0.969321,0
hdr_00219.exr,0.915065,1
hdr_00220.exr,0.965882,0
hdr_00221.exr,0.914466,1
hdr_00222.exr,1.000000,0
hdr_00223.exr,0.963437,0
hdr_00224.exr,0.902180,1
hdr_00225.exr,0.957729,0
hdr_00226.exr,0.900972,1
hdr_00227.exr,0.949152,0
hdr_00228.exr,0.949152,0
hdr_00229.exr,0.880322,1
hdr_00230.exr,0.949049,0
hdr_00231.exr,0.870833,1
hdr_00232.exr,0.948471,0
hdr_00233.exr,0.871059,1
hdr_00234.exr,1.000000,0
hdr_00235.exr,0.939062,0
hdr_00236.exr,0.858447,1
hdr_00237.exr,0.929674,0
hdr_00238.exr,0.849301,1
hdr_00239.exr,0.931912,0
hdr_00240.exr,0.931912,0
hdr_00241.exr,0.841683,1
hdr_00242.exr,0.939305,0
hdr_00243.exr,0.858577,1
hdr_00244.exr,0.932101,0
hdr_00245.exr,0.858672,1
hdr_00246.exr,1.000000,0
hdr_00247.exr,0.931861,0
hdr_00248.exr,0.857761,1
hdr_00249.exr,0.939789,0
hdr_00250.exr,0.859303,1
hdr_00251.exr,0.940597,0
hdr_00252.exr,0.940597,0
hdr_00253.exr,0.860469,1
hdr_00254.exr,0.946306,0
hdr_00255.exr,0.871350,1
hdr_00256.exr,0.940374,0
hdr_00257.exr,0.857505,1
hdr_00258.exr,1.000000,0
hdr_00259.exr,0.947108,0
hdr_00260.exr,0.862213,1
hdr_00261.exr,0.942232,0
hdr_00262.exr,0.851617,1
hdr_00263.exr,0.934723,0
hdr_00264.exr,0.934723,0
hdr_00265.exr,0.841452,1
hdr_00266.exr,0.933609,0
hdr_00267.exr,0.847910,1
hdr_00268.exr,0.946044,0
hdr_00269.exr,0.857559,1
hdr_00270.exr,1.000000,0
hdr_00271.exr,0.951484,0
hdr_00272.exr,0.863369,1
hdr_00273.exr,0.943502,0
hdr_00274.exr,0.857909,1
hdr_00275.exr,0.957135,0
hdr_00276.exr,0.957135,0
hdr_00277.exr,0.888365,1
hdr_00278.exr,0.958413,0
hdr_00279.exr,0.881220,1
hdr_00280.exr,0.962345,0
hdr_00281.exr,0.887993,1
hdr_00282.exr,1.000000,0
hdr_00283.exr,0.958286,0
hdr_00284.exr,0.884129,1
hdr_00285.exr,0.959401,0
hdr_00286.exr,0.892567,1
hdr_00287.exr,0.959619,0
hdr_00288.exr,0.959619,0
hdr_00289.exr,0.900235,1
hdr_00290.exr,0.965952,0
hdr_00291.exr,0.913588,1
hdr_00292.exr,0.971042,0
hdr_00293.exr,0.919821,1
hdr_00294.exr,1.000000,0
hdr_00295.exr,0.973323,0
hdr_00296.exr,0.925701,0
hdr_00297.exr,0.882408,1
hdr_00298.exr,0.976074,0
hdr_00299.exr,0.932408,0
hdr_00300.exr,0.932408,0
hdr_00301.exr,0.890990,1
hdr_00302.exr,0.977069,0
hdr_00303.exr,0.933616,0
hdr_00304.exr,0.890673,1
hdr_00305.exr,0.975195,0
hdr_00306.exr,0.975195,0
hdr_00307.exr,0.931269,0
hdr_00308.exr,0.890841,1
hdr_00309.exr,0.977576,0
hdr_00310.exr,0.933907,0
hdr_00311.exr,0.887786,1
hdr_00312.exr,1.000000,0
hdr_00313.exr,0.980030,0
hdr_00314.exr,0.934129,0
hdr_00315.exr,0.885899,1
hdr_00316.exr,0.976298,0
hdr_00317.exr,0.933482,0
hdr_00318.exr,0.933482,0
hdr_00319.exr,0.891127,1
hdr_00320.exr,0.980133,0
hdr_00321.exr,0.941217,0
hdr_00322.exr,0.896542,1
hdr_00323.exr,0.977337,0
hdr_00324.exr,0.977337,0
hdr_00325.exr,0.941587,0
hdr_00326.exr,0.910107,1
hdr_00327.exr,0.984154,0
hdr_00328.exr,0.950139,0
hdr_00329.exr,0.910813,1
hdr_00330.exr,1.000000,0
hdr_00331.exr,0.977591,0
hdr_00332.exr,0.938202,0
hdr_00333.exr,0.905743,1
hdr_00334.exr,0.983873,0
hdr_00335.exr,0.946995,0
hdr_00336.exr,0.946995,0
hdr_00337.exr,0.902986,1
hdr_00338.exr,0.981219,0
hdr_00339.exr,0.949525,0
hdr_00340.exr,0.919588,1
hdr_00341.exr,0.977766,0
hdr_00342.exr,0.977766,0
hdr_00343.exr,0.940198,0
hdr_00344.exr,0.905740,1
hdr_00345.exr,0.985674,0
hdr_00346.exr,0.958290,0
hdr_00347.exr,0.930698,0
hdr_00348.exr,0.930698,0
hdr_00349.exr,0.905307,1
hdr_00350.exr,0.985308,0
hdr_00351.exr,0.961028,0
hdr_00352.exr,0.935721,0
hdr_00353.exr,0.914048,1
hdr_00354.exr,1.000000,0
hdr_00355.exr,0.992287,0
hdr_00356.exr,0.975642,0
hdr_00357.exr,0.956026,0
hdr_00358.exr,0.935438,0
hdr_00359.exr,0.911328,1
hdr_00360.exr,1.000000,0
hdr_00361.exr,0.986097,0
hdr_00362.exr,0.957125,0
hdr_00363.exr,0.928316,0
hdr_00364.exr,0.903370,1
hdr_00365.exr,0.988034,0
hdr_00366.exr,0.988034,0
hdr_00367.exr,0.962127,0
hdr_00368.exr,0.934719,0
hdr_00369.exr,0.913851,1
hdr_00370.exr,0.984377,0
hdr_00371.exr,0.956802,0
hdr_00372.exr,0.956802,0
hdr_00373.exr,0.931109,0
hdr_00374.exr,0.903918,1
hdr_00375.exr,0.986730,0
hdr_00376.exr,0.959863,0
hdr_00377.exr,0.931455,0
hdr_00378.exr,0.931455,0
hdr_00379.exr,0.902545,1
hdr_00380.exr,0.989557,0
hdr_00381.exr,0.968784,0
hdr_00382.exr,0.945289,0
hdr_00383.exr,0.921578,0
hdr_00384.exr,0.921578,0
hdr_00385.exr,0.903713,1
hdr_00386.exr,0.991853,0
hdr_00387.exr,0.976155,0
hdr_00388.exr,0.956245,0
hdr_00389.exr,0.936957,0
hdr_00390.exr,0.936957,0
hdr_00391.exr,0.918932,1
hdr_00392.exr,0.994427,0
hdr_00393.exr,0.979110,0
hdr_00394.exr,0.957778,0
hdr_00395.exr,0.934400,0
hdr_00396.exr,0.934400,0
hdr_00397.exr,0.912941,1
hdr_00398.exr,0.991845,0
hdr_00399.exr,0.972246,0
hdr_00400.exr,0.950537,0
hdr_00401.exr,0.933738,0
hdr_00402.exr,0.933738,0
hdr_00403.exr,0.915893,1
hdr_00404.exr,0.992770,0
hdr_00405.exr,0.978177,0
hdr_00406.exr,0.965097,0
hdr_00407.exr,0.952677,0
hdr_00408.exr,0.952677,0
hdr_00409.exr,0.942249,0
hdr_00410.exr,0.933725,0
hdr_00411.exr,0.925447,0
hdr_00412.exr,0.917086,1
hdr_00413.exr,0.997242,0
hdr_00414.exr,0.997242,0
hdr_00415.exr,0.989945,0
hdr_00416.exr,0.979757,0
hdr_00417.exr,0.968673,0
hdr_00418.exr,0.956695,0
hdr_00419.exr,0.943522,0
hdr_00420.exr,0.943522,0
hdr_00421.exr,0.930001,0
hdr_00422.exr,0.918923,1
hdr_00423.exr,0.995510,0
hdr_00424.exr,0.984157,0
hdr_00425.exr,0.970617,0
hdr_00426.exr,0.970617,0
hdr_00427.exr,0.957028,0
hdr_00428.exr,0.943679,0
hdr_00429.exr,0.931549,0
hdr_00430.exr,0.919751,1
hdr_00431.exr,0.995080,0
hdr_00432.exr,0.995080,0
hdr_00433.exr,0.984038,0
hdr_00434.exr,0.966830,0
hdr_00435.exr,0.952304,0
hdr_00436.exr,0.938075,0
hdr_00437.exr,0.927211,0
hdr_00438.exr,0.927211,0
hdr_00439.exr,0.919139,1
hdr_00440.exr,0.996698,0
hdr_00441.exr,0.987330,0
hdr_00442.exr,0.976164,0
hdr_00443.exr,0.965798,0
hdr_00444.exr,0.965798,0
hdr_00445.exr,0.956504,0
hdr_00446.exr,0.948463,0
hdr_00447.exr,0.939944,0
hdr_00448.exr,0.931436,0
hdr_00449.exr,0.922526,0
hdr_00450.exr,0.922526,0
hdr_00451.exr,0.916431,1
hdr_00452.exr,0.059442,1
hdr_00453.exr,0.999164,0
hdr_00454.exr,0.998700,0
hdr_00455.exr,0.997693,0
hdr_00456.exr,0.996352,0
hdr_00457.exr,0.995101,0
hdr_00458.exr,0.994073,0
hdr_00459.exr,0.992884,0
hdr_00460.exr,0.991539,0
hdr_00461.exr,0.989826,0
hdr_00462.exr,0.987613,0
hdr_00463.exr,0.985082,0
hdr_00464.exr,0.982523,0
hdr_00465.exr,0.980330,0
hdr_00466.exr,0.978669,0
hdr_00467.exr,0.977384,0
hdr_00468.exr,0.976439,0
hdr_00469.exr,0.975441,0
hdr_00470.exr,0.974157,0
hdr_00471.exr,0.972645,0
hdr_00472.exr,0.971320,0
hdr_00473.exr,0.970710,0
hdr_00474.exr,0.970619,0
hdr_00475.exr,0.970758,0
hdr_00476.exr,0.971201,0
hdr_00477.exr,0.971749,0
hdr_00478.exr,0.972380,0
hdr_00479.exr,0.973059,0
hdr_00480.exr,0.973662,0
hdr_00481.exr,0.973972,0
hdr_00482.exr,0.974239,0
hdr_00483.exr,0.973868,0
hdr_00484.exr,0.973318,0
hdr_00485.exr,0.972905,0
hdr_00486.exr,0.972745,0
hdr_00487.exr,0.972738,0
hdr_00488.exr,0.972336,0
hdr_00489.exr,0.971754,0
hdr_00490.exr,0.970837,0
hdr_00491.exr,0.969651,0
hdr_00492.exr,0.968348,0
hdr_00493.exr,0.967061,0
hdr_00494.exr,0.965690,0
hdr_00495.exr,0.964180,0
hdr_00496.exr,0.962421,0
hdr_00497.exr,0.960682,0
hdr_00498.exr,0.958682,0
hdr_00499.exr,0.956418,0
hdr_00500.exr,0.954021,0
hdr_00501.exr,0.950486,0
hdr_00502.exr,0.945127,0
hdr_00503.exr,0.939006,0
hdr_00504.exr,0.930385,0
hdr_00505.exr,0.923006,0
hdr_00506.exr,0.918447,1
hdr_00507.exr,0.996169,0
hdr_00508.exr,0.990795,0
hdr_00509.exr,0.985387,0
hdr_00510.exr,0.978840,0
hdr_00511.exr,0.970309,0
hdr_00512.exr,0.956845,0
hdr_00513.exr,0.935562,0
hdr_00514.exr,0.910704,1
hdr_00515.exr,0.980064,0
hdr_00516.exr,0.935528,0
hdr_00517.exr,0.900350,1
hdr_00518.exr,0.977543,0
hdr_00519.exr,0.933135,0
hdr_00520.exr,0.893681,1
hdr_00521.exr,0.970098,0
hdr_00522.exr,0.933477,0
hdr_00523.exr,0.906767,1
hdr_00524.exr,0.980081,0
hdr_00525.exr,0.947651,0
hdr_00526.exr,0.905234,1
hdr_00527.exr,0.974318,0
hdr_00528.exr,0.910409,1
hdr_00529.exr,0.961063,0
hdr_00530.exr,0.911690,1
hdr_00531.exr,0.973807,0
hdr_00532.exr,0.933450,0
hdr_00533.exr,0.894948,1
hdr_00534.exr,0.980910,0
hdr_00535.exr,0.948218,0
hdr_00536.exr,0.915414,1
hdr_00537.exr,0.979817,0
hdr_00538.exr,0.941627,0
hdr_00539.exr,0.896531,1
hdr_00540.exr,0.969437,0
hdr_00541.exr,0.910566,1
hdr_00542.exr,0.964351,0
hdr_00543.exr,0.914539,1
hdr_00544.exr,0.968291,0
hdr_00545.exr,0.914351,1
hdr_00546.exr,0.951575,0
hdr_00547.exr,0.897424,1
hdr_00548.exr,0.965055,0
hdr_00549.exr,0.921124,0
hdr_00550.exr,0.867985,1
hdr_00551.exr,0.964608,0
hdr_00552.exr,0.914459,1
hdr_00553.exr,0.975710,0
hdr_00554.exr,0.931344,0
hdr_00555.exr,0.892054,1
hdr_00556.exr,0.983265,0
hdr_00557.exr,0.948018,0
hdr_00558.exr,0.907073,1
hdr_00559.exr,0.983913,0
hdr_00560.exr,0.959598,0
hdr_00561.exr,0.923511,0
hdr_00562.exr,0.876455,1
hdr_00563.exr,0.981725,0
hdr_00564.exr,0.934868,0
hdr_00565.exr,0.872130,1
hdr_00566.exr,0.973798,0
hdr_00567.exr,0.903879,1
hdr_00568.exr,0.959101,0
hdr_00569.exr,0.866407,1
hdr_00570.exr,0.938799,0
hdr_00571.exr,0.844161,1
hdr_00572.exr,0.923727,0
hdr_00573.exr,0.823264,1
hdr_00574.exr,0.921375,0
hdr_00575.exr,0.798282,1
hdr_00576.exr,0.913324,1
hdr_00577.exr,0.920160,0
hdr_00578.exr,0.811672,1
hdr_00579.exr,0.913281,1
hdr_00580.exr,0.891697,1
hdr_00581.exr,0.888080,1
hdr_00582.exr,0.878886,1
hdr_00583.exr,0.867167,1
hdr_00584.exr,0.855642,1
hdr_00585.exr,0.833562,1
hdr_00586.exr,0.827688,1
hdr_00587.exr,0.833066,1
hdr_00588.exr,0.836745,1
hdr_00589.exr,0.836758,1
hdr_00590.exr,0.854024,1
hdr_00591.exr,0.861545,1
hdr_00592.exr,0.878998,1
hdr_00593.exr,0.885445,1
hdr_00594.exr,0.893707,1
hdr_00595.exr,0.896288,1
hdr_00596.exr,0.908168,1
hdr_00597.exr,0.911717,1
hdr_00598.exr,0.922685,0
hdr_00599.exr,0.822322,1
hdr_00600.exr,0.934079,0
hdr_00601.exr,0.848714,1
hdr_00602.exr,0.461363,1
hdr_00603.exr,0.998950,0
hdr_00604.exr,0.996367,0
hdr_00605.exr,0.992949,0
hdr_00606.exr,0.989905,0
hdr_00607.exr,0.986087,0
hdr_00608.exr,0.981779,0
hdr_00609.exr,0.978764,0
hdr_00610.exr,0.976329,0
hdr_00611.exr,0.974417,0
hdr_00612.exr,0.972706,0
hdr_00613.exr,0.970982,0
hdr_00614.exr,0.969286,0
hdr_00615.exr,0.967746,0
hdr_00616.exr,0.966441,0
hdr_00617.exr,0.965278,0
hdr_00618.exr,0.964425,0
hdr_00619.exr,0.963908,0
hdr_00620.exr,0.963397,0
hdr_00621.exr,0.963393,0
hdr_00622.exr,0.963615,0
hdr_00623.exr,0.964154,0
hdr_00624.exr,0.964828,0
hdr_00625.exr,0.965489,0
hdr_00626.exr,0.964976,0
hdr_00627.exr,0.964519,0
hdr_00628.exr,0.962526,0
hdr_00629.exr,0.958331,0
hdr_00630.exr,0.953180,0
hdr_00631.exr,0.948189,0
hdr_00632.exr,0.944944,0
hdr_00633.exr,0.942290,0
hdr_00634.exr,0.941826,0
hdr_00635.exr,0.941150,0
hdr_00636.exr,0.941215,0
hdr_00637.exr,0.940643,0
hdr_00638.exr,0.939923,0
hdr_00639.exr,0.937821,0
hdr_00640.exr,0.935848,0
hdr_00641.exr,0.934680,0
hdr_00642.exr,0.934964,0
hdr_00643.exr,0.935416,0
hdr_00644.exr,0.938063,0
hdr_00645.exr,0.939247,0
hdr_00646.exr,0.941340,0
hdr_00647.exr,0.942956,0
hdr_00648.exr,0.943412,0
hdr_00649.exr,0.941937,0
hdr_00650.exr,0.940815,0
hdr_00651.exr,0.938376,0
hdr_00652.exr,0.933840,0
hdr_00653.exr,0.929277,0
hdr_00654.exr,0.925071,0
hdr_00655.exr,0.921481,0
hdr_00656.exr,0.916784,1
hdr_00657.exr,0.997222,0
hdr_00658.exr,0.994199,0
hdr_00659.exr,0.990450,0
hdr_00660.exr,0.987593,0
hdr_00661.exr,0.982278,0
hdr_00662.exr,0.978302,0
hdr_00663.exr,0.969650,0
hdr_00664.exr,0.963286,0
hdr_00665.exr,0.957249,0
hdr_00666.exr,0.952907,0
hdr_00667.exr,0.948156,0
hdr_00668.exr,0.943619,0
hdr_00669.exr,0.939048,0
hdr_00670.exr,0.934544,0
hdr_00671.exr,0.932974,0
hdr_00672.exr,0.931415,0
hdr_00673.exr,0.931233,0
hdr_00674.exr,0.930365,0
hdr_00675.exr,0.928462,0
hdr_00676.exr,0.928848,0
hdr_00677.exr,0.927018,0
hdr_00678.exr,0.926429,0
hdr_00679.exr,0.925411,0
hdr_00680.exr,0.925774,0
hdr_00681.exr,0.925510,0
hdr_00682.exr,0.925665,0
hdr_00683.exr,0.926339,0
hdr_00684.exr,0.927491,0
hdr_00685.exr,0.930166,0
hdr_00686.exr,0.933198,0
hdr_00687.exr,0.936065,0
hdr_00688.exr,0.937794,0
hdr_00689.exr,0.939480,0
hdr_00690.exr,0.939941,0
hdr_00691.exr,0.937830,0
hdr_00692.exr,0.935080,0
hdr_00693.exr,0.933126,0
hdr_00694.exr,0.932128,0
hdr_00695.exr,0.931071,0
hdr_00696.exr,0.930308,0
hdr_00697.exr,0.928602,0
hdr_00698.exr,0.925601,0
hdr_00699.exr,0.926485,0
hdr_00700.exr,0.926598,0
hdr_00701.exr,0.926153,0
hdr_00702.exr,0.925227,0
hdr_00703.exr,0.924717,0
hdr_00704.exr,0.923970,0
hdr_00705.exr,0.921891,0
hdr_00706.exr,0.919027,1
hdr_00707.exr,0.999305,0
hdr_00708.exr,0.998384,0
hdr_00709.exr,0.997530,0
hdr_00710.exr,0.995998,0
hdr_00711.exr,0.992909,0
hdr_00712.exr,0.986469,0
hdr_00713.exr,0.979554,0
hdr_00714.exr,0.972471,0
hdr_00715.exr,0.965388,0
hdr_00716.exr,0.958872,0
hdr_00717.exr,0.954356,0
hdr_00718.exr,0.952401,0
hdr_00719.exr,0.951086,0
hdr_00720.exr,0.951628,0
hdr_00721.exr,0.952215,0
hdr_00722.exr,0.955424,0
hdr_00723.exr,0.953323,0
hdr_00724.exr,0.950461,0
hdr_00725.exr,0.948534,0
hdr_00726.exr,0.946425,0
hdr_00727.exr,0.943661,0
hdr_00728.exr,0.940974,0
hdr_00729.exr,0.937822,0
hdr_00730.exr,0.934040,0
hdr_00731.exr,0.928392,0
hdr_00732.exr,0.920027,0
hdr_00733.exr,0.914106,1
hdr_00734.exr,0.997331,0
hdr_00735.exr,0.993529,0
hdr_00736.exr,0.988939,0
hdr_00737.exr,0.984336,0
hdr_00738.exr,0.980993,0
hdr_00739.exr,0.978747,0
hdr_00740.exr,0.975297,0
hdr_00741.exr,0.970962,0
hdr_00742.exr,0.968618,0
hdr_00743.exr,0.967258,0
hdr_00744.exr,0.966522,0
hdr_00745.exr,0.965440,0
hdr_00746.exr,0.963599,0
hdr_00747.exr,0.960727,0
hdr_00748.exr,0.956738,0
hdr_00749.exr,0.953511,0
hdr_00750.exr,0.950607,0
hdr_00751.exr,0.948364,0
hdr_00752.exr,0.012329,1
hdr_00753.exr,1.000000,0
hdr_00754.exr,0.995697,0
hdr_00755.exr,0.993254,0
hdr_00756.exr,0.986362,0
hdr_00757.exr,0.977521,0
hdr_00758.exr,0.970913,0
hdr_00759.exr,0.964275,0
hdr_00760.exr,0.958197,0
hdr_00761.exr,0.947395,0
hdr_00762.exr,0.944565,0
hdr_00763.exr,0.937635,0
hdr_00764.exr,0.922089,0
hdr_00765.exr,0.903937,1
hdr_00766.exr,0.995894,0
hdr_00767.exr,0.980861,0
hdr_00768.exr,0.967718,0
hdr_00769.exr,0.947351,0
hdr_00770.exr,0.931578,0
hdr_00771.exr,0.917452,1
hdr_00772.exr,0.995442,0
hdr_00773.exr,0.983348,0
hdr_00774.exr,0.969838,0
hdr_00775.exr,0.953247,0
hdr_00776.exr,0.925408,0
hdr_00777.exr,0.857493,1
hdr_00778.exr,0.943096,0
hdr_00779.exr,0.780305,1
hdr_00780.exr,0.904654,1
hdr_00781.exr,0.898408,1
hdr_00782.exr,0.910295,1
hdr_00783.exr,0.901584,1
hdr_00784.exr,0.918184,1
hdr_00785.exr,0.917617,1
hdr_00786.exr,0.918029,1
hdr_00787.exr,0.928911,0
hdr_00788.exr,0.788480,1
hdr_00789.exr,0.937145,0
hdr_00790.exr,0.816419,1
hdr_00791.exr,0.952028,0
hdr_00792.exr,0.846795,1
hdr_00793.exr,0.960537,0
hdr_00794.exr,0.878091,1
hdr_00795.exr,0.971424,0
hdr_00796.exr,0.896142,1
hdr_00797.exr,0.975513,0
hdr_00798.exr,0.908586,1
hdr_00799.exr,0.970679,0
hdr_00800.exr,0.904188,1
hdr_00801.exr,0.968595,0
hdr_00802.exr,0.889023,1
hdr_00803.exr,0.970854,0
hdr_00804.exr,0.905465,1
hdr_00805.exr,0.972560,0
hdr_00806.exr,0.905381,1
hdr_00807.exr,0.968070,0
hdr_00808.exr,0.881921,1
hdr_00809.exr,0.965731,0
hdr_00810.exr,0.883246,1
hdr_00811.exr,0.966102,0
hdr_00812.exr,0.887640,1
hdr_00813.exr,0.973326,0
hdr_00814.exr,0.917936,1
hdr_00815.exr,0.980407,0
hdr_00816.exr,0.936523,0
hdr_00817.exr,0.884966,1
hdr_00818.exr,0.982596,0
hdr_00819.exr,0.933361,0
hdr_00820.exr,0.874398,1
hdr_00821.exr,0.983971,0
hdr_00822.exr,0.946969,0
hdr_00823.exr,0.896375,1
hdr_00824.exr,0.986996,0
hdr_00825.exr,0.948679,0
hdr_00826.exr,0.887921,1
hdr_00827.exr,0.977753,0
hdr_00828.exr,0.927236,0
hdr_00829.exr,0.856965,1
hdr_00830.exr,0.971098,0
hdr_00831.exr,0.906409,1
hdr_00832.exr,0.970621,0
hdr_00833.exr,0.889224,1
hdr_00834.exr,0.970522,0
hdr_00835.exr,0.892402,1
hdr_00836.exr,0.962532,0
hdr_00837.exr,0.882267,1
hdr_00838.exr,0.963161,0
hdr_00839.exr,0.888109,1
hdr_00840.exr,0.967996,0
hdr_00841.exr,0.905701,1
hdr_00842.exr,0.966021,0
hdr_00843.exr,0.891214,1
hdr_00844.exr,0.960822,0
hdr_00845.exr,0.885172,1
hdr_00846.exr,0.945988,0
hdr_00847.exr,0.841266,1
hdr_00848.exr,0.941323,0
hdr_00849.exr,0.828713,1
hdr_00850.exr,0.946848,0
hdr_00851.exr,0.837086,1
hdr_00852.exr,0.932235,0
hdr_00853.exr,0.806642,1
hdr_00854.exr,0.939012,0
hdr_00855.exr,0.787273,1
hdr_00856.exr,0.924005,0
hdr_00857.exr,0.795559,1
hdr_00858.exr,0.942844,0
hdr_00859.exr,0.830262,1
hdr_00860.exr,0.943703,0
hdr_00861.exr,0.840762,1
hdr_00862.exr,0.951185,0
hdr_00863.exr,0.846705,1
hdr_00864.exr,0.949838,0
hdr_00865.exr,0.851523,1
hdr_00866.exr,0.958607,0
hdr_00867.exr,0.870223,1
hdr_00868.exr,0.947646,0
hdr_00869.exr,0.844544,1
hdr_00870.exr,0.948677,0
hdr_00871.exr,0.857278,1
hdr_00872.exr,0.948865,0
hdr_00873.exr,0.845094,1
hdr_00874.exr,0.958314,0
hdr_00875.exr,0.875878,1
hdr_00876.exr,0.966472,0
hdr_00877.exr,0.886018,1
hdr_00878.exr,0.970606,0
hdr_00879.exr,0.898791,1
hdr_00880.exr,0.971269,0
hdr_00881.exr,0.897514,1
hdr_00882.exr,0.969941,0
hdr_00883.exr,0.909480,1
hdr_00884.exr,0.976137,0
hdr_00885.exr,0.918742,1
hdr_00886.exr,0.979851,0
hdr_00887.exr,0.927896,0
hdr_00888.exr,0.848088,1
hdr_00889.exr,0.978859,0
hdr_00890.exr,0.921517,0
hdr_00891.exr,0.852840,1
hdr_00892.exr,0.978880,0
hdr_00893.exr,0.921453,0
hdr_00894.exr,0.840192,1
hdr_00895.exr,0.972771,0
hdr_00896.exr,0.902726,1
hdr_00897.exr,0.961449,0
hdr_00898.exr,0.863793,1
hdr_00899.exr,0.960816,0
hdr_00900.exr,0.872367,1
hdr_00901.exr,0.959592,0
hdr_00902.exr,0.857639,1
hdr_00903.exr,0.956251,0
hdr_00904.exr,0.855452,1
hdr_00905.exr,0.951836,0
hdr_00906.exr,0.820167,1
hdr_00907.exr,0.950260,0
hdr_00908.exr,0.839023,1
hdr_00909.exr,0.946315,0
hdr_00910.exr,0.841573,1
hdr_00911.exr,0.960413,0
hdr_00912.exr,0.865897,1
hdr_00913.exr,0.964422,0
hdr_00914.exr,0.884175,1
hdr_00915.exr,0.971689,0
hdr_00916.exr,0.905566,1
hdr_00917.exr,0.967854,0
hdr_00918.exr,0.894889,1
hdr_00919.exr,0.970204,0
hdr_00920.exr,0.902548,1
hdr_00921.exr,0.970579,0
hdr_00922.exr,0.894593,1
hdr_00923.exr,0.968080,0
hdr_00924.exr,0.895806,1
hdr_00925.exr,0.968750,0
hdr_00926.exr,0.885123,1
hdr_00927.exr,0.965257,0
hdr_00928.exr,0.879946,1
hdr_00929.exr,0.964194,0
hdr_00930.exr,0.878273,1
hdr_00931.exr,0.963688,0
hdr_00932.exr,0.877590,1
hdr_00933.exr,0.958201,0
hdr_00934.exr,0.879109,1
hdr_00935.exr,0.951416,0
hdr_00936.exr,0.867653,1
hdr_00937.exr,0.956206,0
hdr_00938.exr,0.879331,1
hdr_00939.exr,0.956573,0
hdr_00940.exr,0.884100,1
hdr_00941.exr,0.962375,0
hdr_00942.exr,0.895402,1
hdr_00943.exr,0.960539,0
hdr_00944.exr,0.882015,1
hdr_00945.exr,0.956391,0
hdr_00946.exr,0.889039,1
hdr_00947.exr,0.959519,0
hdr_00948.exr,0.883508,1
hdr_00949.exr,0.958564,0
hdr_00950.exr,0.882466,1
hdr_00951.exr,0.965930,0
hdr_00952.exr,0.908811,1
hdr_00953.exr,0.967682,0
hdr_00954.exr,0.909978,1
hdr_00955.exr,0.971182,0
hdr_00956.exr,0.920539,0
hdr_00957.exr,0.862635,1
hdr_00958.exr,0.973155,0
hdr_00959.exr,0.913234,1
hdr_00960.exr,0.971475,0
hdr_00961.exr,0.916827,1
hdr_00962.exr,0.972991,0
hdr_00963.exr,0.912665,1
hdr_00964.exr,0.961478,0
hdr_00965.exr,0.888903,1
hdr_00966.exr,0.963610,0
hdr_00967.exr,0.882173,1
hdr_00968.exr,0.961354,0
hdr_00969.exr,0.868666,1
hdr_00970.exr,0.962414,0
hdr_00971.exr,0.881034,1
hdr_00972.exr,0.961141,0
hdr_00973.exr,0.874401,1
hdr_00974.exr,0.970713,0
hdr_00975.exr,0.902592,1
hdr_00976.exr,0.973698,0
hdr_00977.exr,0.912242,1
hdr_00978.exr,0.977503,0
hdr_00979.exr,0.929807,0
hdr_00980.exr,0.871345,1
hdr_00981.exr,0.982745,0
hdr_00982.exr,0.940536,0
hdr_00983.exr,0.881448,1
hdr_00984.exr,0.979972,0
hdr_00985.exr,0.936027,0
hdr_00986.exr,0.880195,1
hdr_00987.exr,0.981050,0
hdr_00988.exr,0.936741,0
hdr_00989.exr,0.870029,1
hdr_00990.exr,0.974480,0
hdr_00991.exr,0.915662,1
hdr_00992.exr,0.963192,0
hdr_00993.exr,0.888093,1
hdr_00994.exr,0.968917,0
hdr_00995.exr,0.890363,1
hdr_00996.exr,0.973571,0
hdr_00997.exr,0.907102,1
hdr_00998.exr,0.973437,0
hdr_00999.exr,0.902565,1
hdr_01000.exr,0.962110,0
hdr_01001.exr,0.897040,1
hdr_01002.exr,0.968664,0
hdr_01003.exr,0.892451,1
hdr_01004.exr,0.960229,0
hdr_01005.exr,0.872904,1
hdr_01006.exr,0.956492,0
hdr_01007.exr,0.868088,1
hdr_01008.exr,0.938030,0
hdr_01009.exr,0.820761,1
hdr_01010.exr,0.943814,0
hdr_01011.exr,0.833217,1
hdr_01012.exr,0.945204,0
hdr_01013.exr,0.846031,1
hdr_01014.exr,0.953479,0
hdr_01015.exr,0.857115,1
hdr_01016.exr,0.941607,0
hdr_01017.exr,0.844793,1
hdr_01018.exr,0.944906,0
hdr_01019.exr,0.839178,1
hdr_01020.exr,0.936849,0
hdr_01021.exr,0.827324,1
hdr_01022.exr,0.942753,0
hdr_01023.exr,0.823358,1
hdr_01024.exr,0.925086,0
hdr_01025.exr,0.806368,1
hdr_01026.exr,0.927811,0
hdr_01027.exr,0.815903,1
hdr_01028.exr,0.941749,0
hdr_01029.exr,0.834135,1
hdr_01030.exr,0.947339,0
hdr_01031.exr,0.851704,1
hdr_01032.exr,0.954335,0
hdr_01033.exr,0.840176,1
hdr_01034.exr,0.957943,0
hdr_01035.exr,0.879156,1
hdr_01036.exr,0.938194,0
hdr_01037.exr,0.864404,1
hdr_01038.exr,0.956536,0
hdr_01039.exr,0.864602,1
hdr_01040.exr,0.954744,0
hdr_01041.exr,0.872161,1
hdr_01042.exr,0.952710,0
hdr_01043.exr,0.856590,1
hdr_01044.exr,0.957843,0
hdr_01045.exr,0.857510,1
hdr_01046.exr,0.955734,0
hdr_01047.exr,0.866367,1
hdr_01048.exr,0.960095,0
hdr_01049.exr,0.878104,1
hdr_01050.exr,0.962048,0
hdr_01051.exr,0.877481,1
hdr_01052.exr,0.966325,0
hdr_01053.exr,0.092434,1
hdr_01054.exr,0.996754,0
hdr_01055.exr,0.987899,0
hdr_01056.exr,0.974995,0
hdr_01057.exr,0.960151,0
hdr_01058.exr,0.942719,0
hdr_01059.exr,0.922474,0
hdr_01060.exr,0.899135,1
hdr_01061.exr,0.989714,0
hdr_01062.exr,0.967852,0
hdr_01063.exr,0.942466,0
hdr_01064.exr,0.923014,0
hdr_01065.exr,0.905458,1
hdr_01066.exr,0.995321,0
hdr_01067.exr,0.985812,0
hdr_01068.exr,0.973412,0
hdr_01069.exr,0.955709,0
hdr_01070.exr,0.936479,0
hdr_01071.exr,0.918277,1
hdr_01072.exr,0.995332,0
hdr_01073.exr,0.982341,0
hdr_01074.exr,0.967409,0
hdr_01075.exr,0.949850,0
hdr_01076.exr,0.931383,0
hdr_01077.exr,0.912114,1
hdr_01078.exr,0.990908,0
hdr_01079.exr,0.970455,0
hdr_01080.exr,0.948361,0
hdr_01081.exr,0.931076,0
hdr_01082.exr,0.914054,1
hdr_01083.exr,0.993259,0
hdr_01084.exr,0.977360,0
hdr_01085.exr,0.959528,0
hdr_01086.exr,0.937532,0
hdr_01087.exr,0.916131,1
hdr_01088.exr,0.991828,0
hdr_01089.exr,0.972588,0
hdr_01090.exr,0.951200,0
hdr_01091.exr,0.932833,0
hdr_01092.exr,0.912907,1
hdr_01093.exr,0.992785,0
hdr_01094.exr,0.975370,0
hdr_01095.exr,0.955225,0
hdr_01096.exr,0.929867,0
hdr_01097.exr,0.900810,1
hdr_01098.exr,0.989058,0
hdr_01099.exr,0.961432,0
hdr_01100.exr,0.925485,0
hdr_01101.exr,0.883856,1
hdr_01102.exr,0.985874,0
hdr_01103.exr,0.949448,0
hdr_01104.exr,0.907772,1
hdr_01105.exr,0.985829,0
hdr_01106.exr,0.948542,0
hdr_01107.exr,0.900090,1
hdr_01108.exr,0.970946,0
hdr_01109.exr,0.918218,1
hdr_01110.exr,0.977614,0
hdr_01111.exr,0.936203,0
hdr_01112.exr,0.887718,1
hdr_01113.exr,0.974946,0
hdr_01114.exr,0.920344,0
hdr_01115.exr,0.868457,1
hdr_01116.exr,0.970791,0
hdr_01117.exr,0.923825,0
hdr_01118.exr,0.879474,1
hdr_01119.exr,0.983370,0
hdr_01120.exr,0.944854,0
hdr_01121.exr,0.897807,1
hdr_01122.exr,0.978301,0
hdr_01123.exr,0.939525,0
hdr_01124.exr,0.892838,1
hdr_01125.exr,0.971061,0
hdr_01126.exr,0.916897,1
hdr_01127.exr,0.969581,0
hdr_01128.exr,0.915850,1
hdr_01129.exr,0.966292,0
hdr_01130.exr,0.896579,1
hdr_01131.exr,0.968409,0
hdr_01132.exr,0.909883,1
hdr_01133.exr,0.970479,0
hdr_01134.exr,0.899569,1
hdr_01135.exr,0.952867,0
hdr_01136.exr,0.866972,1
hdr_01137.exr,0.946627,0
hdr_01138.exr,0.845013,1
hdr_01139.exr,0.938851,0
hdr_01140.exr,0.829479,1
hdr_01141.exr,0.929317,0
hdr_01142.exr,0.803266,1
hdr_01143.exr,0.926360,0
hdr_01144.exr,0.829611,1
hdr_01145.exr,0.940357,0
hdr_01146.exr,0.838145,1
hdr_01147.exr,0.928766,0
hdr_01148.exr,0.824752,1
hdr_01149.exr,0.919584,1
hdr_01150.exr,0.913119,1
hdr_01151.exr,0.897515,1
hdr_01152.exr,0.888481,1
hdr_01153.exr,0.880970,1
hdr_01154.exr,0.905724,1
hdr_01155.exr,0.914210,1
hdr_01156.exr,0.908423,1
hdr_01157.exr,0.912658,1
hdr_01158.exr,0.904048,1
hdr_01159.exr,0.882694,1
hdr_01160.exr,0.891101,1
hdr_01161.exr,0.898784,1
hdr_01162.exr,0.904187,1
hdr_01163.exr,0.910224,1
hdr_01164.exr,0.923930,0
hdr_01165.exr,0.821682,1
hdr_01166.exr,0.920949,0
hdr_01167.exr,0.800513,1
hdr_01168.exr,0.924304,0
hdr_01169.exr,0.809441,1
hdr_01170.exr,0.906978,1
hdr_01171.exr,0.911316,1
hdr_01172.exr,0.915319,1
hdr_01173.exr,0.895817,1
hdr_01174.exr,0.882018,1
hdr_01175.exr,0.868163,1
hdr_01176.exr,0.889844,1
hdr_01177.exr,0.905309,1
hdr_01178.exr,0.909282,1
hdr_01179.exr,0.910323,1
hdr_01180.exr,0.912890,1
hdr_01181.exr,0.917484,1
hdr_01182.exr,0.887842,1
hdr_01183.exr,0.883943,1
hdr_01184.exr,0.887463,1
hdr_01185.exr,0.864989,1
hdr_01186.exr,0.859501,1
hdr_01187.exr,0.853519,1
hdr_01188.exr,0.843932,1
hdr_01189.exr,0.849783,1
hdr_01190.exr,0.859975,1
hdr_01191.exr,0.893260,1
hdr_01192.exr,0.907200,1
hdr_01193.exr,0.957101,0
hdr_01194.exr,0.930401,0
hdr_01195.exr,0.907278,1
hdr_01196.exr,0.963813,0
hdr_01197.exr,0.912867,1
hdr_01198.exr,0.935047,0
hdr_01199.exr,0.884820,1
hdr_01200.exr,0.929225,0
hdr_01201.exr,0.874239,1
hdr_01202.exr,0.964981,0
hdr_01203.exr,0.918364,1
hdr_01204.exr,0.959481,0
hdr_01205.exr,0.910784,1
hdr_01206.exr,0.949745,0
hdr_01207.exr,0.893490,1
hdr_01208.exr,0.940957,0
hdr_01209.exr,0.898827,1
hdr_01210.exr,0.966662,0
hdr_01211.exr,0.932894,0
hdr_01212.exr,0.908550,1
hdr_01213.exr,0.969916,0
hdr_01214.exr,0.907179,1
hdr_01215.exr,0.985475,0
hdr_01216.exr,0.969430,0
hdr_01217.exr,0.957589,0
hdr_01218.exr,0.953139,0
hdr_01219.exr,0.948958,0
hdr_01220.exr,0.944890,0
hdr_01221.exr,0.942755,0
hdr_01222.exr,0.939288,0
hdr_01223.exr,0.936993,0
hdr_01224.exr,0.935127,0
hdr_01225.exr,0.933592,0
hdr_01226.exr,0.929094,0
hdr_01227.exr,0.920794,0
hdr_01228.exr,0.912601,1
hdr_01229.exr,0.997405,0
hdr_01230.exr,0.990356,0
hdr_01231.exr,0.982831,0
hdr_01232.exr,0.977616,0
hdr_01233.exr,0.973925,0
hdr_01234.exr,0.970650,0
hdr_01235.exr,0.967830,0
hdr_01236.exr,0.964604,0
hdr_01237.exr,0.961312,0
hdr_01238.exr,0.958042,0
hdr_01239.exr,0.953841,0
hdr_01240.exr,0.950105,0
hdr_01241.exr,0.945842,0
hdr_01242.exr,0.941923,0
hdr_01243.exr,0.936192,0
hdr_01244.exr,0.927596,0
hdr_01245.exr,0.919231,1
hdr_01246.exr,0.996233,0
hdr_01247.exr,0.986027,0
hdr_01248.exr,0.972759,0
hdr_01249.exr,0.958772,0
hdr_01250.exr,0.942110,0
hdr_01251.exr,0.928479,0
hdr_01252.exr,0.916573,1
hdr_01253.exr,0.990177,0
hdr_01254.exr,0.968918,0
hdr_01255.exr,0.943849,0
hdr_01256.exr,0.922498,0
hdr_01257.exr,0.899709,1
hdr_01258.exr,0.986003,0
hdr_01259.exr,0.959079,0
hdr_01260.exr,0.929293,0
hdr_01261.exr,0.898582,1
hdr_01262.exr,0.977281,0
hdr_01263.exr,0.932404,0
hdr_01264.exr,0.897436,1
hdr_01265.exr,0.976014,0
hdr_01266.exr,0.936231,0
hdr_01267.exr,0.894633,1
hdr_01268.exr,0.975483,0
hdr_01269.exr,0.927076,0
hdr_01270.exr,0.866145,1
hdr_01271.exr,0.937797,0
hdr_01272.exr,0.843982,1
hdr_01273.exr,0.949313,0
hdr_01274.exr,0.886620,1
hdr_01275.exr,0.955623,0
hdr_01276.exr,0.891484,1
hdr_01277.exr,0.953474,0
hdr_01278.exr,0.900844,1
hdr_01279.exr,0.957621,0
hdr_01280.exr,0.904781,1
hdr_01281.exr,0.959560,0
hdr_01282.exr,0.901572,1
hdr_01283.exr,0.953312,0
hdr_01284.exr,0.897510,1
hdr_01285.exr,0.956972,0
hdr_01286.exr,0.913141,1
hdr_01287.exr,0.946249,0
hdr_01288.exr,0.914436,1
hdr_01290.exr,0.130294,1
hdr_01292.exr,0.124722,1
hdr_01293.exr,0.108575,1
hdr_01296.exr,0.069376,1
hdr_01297.exr,0.092241,1
hdr_01298.exr,0.069554,1
hdr_01299.exr,0.096982,1
hdr_01300.exr,0.321940,1
hdr_01301.exr,0.344594,1
hdr_01302.exr,0.170441,1
hdr_01303.exr,0.118015,1
hdr_01304.exr,0.140069,1
hdr_01305.exr,0.208772,1
hdr_01306.exr,0.269819,1
hdr_01307.exr,0.166082,1
hdr_01308.exr,0.364378,1
hdr_01309.exr,0.391774,1
hdr_01310.exr,0.133298,1
hdr_01312.exr,0.126318,1
hdr_01313.exr,0.105062,1
hdr_01314.exr,0.142119,1
hdr_01315.exr,0.136756,1
hdr_01316.exr,0.128248,1
hdr_01317.exr,0.130388,1
hdr_01318.exr,0.141762,1
hdr_01319.exr,0.035220,1
hdr_01321.exr,0.101353,1
hdr_01322.exr,0.106967,1
hdr_01323.exr,0.091936,1
hdr_01324.exr,0.113175,1
hdr_01325.exr,0.114516,1
hdr_01326.exr,0.086252,1
hdr_01327.exr,0.106671,1
hdr_01328.exr,0.329734,1
hdr_01329.exr,0.102129,1
hdr_01330.exr,0.084378,1
hdr_01331.exr,0.128926,1
hdr_01332.exr,0.405335,1
hdr_01334.exr,0.094466,1
hdr_01335.exr,0.229576,1
hdr_01336.exr,0.088658,1
hdr_01337.exr,0.093595,1
hdr_01339.exr,0.187558,1
hdr_01340.exr,0.164971,1
hdr_01341.exr,0.072267,1
hdr_01342.exr,0.119055,1
hdr_01343.exr,0.075200,1
hdr_01344.exr,0.076489,1
hdr_01346.exr,0.153101,1
hdr_01347.exr,0.306276,1
hdr_01348.exr,0.692367,1
hdr_01349.exr,0.143715,1
hdr_01350.exr,0.093011,1
hdr_01351.exr,0.076314,1
hdr_01352.exr,0.062298,1
hdr_01353.exr,0.208829,1
hdr_01354.exr,0.109361,1
hdr_01355.exr,0.109466,1
hdr_01356.exr,0.114888,1
hdr_01357.exr,0.132509,1
hdr_01358.exr,0.126579,1
hdr_01359.exr,0.155348,1
hdr_01360.exr,0.104796,1
hdr_01361.exr,0.152751,1
hdr_01362.exr,0.128696,1
hdr_01363.exr,0.142889,1
hdr_01364.exr,0.060137,1
hdr_01365.exr,0.152677,1
hdr_01366.exr,0.089991,1
hdr_01367.exr,0.072113,1
hdr_01368.exr,0.168469,1
hdr_01369.exr,0.134452,1
hdr_01370.exr,0.183931,1
hdr_01371.exr,0.203926,1
hdr_01372.exr,0.074961,1
hdr_01373.exr,0.052920,1
hdr_01375.exr,0.044054,1
hdr_01376.exr,0.042376,1
hdr_01377.exr,0.090297,1
hdr_01378.exr,0.089453,1
hdr_01379.exr,0.046375,1
hdr_01381.exr,0.118747,1
hdr_01382.exr,0.174062,1
hdr_01383.exr,0.069860,1
hdr_01384.exr,0.087312,1
hdr_01385.exr,0.074658,1
hdr_01387.exr,0.030249,1
hdr_01388.exr,0.034053,1
hdr_01389.exr,0.137549,1
hdr_01390.exr,0.118849,1
hdr_01391.exr,0.115217,1
hdr_01392.exr,0.144014,1
hdr_01393.exr,0.255361,1
hdr_01395.exr,0.255232,1
hdr_01396.exr,0.091024,1
hdr_01397.exr,0.581476,1
hdr_01398.exr,0.169235,1
hdr_01399.exr,0.201526,1
hdr_01400.exr,0.093715,1
hdr_01401.exr,0.160935,1
hdr_01402.exr,0.087508,1
hdr_01404.exr,0.102473,1
hdr_01405.exr,0.316499,1
hdr_01406.exr,0.131692,1
hdr_01407.exr,0.136946,1
hdr_01408.exr,0.285324,1
hdr_01409.exr,0.148286,1
hdr_01410.exr,0.078008,1
hdr_01411.exr,0.985814,0
hdr_01412.exr,0.134841,1
hdr_01413.exr,0.180419,1
hdr_01415.exr,0.168472,1
hdr_01417.exr,0.110761,1
hdr_01418.exr,0.088485,1
hdr_01419.exr,0.168943,1
hdr_01420.exr,0.138122,1
hdr_01421.exr,0.045051,1
hdr_01422.exr,0.087011,1
hdr_01423.exr,0.143056,1
hdr_01424.exr,0.057485,1
hdr_01425.exr,0.066622,1
hdr_01426.exr,0.088682,1
hdr_01427.exr,0.056233,1
hdr_01428.exr,0.138418,1
hdr_01429.exr,0.080785,1
hdr_01430.exr,0.596077,1
hdr_01431.exr,0.035243,1
hdr_01432.exr,0.056012,1
hdr_01433.exr,0.103155,1
hdr_01434.exr,0.169518,1
hdr_01435.exr,0.266436,1
hdr_01436.exr,0.275782,1
hdr_01438.exr,0.202589,1
hdr_01439.exr,0.075748,1
hdr_01440.exr,0.210437,1
hdr_01441.exr,0.109576,1
hdr_01442.exr,0.456047,1
hdr_01444.exr,0.056023,1
hdr_01446.exr,0.162014,1
hdr_01447.exr,0.074038,1
hdr_01448.exr,0.037355,1
hdr_01449.exr,0.105826,1
hdr_01450.exr,0.083366,1
hdr_01451.exr,0.080385,1
hdr_01452.exr,0.065408,1
hdr_01453.exr,0.082340,1
hdr_01454.exr,0.275033,1
hdr_01455.exr,0.147494,1
hdr_01456.exr,0.211720,1
hdr_01457.exr,0.100355,1
hdr_01458.exr,0.176730,1
hdr_01459.exr,0.267912,1
hdr_01460.exr,0.151964,1
hdr_01461.exr,0.109332,1
hdr_01462.exr,0.117851,1
hdr_01463.exr,0.115913,1
hdr_01465.exr,0.130163,1
hdr_01466.exr,0.115562,1
hdr_01467.exr,0.053697,1
hdr_01468.exr,0.070308,1
hdr_01469.exr,0.063329,1
hdr_01470.exr,0.946828,0
hdr_01471.exr,0.141943,1
hdr_01472.exr,0.191910,1
hdr_01473.exr,0.161935,1
hdr_01474.exr,0.355244,1
hdr_01475.exr,0.085944,1
hdr_01476.exr,0.085566,1
hdr_01477.exr,0.195039,1
hdr_01478.exr,0.185433,1
hdr_01479.exr,0.183802,1
hdr_01480.exr,0.076816,1
hdr_01481.exr,0.045936,1
hdr_01482.exr,0.135386,1
hdr_01484.exr,0.107432,1
hdr_01485.exr,0.098266,1
hdr_01487.exr,0.150540,1
hdr_01488.exr,0.127861,1
hdr_01489.exr,0.081987,1
hdr_01490.exr,0.164926,1
hdr_01491.exr,0.171112,1
hdr_01494.exr,0.074072,1
hdr_01495.exr,0.192874,1
hdr_01496.exr,0.101096,1
hdr_01497.exr,0.083495,1
hdr_01498.exr,0.125396,1
hdr_01499.exr,0.084055,1
hdr_01500.exr,0.369769,1
hdr_01501.exr,0.145399,1
hdr_01502.exr,0.207739,1
hdr_01503.exr,0.172699,1
hdr_01505.exr,0.090972,1
hdr_01506.exr,0.023129,1
hdr_01507.exr,0.040603,1
hdr_01509.exr,0.121842,1
hdr_01510.exr,0.101070,1
hdr_01512.exr,0.096643,1
hdr_01513.exr,0.164379,1
hdr_01514.exr,0.112357,1
hdr_01515.exr,0.216113,1
hdr_01516.exr,0.287702,1
hdr_01517.exr,0.125887,1
hdr_01518.exr,0.241718,1
hdr_01519.exr,0.181107,1
hdr_01520.exr,0.111979,1
hdr_01521.exr,0.100845,1
hdr_01522.exr,0.010205,1
hdr_01525.exr,0.114791,1
hdr_01526.exr,0.114943,1
hdr_01527.exr,0.092030,1
hdr_01528.exr,0.035507,1
hdr_01529.exr,0.071608,1
hdr_01530.exr,0.065223,1
hdr_01531.exr,0.103690,1
hdr_01532.exr,0.048598,1
hdr_01533.exr,0.056797,1
hdr_01534.exr,0.099835,1
hdr_01535.exr,0.105303,1
hdr_01536.exr,0.187081,1
hdr_01538.exr,0.247634,1
hdr_01540.exr,0.425382,1
hdr_01541.exr,0.135524,1
hdr_01542.exr,0.045278,1
hdr_01543.exr,0.231998,1
hdr_01545.exr,0.102684,1
hdr_01546.exr,0.173201,1
hdr_01547.exr,0.128439,1
hdr_01548.exr,0.049049,1
hdr_01549.exr,0.137117,1
hdr_01550.exr,0.204478,1
hdr_01551.exr,0.140432,1
hdr_01552.exr,0.141390,1
hdr_01553.exr,0.112642,1
hdr_01554.exr,0.193574,1
hdr_01555.exr,0.090904,1
hdr_01556.exr,0.112875,1
hdr_01557.exr,0.127371,1
hdr_01558.exr,0.068193,1
hdr_01559.exr,0.154001,1
hdr_01560.exr,0.138321,1
hdr_01561.exr,0.072982,1
hdr_01562.exr,0.074172,1
hdr_01563.exr,0.110485,1
hdr_01564.exr,0.096746,1
hdr_01565.exr,0.023812,1
hdr_01566.exr,0.181608,1
hdr_01567.exr,0.356825,1
hdr_01568.exr,0.239944,1
hdr_01569.exr,0.183496,1
hdr_01570.exr,0.168886,1
hdr_01572.exr,0.149519,1
hdr_01573.exr,0.172403,1
hdr_01574.exr,0.346916,1
hdr_01575.exr,0.060605,1
hdr_01576.exr,0.190332,1
hdr_01577.exr,0.117844,1
hdr_01578.exr,0.116839,1
hdr_01579.exr,0.096098,1
hdr_01580.exr,0.248331,1
hdr_01581.exr,0.201046,1
hdr_01582.exr,0.188434,1
hdr_01584.exr,0.456233,1
hdr_01585.exr,0.074927,1
hdr_01587.exr,0.201043,1
hdr_01588.exr,0.074074,1
hdr_01589.exr,0.117267,1
hdr_01590.exr,0.917038,1
hdr_01591.exr,0.232284,1
hdr_01593.exr,0.116156,1
hdr_01594.exr,0.174712,1
hdr_01596.exr,0.154111,1
hdr_01597.exr,0.143044,1
hdr_01598.exr,0.081043,1
hdr_01599.exr,0.131432,1
hdr_01600.exr,0.127105,1
hdr_01601.exr,0.157314,1
hdr_01602.exr,0.132674,1
hdr_01603.exr,0.128401,1
hdr_01604.exr,0.123567,1
hdr_01605.exr,0.056894,1
hdr_01607.exr,0.282979,1
hdr_01608.exr,0.157729,1
hdr_01609.exr,0.052653,1
hdr_01610.exr,0.116717,1
hdr_01611.exr,0.148416,1
hdr_01612.exr,0.070100,1
hdr_01614.exr,0.213676,1
hdr_01615.exr,0.145817,1
hdr_01616.exr,0.108565,1
hdr_01617.exr,0.136972,1
hdr_01619.exr,0.112275,1
hdr_01620.exr,0.191829,1
hdr_01621.exr,0.167830,1
hdr_01622.exr,0.128963,1
hdr_01623.exr,0.045819,1
hdr_01624.exr,0.158372,1
hdr_01625.exr,0.359884,1
hdr_01626.exr,0.150443,1
hdr_01627.exr,0.116853,1
hdr_01628.exr,0.086550,1
hdr_01629.exr,0.137147,1
hdr_01630.exr,0.071186,1
hdr_01631.exr,0.159531,1
hdr_01633.exr,0.196061,1
hdr_01634.exr,0.200361,1
hdr_01635.exr,0.140602,1
hdr_01636.exr,0.140111,1
hdr_01637.exr,0.101324,1
hdr_01638.exr,0.047716,1
hdr_01639.exr,0.044732,1
hdr_01640.exr,0.322854,1
hdr_01641.exr,0.148214,1
hdr_01642.exr,0.147200,1
hdr_01643.exr,0.194269,1
hdr_01644.exr,0.081463,1
hdr_01645.exr,0.157244,1
hdr_01646.exr,0.092320,1
hdr_01647.exr,0.173247,1
hdr_01648.exr,0.100414,1
hdr_01649.exr,0.413413,1
hdr_01650.exr,0.056163,1
hdr_01651.exr,0.149729,1
hdr_01652.exr,0.127167,1
hdr_01653.exr,0.147700,1
hdr_01654.exr,0.122186,1
hdr_01655.exr,0.128007,1
hdr_01656.exr,0.040347,1
hdr_01657.exr,0.042174,1
hdr_01658.exr,0.056289,1
hdr_01659.exr,0.121586,1
hdr_01660.exr,0.035223,1
hdr_01661.exr,0.094061,1
hdr_01662.exr,0.106351,1
hdr_01664.exr,0.056450,1
hdr_01665.exr,0.057163,1
hdr_01666.exr,0.082801,1
hdr_01667.exr,0.083866,1
hdr_01668.exr,0.101543,1
hdr_01669.exr,0.133047,1
hdr_01670.exr,0.107690,1
hdr_01671.exr,0.066563,1
hdr_01672.exr,0.139981,1
hdr_01673.exr,0.237917,1
hdr_01674.exr,0.245945,1
hdr_01675.exr,0.107854,1
hdr_01677.exr,0.140042,1
hdr_01678.exr,0.113608,1
hdr_01679.exr,0.128648,1
hdr_01681.exr,0.084087,1
hdr_01682.exr,0.088386,1
hdr_01684.exr,0.143024,1
hdr_01686.exr,0.188565,1
hdr_01689.exr,0.110101,1
hdr_01690.exr,0.206835,1
hdr_01691.exr,0.261590,1
hdr_01692.exr,0.900679,1
hdr_01693.exr,0.356450,1
hdr_01694.exr,0.074366,1
hdr_01695.exr,0.151232,1
hdr_01696.exr,0.084634,1
hdr_01697.exr,0.022523,1
hdr_01698.exr,0.067659,1
hdr_01699.exr,0.160519,1
hdr_01700.exr,0.062294,1
hdr_01701.exr,0.049841,1
hdr_01702.exr,0.132063,1
hdr_01703.exr,0.108956,1
hdr_01704.exr,0.075042,1
hdr_01705.exr,0.134089,1
hdr_01706.exr,0.046945,1
hdr_01707.exr,0.083311,1
hdr_01708.exr,0.142638,1
hdr_01709.exr,0.023010,1
hdr_01710.exr,0.080838,1
hdr_01711.exr,0.077340,1
hdr_01712.exr,0.090156,1
hdr_01713.exr,0.072136,1
hdr_01714.exr,0.109840,1
hdr_01715.exr,0.101760,1
hdr_01716.exr,0.104850,1
hdr_01718.exr,0.160675,1
hdr_01719.exr,0.109508,1
hdr_01720.exr,0.083643,1
hdr_01722.exr,0.124559,1
hdr_01725.exr,0.114235,1
hdr_01727.exr,0.108983,1
hdr_01728.exr,0.122578,1
hdr_01729.exr,0.132288,1
hdr_01730.exr,0.118717,1
hdr_01731.exr,0.063277,1
hdr_01732.exr,0.131633,1
hdr_01733.exr,0.582725,1
hdr_01734.exr,0.501917,1
hdr_01736.exr,0.117003,1
hdr_01737.exr,0.125069,1
hdr_01738.exr,0.164362,1
hdr_01739.exr,0.052172,1
hdr_01740.exr,0.145341,1
hdr_01741.exr,0.205579,1
hdr_01742.exr,0.133098,1
hdr_01743.exr,0.098364,1
hdr_01744.exr,0.080175,1
hdr_01745.exr,0.094601,1
hdr_01746.exr,0.081987,1
hdr_01747.exr,0.160764,1
hdr_01748.exr,0.065796,1
hdr_01750.exr,0.879800,1
hdr_01751.exr,0.127791,1
hdr_01752.exr,0.197819,1
hdr_01753.exr,0.125861,1
hdr_01754.exr,0.102198,1
hdr_01755.exr,0.157019,1
hdr_01756.exr,0.117415,1
hdr_01757.exr,0.048015,1
hdr_01758.exr,0.195894,1
hdr_01759.exr,0.258513,1
hdr_01760.exr,0.193068,1
hdr_01762.exr,0.115660,1
hdr_01763.exr,0.164844,1
hdr_01764.exr,0.162660,1
hdr_01767.exr,0.233792,1
hdr_01768.exr,0.071985,1
hdr_01769.exr,0.053749,1
hdr_01770.exr,0.154776,1
hdr_01771.exr,0.130689,1
hdr_01772.exr,0.059161,1
hdr_01773.exr,0.082431,1
hdr_01774.exr,0.077585,1
hdr_01775.exr,0.061313,1
hdr_01776.exr,0.079857,1
hdr_01777.exr,0.204094,1
hdr_01778.exr,0.254505,1
hdr_01779.exr,0.061983,1
hdr_01780.exr,0.087540,1
hdr_01781.exr,0.108005,1
hdr_01782.exr,0.017678,1
hdr_01783.exr,0.104329,1
hdr_01784.exr,0.150948,1
hdr_01785.exr,0.119205,1
hdr_01786.exr,0.107212,1
hdr_01787.exr,0.060819,1
hdr_01788.exr,0.112492,1
hdr_01789.exr,0.078399,1
hdr_01790.exr,0.246844,1
hdr_01791.exr,0.164479,1
hdr_01793.exr,0.087790,1
hdr_01794.exr,0.068077,1
hdr_01795.exr,0.093870,1
hdr_01796.exr,0.145973,1
hdr_01797.exr,0.172562,1
hdr_01798.exr,0.256953,1
hdr_01799.exr,0.205566,1
hdr_01800.exr,0.219511,1
hdr_01801.exr,0.148328,1
hdr_01803.exr,0.087665,1
hdr_01804.exr,0.251808,1
hdr_01805.exr,0.561044,1
hdr_01806.exr,0.106869,1
hdr_01807.exr,0.053106,1
hdr_01808.exr,0.066994,1
hdr_01809.exr,0.191051,1
hdr_01810.exr,0.447977,1
hdr_01811.exr,0.074979,1
hdr_01812.exr,0.151387,1
hdr_01813.exr,0.092730,1
hdr_01814.exr,0.091769,1
hdr_01815.exr,0.102080,1
hdr_01816.exr,0.128260,1
hdr_01817.exr,0.180205,1
hdr_01818.exr,0.064762,1
hdr_01819.exr,0.081629,1
hdr_01820.exr,0.003525,1
hdr_01821.exr,0.099129,1
hdr_01823.exr,0.099246,1
hdr_01824.exr,0.078477,1
hdr_01825.exr,0.073095,1
hdr_01826.exr,0.309391,1
hdr_01827.exr,0.089805,1
hdr_01828.exr,0.127177,1
hdr_01829.exr,0.129337,1
hdr_01830.exr,0.130817,1
hdr_01832.exr,0.097962,1
hdr_01833.exr,0.497445,1
hdr_01834.exr,0.173680,1
hdr_01835.exr,0.173454,1
hdr_01836.exr,0.103872,1
hdr_01837.exr,0.102949,1
hdr_01838.exr,0.108253,1
hdr_01839.exr,0.196330,1
hdr_01840.exr,0.077503,1
hdr_01841.exr,0.096414,1
hdr_01842.exr,0.164978,1
hdr_01843.exr,0.238637,1
hdr_01844.exr,0.187507,1
hdr_01846.exr,0.099863,1
hdr_01847.exr,0.092879,1
hdr_01848.exr,0.032260,1
hdr_01849.exr,0.145302,1
hdr_01850.exr,0.096866,1
hdr_01851.exr,0.022982,1
hdr_01852.exr,0.091740,1
hdr_01853.exr,0.154858,1
hdr_01854.exr,0.636086,1
hdr_01855.exr,0.280382,1
hdr_01856.exr,0.079514,1
hdr_01857.exr,0.080793,1
hdr_01858.exr,0.156766,1
hdr_01859.exr,0.110740,1
hdr_01860.exr,0.090061,1
hdr_01861.exr,0.157050,1
hdr_01862.exr,0.131135,1
hdr_01863.exr,0.136358,1
hdr_01864.exr,0.113800,1
hdr_01865.exr,0.056318,1
hdr_01866.exr,0.161624,1
hdr_01868.exr,0.226963,1
hdr_01869.exr,0.068767,1
hdr_01871.exr,0.198496,1
hdr_01873.exr,0.157625,1
hdr_01874.exr,0.696891,1
hdr_01875.exr,0.078355,1
hdr_01876.exr,0.177223,1
hdr_01877.exr,0.122595,1
hdr_01878.exr,0.079413,1
hdr_01879.exr,0.135634,1
hdr_01880.exr,0.150784,1
hdr_01881.exr,0.199057,1
hdr_01882.exr,0.177482,1
hdr_01883.exr,0.063979,1
hdr_01884.exr,0.167033,1
hdr_01885.exr,0.698032,1
hdr_01886.exr,0.217883,1
hdr_01887.exr,0.089502,1
hdr_01888.exr,0.112587,1
hdr_01890.exr,0.899765,1
hdr_01891.exr,0.076530,1
hdr_01892.exr,0.134460,1
hdr_01893.exr,0.104547,1
hdr_01894.exr,0.072230,1
hdr_01895.exr,0.080426,1
hdr_01896.exr,0.131188,1
hdr_01897.exr,0.136902,1
hdr_01898.exr,0.252851,1
hdr_01899.exr,0.102941,1
hdr_01900.exr,0.047243,1
hdr_01901.exr,0.051490,1
hdr_01902.exr,0.128885,1
hdr_01904.exr,0.139336,1
hdr_01905.exr,0.172548,1
hdr_01906.exr,0.076728,1
hdr_01907.exr,0.081758,1
hdr_01908.exr,0.079022,1
hdr_01909.exr,0.076610,1
hdr_01910.exr,0.160278,1
hdr_01911.exr,0.090810,1
hdr_01912.exr,0.137535,1
hdr_01913.exr,0.182694,1
hdr_01914.exr,0.210329,1
hdr_01915.exr,0.123377,1
hdr_01917.exr,0.161516,1
hdr_01919.exr,0.626757,1
hdr_01920.exr,0.138467,1
hdr_01921.exr,0.195509,1
hdr_01922.exr,0.200134,1
hdr_01923.exr,0.105171,1
hdr_01924.exr,0.100246,1
hdr_01925.exr,0.121242,1
hdr_01926.exr,0.055502,1
hdr_01927.exr,0.071971,1
hdr_01928.exr,0.134505,1
hdr_01929.exr,0.103077,1
hdr_01930.exr,0.134429,1
hdr_01931.exr,0.151445,1
hdr_01932.exr,0.146354,1
hdr_01933.exr,0.042488,1
hdr_01934.exr,0.124264,1
hdr_01935.exr,0.256887,1
hdr_01936.exr,0.085181,1
hdr_01937.exr,0.116402,1
hdr_01938.exr,0.116063,1
hdr_01939.exr,0.147221,1
hdr_01940.exr,0.180001,1
hdr_01941.exr,0.597258,1
hdr_01942.exr,0.150862,1
hdr_01944.exr,0.101962,1
hdr_01945.exr,0.111893,1
hdr_01946.exr,0.081719,1
hdr_01947.exr,0.093466,1
hdr_01948.exr,0.145082,1
hdr_01949.exr,0.229795,1
hdr_01950.exr,0.145557,1
hdr_01951.exr,0.083392,1
hdr_01952.exr,0.126034,1
hdr_01953.exr,0.126251,1
hdr_01954.exr,0.078335,1
hdr_01955.exr,0.133433,1
hdr_01956.exr,0.122712,1
hdr_01957.exr,0.134112,1
hdr_01958.exr,0.103476,1
hdr_01959.exr,0.138639,1
hdr_01960.exr,0.131663,1
hdr_01961.exr,0.078730,1
hdr_01963.exr,0.092149,1
hdr_01965.exr,0.112202,1
hdr_01967.exr,0.068537,1
hdr_01968.exr,0.035581,1
hdr_01969.exr,0.090846,1
hdr_01970.exr,0.058019,1
hdr_01971.exr,0.126680,1
hdr_01972.exr,0.176786,1
hdr_01973.exr,0.127219,1
hdr_01975.exr,0.138472,1
hdr_01976.exr,0.183097,1
hdr_01977.exr,0.116301,1
hdr_01978.exr,0.049839,1
hdr_01979.exr,0.130460,1
hdr_01981.exr,0.377793,1
hdr_01982.exr,0.191825,1
hdr_01983.exr,0.185896,1
hdr_01984.exr,0.101868,1
hdr_01985.exr,0.035719,1
hdr_01986.exr,0.138726,1
hdr_01987.exr,0.230296,1
hdr_01988.exr,0.167796,1
hdr_01989.exr,0.132685,1
hdr_01990.exr,0.136167,1
hdr_01991.exr,0.151196,1
hdr_01992.exr,0.348318,1
hdr_01993.exr,0.213171,1
hdr_01994.exr,0.209577,1
hdr_01996.exr,0.142574,1
hdr_01997.exr,0.143055,1
hdr_01998.exr,0.130977,1
hdr_01999.exr,0.095300,1
hdr_02000.exr,0.046575,1
hdr_02001.exr,0.177047,1
hdr_02002.exr,0.192714,1
hdr_02003.exr,0.114760,1
hdr_02004.exr,0.072812,1
hdr_02005.exr,0.126727,1
hdr_02006.exr,0.215286,1
hdr_02007.exr,0.206307,1
hdr_02008.exr,0.123391,1
hdr_02009.exr,0.042062,1
hdr_02010.exr,0.042469,1
hdr_02011.exr,0.167599,1
hdr_02012.exr,0.043670,1
hdr_02013.exr,0.161208,1
hdr_02014.exr,0.119063,1
hdr_02015.exr,0.066354,1
hdr_02016.exr,0.159706,1
hdr_02017.exr,0.113309,1
hdr_02018.exr,0.128669,1
hdr_02019.exr,0.207648,1
hdr_02020.exr,0.159230,1
hdr_02022.exr,0.095466,1
hdr_02023.exr,0.126327,1
hdr_02024.exr,0.129441,1
hdr_02026.exr,0.048974,1
hdr_02027.exr,0.047777,1
hdr_02028.exr,0.081906,1
hdr_02029.exr,0.112696,1
hdr_02030.exr,0.245325,1
hdr_02031.exr,0.085986,1
hdr_02032.exr,0.133829,1
hdr_02033.exr,0.104059,1
hdr_02034.exr,0.079902,1
hdr_02035.exr,0.104249,1
hdr_02036.exr,0.138106,1
hdr_02037.exr,0.653431,1
hdr_02038.exr,0.071966,1
hdr_02039.exr,0.080955,1
hdr_02040.exr,0.038375,1
hdr_02043.exr,0.096120,1
hdr_02044.exr,0.022351,1
hdr_02045.exr,0.601525,1
hdr_02046.exr,0.181628,1
hdr_02049.exr,0.104365,1
hdr_02050.exr,0.110527,1
hdr_02052.exr,0.184117,1
hdr_02053.exr,0.393777,1
hdr_02054.exr,0.164621,1
hdr_02055.exr,0.074154,1
hdr_02056.exr,0.058260,1
hdr_02057.exr,0.222223,1
hdr_02058.exr,0.155541,1
hdr_02059.exr,0.039224,1
hdr_02060.exr,0.103359,1
hdr_02061.exr,0.066592,1
hdr_02062.exr,0.192472,1
hdr_02063.exr,0.069853,1
hdr_02064.exr,0.134251,1
hdr_02065.exr,0.078466,1
hdr_02067.exr,0.116198,1
hdr_02068.exr,0.136145,1
hdr_02069.exr,0.078925,1
hdr_02070.exr,0.059853,1
hdr_02071.exr,0.213625,1
hdr_02072.exr,0.376166,1
hdr_02073.exr,0.137485,1
hdr_02074.exr,0.048889,1
hdr_02075.exr,0.277677,1
hdr_02076.exr,0.119041,1
hdr_02077.exr,0.127976,1
hdr_02078.exr,0.072724,1
hdr_02079.exr,0.079669,1
hdr_02081.exr,0.135337,1
hdr_02082.exr,0.050559,1
hdr_02083.exr,0.053961,1
hdr_02084.exr,0.099888,1
hdr_02085.exr,0.029579,1
hdr_02086.exr,0.120653,1
hdr_02087.exr,0.103700,1
hdr_02088.exr,0.067276,1
hdr_02089.exr,0.113680,1
hdr_02090.exr,0.080426,1
hdr_02091.exr,0.119861,1
hdr_02092.exr,0.085412,1
hdr_02093.exr,0.104365,1
hdr_02094.exr,0.123406,1
hdr_02095.exr,0.162421,1
hdr_02096.exr,0.097434,1
hdr_02097.exr,0.091855,1
hdr_02099.exr,0.079198,1
hdr_02100.exr,0.131333,1
hdr_02102.exr,0.237164,1
hdr_02103.exr,0.098218,1
hdr_02104.exr,0.116208,1
hdr_02106.exr,0.150760,1
hdr_02107.exr,0.136402,1
hdr_02108.exr,0.164219,1
hdr_02110.exr,0.142615,1
hdr_02112.exr,0.016615,1
hdr_02113.exr,0.090131,1
hdr_02115.exr,0.087497,1
hdr_02116.exr,0.183997,1
hdr_02117.exr,0.102758,1
hdr_02118.exr,0.046254,1
hdr_02119.exr,0.219841,1
hdr_02121.exr,0.104967,1
hdr_02123.exr,0.194482,1
hdr_02124.exr,0.284381,1
hdr_02125.exr,0.236905,1
hdr_02126.exr,0.142159,1
hdr_02127.exr,0.073072,1
hdr_02128.exr,0.136094,1
hdr_02129.exr,0.016630,1
hdr_02132.exr,0.110553,1
hdr_02135.exr,0.281948,1
hdr_02136.exr,0.183521,1
hdr_02137.exr,0.049639,1
hdr_02138.exr,0.152061,1
hdr_02139.exr,0.074455,1
hdr_02140.exr,-0.011606,1
hdr_02141.exr,0.989217,0
hdr_02142.exr,0.033986,1
hdr_02143.exr,0.144466,1
hdr_02145.exr,0.140020,1
hdr_02146.exr,0.113476,1
hdr_02147.exr,0.094157,1
hdr_02148.exr,0.099401,1
hdr_02149.exr,0.065848,1
hdr_02150.exr,0.065344,1
hdr_02151.exr,0.153604,1
hdr_02152.exr,0.081430,1
hdr_02153.exr,0.185355,1
hdr_02154.exr,0.102449,1
hdr_02155.exr,0.136497,1
hdr_02156.exr,0.152772,1
hdr_02157.exr,0.118742,1
hdr_02158.exr,0.070255,1
hdr_02159.exr,0.207670,1
hdr_02160.exr,0.893870,1
hdr_02161.exr,0.059746,1
hdr_02163.exr,0.076719,1
hdr_02164.exr,0.211390,1
hdr_02165.exr,0.167119,1
hdr_02166.exr,0.201739,1
hdr_02167.exr,0.188162,1
hdr_02168.exr,0.094949,1
hdr_02169.exr,0.347036,1
hdr_02170.exr,0.098797,1
hdr_02171.exr,0.171770,1
hdr_02173.exr,0.225353,1
hdr_02174.exr,0.099106,1
hdr_02175.exr,0.139212,1
hdr_02177.exr,0.130623,1
hdr_02178.exr,0.182346,1
hdr_02180.exr,0.101333,1
hdr_02181.exr,0.103052,1
hdr_02182.exr,0.077028,1
hdr_02183.exr,0.168153,1
hdr_02184.exr,0.127343,1
hdr_02185.exr,0.023428,1
hdr_02186.exr,0.075457,1
hdr_02187.exr,0.004404,1
hdr_02188.exr,0.138537,1
hdr_02189.exr,0.102151,1
hdr_02190.exr,0.536303,1
hdr_02191.exr,0.255802,1
hdr_02192.exr,0.171614,1
hdr_02193.exr,0.115792,1
hdr_02194.exr,0.086948,1
hdr_02195.exr,0.054523,1
hdr_02196.exr,0.088310,1
hdr_02197.exr,0.069989,1
hdr_02198.exr,0.083476,1
hdr_02199.exr,0.099935,1
hdr_02200.exr,0.063587,1
hdr_02201.exr,0.152330,1
hdr_02202.exr,0.161412,1
hdr_02203.exr,0.089176,1
hdr_02204.exr,0.105875,1
hdr_02205.exr,0.133197,1
hdr_02206.exr,0.228786,1
hdr_02207.exr,0.322975,1
hdr_02208.exr,0.453251,1
hdr_02209.exr,0.147806,1
hdr_02210.exr,0.108572,1
hdr_02211.exr,0.139382,1
hdr_02213.exr,0.114477,1
hdr_02214.exr,0.100700,1
hdr_02215.exr,0.096816,1
hdr_02217.exr,0.095767,1
hdr_02218.exr,0.046193,1
hdr_02219.exr,0.124924,1
hdr_02221.exr,0.067522,1
hdr_02222.exr,0.132432,1
hdr_02223.exr,0.103912,1
hdr_02224.exr,0.066031,1
hdr_02225.exr,0.046579,1
hdr_02226.exr,0.067086,1
hdr_02227.exr,0.123987,1
hdr_02228.exr,0.074455,1
hdr_02229.exr,0.056996,1
hdr_02230.exr,0.434991,1
hdr_02231.exr,0.118981,1
hdr_02232.exr,0.159638,1
hdr_02233.exr,0.136114,1
hdr_02234.exr,0.047784,1
hdr_02235.exr,0.075781,1
hdr_02236.exr,0.273169,1
hdr_02237.exr,0.275048,1
hdr_02238.exr,0.274945,1
hdr_02239.exr,0.236701,1
hdr_02240.exr,0.219774,1
hdr_02241.exr,0.117489,1
hdr_02242.exr,0.068096,1
hdr_02244.exr,0.174385,1
hdr_02246.exr,0.125567,1
hdr_02247.exr,0.120316,1
hdr_02248.exr,0.187610,1
hdr_02249.exr,0.149967,1
hdr_02250.exr,0.495773,1
hdr_02251.exr,0.147268,1
hdr_02252.exr,0.078857,1
hdr_02253.exr,0.203282,1
hdr_02254.exr,0.136949,1
hdr_02255.exr,0.084291,1
hdr_02256.exr,0.034129,1
hdr_02257.exr,0.139368,1
hdr_02259.exr,0.157704,1
hdr_02260.exr,0.112661,1
hdr_02261.exr,0.155760,1
hdr_02262.exr,0.074006,1
hdr_02263.exr,0.119187,1
hdr_02264.exr,0.094008,1
hdr_02265.exr,0.185759,1
hdr_02267.exr,0.120119,1
hdr_02268.exr,0.112635,1
hdr_02269.exr,0.204414,1
hdr_02270.exr,0.165463,1
hdr_02271.exr,0.121043,1
hdr_02273.exr,0.137745,1
hdr_02274.exr,0.193280,1
hdr_02275.exr,0.171943,1
hdr_02276.exr,0.067318,1
hdr_02277.exr,0.140125,1
hdr_02279.exr,0.176372,1
hdr_02280.exr,0.300641,1
hdr_02281.exr,0.123506,1
hdr_02282.exr,0.152012,1
hdr_02284.exr,0.175609,1
hdr_02285.exr,0.297851,1
hdr_02286.exr,0.114366,1
hdr_02288.exr,0.167555,1
hdr_02289.exr,0.165409,1
hdr_02290.exr,0.153879,1
hdr_02292.exr,0.120890,1
hdr_02294.exr,0.097086,1
hdr_02297.exr,0.242700,1
hdr_02298.exr,0.156345,1
hdr_02299.exr,0.188277,1
hdr_02300.exr,0.266917,1
hdr_02301.exr,0.127167,1
hdr_02302.exr,0.103716,1
hdr_02303.exr,0.124470,1
hdr_02305.exr,0.088053,1
hdr_02306.exr,0.170874,1
hdr_02307.exr,0.076489,1
hdr_02308.exr,0.143819,1
hdr_02309.exr,0.146121,1
hdr_02310.exr,0.099213,1
hdr_02311.exr,0.099531,1
hdr_02313.exr,0.064250,1
hdr_02314.exr,0.187183,1
hdr_02315.exr,0.026102,1
hdr_02316.exr,0.124329,1
hdr_02317.exr,0.215429,1
hdr_02318.exr,0.081775,1
hdr_02319.exr,0.014214,1
hdr_02320.exr,0.065623,1
hdr_02322.exr,0.270159,1
hdr_02323.exr,0.091105,1
hdr_02325.exr,0.209449,1
hdr_02326.exr,0.957164,0
hdr_02327.exr,0.134300,1
hdr_02328.exr,-0.001026,1
hdr_02330.exr,0.091904,1
hdr_02331.exr,0.128525,1
hdr_02332.exr,0.091842,1
hdr_02333.exr,0.132775,1
hdr_02334.exr,0.153020,1
hdr_02335.exr,0.101607,1
hdr_02336.exr,0.083738,1
hdr_02337.exr,0.087271,1
hdr_02338.exr,0.139259,1
hdr_02341.exr,0.186231,1
hdr_02342.exr,0.109871,1
hdr_02343.exr,0.213272,1
hdr_02344.exr,0.426576,1
hdr_02345.exr,0.080619,1
hdr_02346.exr,0.085238,1
hdr_02347.exr,0.139019,1
hdr_02348.exr,0.043760,1
hdr_02349.exr,0.125512,1
hdr_02352.exr,0.180787,1
hdr_02353.exr,0.119180,1
hdr_02354.exr,0.086086,1
hdr_02355.exr,0.028268,1
hdr_02356.exr,0.058525,1
hdr_02357.exr,0.088654,1
hdr_02358.exr,0.120756,1
hdr_02359.exr,0.161989,1
hdr_02360.exr,0.153854,1
hdr_02361.exr,0.118827,1
hdr_02362.exr,0.076328,1
hdr_02363.exr,0.138014,1
hdr_02364.exr,0.144867,1
hdr_02365.exr,0.104273,1
hdr_02366.exr,0.074944,1
hdr_02367.exr,0.080737,1
hdr_02369.exr,0.118849,1
hdr_02370.exr,0.158570,1
hdr_02371.exr,0.103140,1
hdr_02372.exr,0.092872,1
hdr_02373.exr,0.116961,1
hdr_02374.exr,0.988440,0
hdr_02375.exr,0.122991,1
hdr_02376.exr,0.081646,1
hdr_02377.exr,0.063857,1
hdr_02378.exr,0.204329,1
hdr_02379.exr,0.058488,1
hdr_02380.exr,0.146845,1
hdr_02381.exr,0.222309,1
hdr_02382.exr,0.073350,1
hdr_02383.exr,0.101005,1
hdr_02384.exr,0.188560,1
hdr_02385.exr,0.100969,1
hdr_02386.exr,0.283981,1
hdr_02387.exr,0.102723,1
hdr_02389.exr,0.121710,1
hdr_02390.exr,0.026522,1
hdr_02391.exr,0.106662,1
hdr_02392.exr,0.091433,1
hdr_02393.exr,0.135114,1
hdr_02394.exr,0.203871,1
hdr_02395.exr,0.099911,1
hdr_02396.exr,0.069284,1
hdr_02397.exr,0.174095,1
hdr_02398.exr,0.210147,1
hdr_02399.exr,0.127041,1
hdr_02400.exr,0.144421,1
hdr_02402.exr,0.206782,1
hdr_02403.exr,0.128724,1
hdr_02404.exr,0.155303,1
hdr_02405.exr,0.121862,1
hdr_02406.exr,0.156550,1
hdr_02407.exr,0.247530,1
hdr_02408.exr,0.233551,1
hdr_02409.exr,0.126142,1
hdr_02410.exr,0.167431,1
hdr_02411.exr,0.102520,1
hdr_02412.exr,0.089268,1
hdr_02413.exr,0.109218,1
hdr_02414.exr,0.116046,1
hdr_02415.exr,0.080428,1
hdr_02416.exr,0.148473,1
hdr_02417.exr,0.056764,1
hdr_02419.exr,0.098231,1
hdr_02421.exr,0.068233,1
hdr_02422.exr,0.099129,1
hdr_02423.exr,0.130055,1
hdr_02426.exr,0.090001,1
hdr_02428.exr,0.141600,1
hdr_02429.exr,0.162472,1
hdr_02430.exr,0.102975,1
hdr_02431.exr,0.112909,1
hdr_02433.exr,0.109227,1
hdr_02434.exr,0.056353,1
hdr_02436.exr,0.899425,1
hdr_02437.exr,0.942824,0
hdr_02438.exr,0.086541,1
hdr_02439.exr,0.047865,1
hdr_02440.exr,0.069623,1
hdr_02442.exr,0.183711,1
hdr_02444.exr,0.089061,1
hdr_02445.exr,0.212924,1
hdr_02447.exr,0.134270,1
hdr_02448.exr,0.175360,1
hdr_02449.exr,0.131894,1
hdr_02450.exr,0.088168,1
hdr_02453.exr,0.091739,1
hdr_02454.exr,0.122140,1
hdr_02455.exr,0.145700,1
hdr_02456.exr,0.116240,1
hdr_02457.exr,0.064802,1
hdr_02459.exr,0.087826,1
hdr_02460.exr,0.096416,1
hdr_02461.exr,0.102473,1
hdr_02462.exr,0.056355,1
hdr_02463.exr,0.025813,1
hdr_02466.exr,0.113435,1
hdr_02468.exr,0.081003,1
hdr_02470.exr,0.128550,1
hdr_02471.exr,0.045193,1
hdr_02472.exr,0.186271,1
hdr_02473.exr,0.195596,1
hdr_02474.exr,0.159167,1
hdr_02475.exr,0.372436,1
hdr_02477.exr,0.170711,1
hdr_02479.exr,0.097580,1
hdr_02480.exr,0.068042,1
hdr_02481.exr,0.105339,1
hdr_02482.exr,0.081080,1
hdr_02483.exr,0.057600,1
hdr_02484.exr,0.100176,1
hdr_02487.exr,0.096742,1
hdr_02488.exr,0.127667,1
hdr_02489.exr,0.076674,1
hdr_02490.exr,0.212331,1
hdr_02491.exr,0.104836,1
hdr_02492.exr,0.088914,1
hdr_02494.exr,0.077842,1
hdr_02495.exr,0.112029,1
hdr_02496.exr,0.117700,1
hdr_02497.exr,0.110939,1
hdr_02498.exr,0.050706,1
hdr_02499.exr,0.119932,1
hdr_02500.exr,0.108683,1
hdr_02501.exr,0.300112,1
hdr_02502.exr,0.290878,1
hdr_02503.exr,0.216311,1
hdr_02504.exr,0.189671,1
hdr_02505.exr,0.152161,1
hdr_02509.exr,0.082544,1
hdr_02510.exr,0.051793,1
hdr_02511.exr,0.114540,1
hdr_02512.exr,0.195617,1
hdr_02513.exr,0.156449,1
hdr_02514.exr,0.092614,1
hdr_02515.exr,0.174646,1
hdr_02516.exr,0.320676,1
hdr_02517.exr,0.072516,1
hdr_02518.exr,0.143942,1
hdr_02519.exr,0.091515,1
hdr_02520.exr,0.072716,1
hdr_02521.exr,0.163106,1
hdr_02523.exr,0.109958,1
hdr_02524.exr,0.101311,1
hdr_02525.exr,0.093358,1
hdr_02526.exr,0.192440,1
hdr_02527.exr,0.198269,1
hdr_02528.exr,0.173598,1
hdr_02529.exr,0.122388,1
hdr_02530.exr,0.115255,1
hdr_02531.exr,0.266328,1
hdr_02532.exr,0.255901,1
hdr_02533.exr,0.111672,1
hdr_02534.exr,0.149482,1
hdr_02535.exr,0.131894,1
hdr_02536.exr,0.168561,1
hdr_02537.exr,0.221622,1
hdr_02538.exr,0.183309,1
hdr_02539.exr,0.074444,1
hdr_02540.exr,0.063045,1
hdr_02542.exr,0.072218,1
hdr_02545.exr,0.066936,1
hdr_02546.exr,0.115673,1
hdr_02547.exr,0.195836,1
hdr_02548.exr,0.291779,1
hdr_02549.exr,0.136669,1
hdr_02551.exr,0.143688,1
hdr_02552.exr,0.114265,1
hdr_02553.exr,0.071405,1
hdr_02554.exr,0.112486,1
hdr_02555.exr,0.121456,1
hdr_02556.exr,0.058545,1
hdr_02557.exr,0.058155,1
hdr_02558.exr,0.072968,1
hdr_02559.exr,0.150953,1
hdr_02560.exr,0.373807,1
hdr_02561.exr,0.147321,1
hdr_02562.exr,0.093335,1
hdr_02563.exr,0.099567,1
hdr_02564.exr,0.159789,1
hdr_02565.exr,0.365827,1
hdr_02566.exr,0.425811,1
hdr_02567.exr,0.122420,1
hdr_02568.exr,0.196647,1
hdr_02569.exr,0.414817,1
hdr_02570.exr,0.104995,1
hdr_02571.exr,0.209473,1
hdr_02572.exr,0.272702,1
hdr_02573.exr,0.015369,1
hdr_02574.exr,0.054136,1
hdr_02576.exr,0.287346,1
hdr_02577.exr,0.132653,1
hdr_02578.exr,0.114110,1
hdr_02579.exr,0.146478,1
hdr_02581.exr,0.110628,1
hdr_02582.exr,0.234309,1
hdr_02584.exr,0.114552,1
hdr_02585.exr,0.112931,1
hdr_02587.exr,0.117134,1
hdr_02588.exr,0.115845,1
hdr_02589.exr,0.115498,1
hdr_02590.exr,0.154204,1
hdr_02591.exr,0.145536,1
hdr_02592.exr,0.241939,1
hdr_02593.exr,0.085844,1
hdr_02594.exr,0.094739,1
hdr_02595.exr,0.071333,1
hdr_02596.exr,0.056414,1
hdr_02598.exr,0.121257,1
hdr_02599.exr,0.103188,1
hdr_02600.exr,0.055914,1
hdr_02601.exr,0.098491,1
hdr_02602.exr,0.110464,1
hdr_02603.exr,0.097527,1
hdr_02604.exr,0.174755,1
hdr_02606.exr,0.049955,1
hdr_02607.exr,0.108550,1
hdr_02608.exr,0.028636,1
hdr_02610.exr,0.085930,1
hdr_02611.exr,0.109020,1
hdr_02612.exr,0.043691,1
hdr_02613.exr,0.040639,1
hdr_02614.exr,0.140065,1
hdr_02615.exr,0.095161,1
hdr_02617.exr,0.342274,1
hdr_02618.exr,0.099279,1
hdr_02619.exr,0.149337,1
hdr_02621.exr,0.093605,1
hdr_02622.exr,0.057367,1
hdr_02623.exr,0.197517,1
hdr_02624.exr,0.232491,1
hdr_02625.exr,0.125081,1
hdr_02626.exr,0.105427,1
hdr_02627.exr,0.118494,1
hdr_02628.exr,0.172264,1
hdr_02629.exr,0.110380,1
hdr_02631.exr,0.119048,1
hdr_02632.exr,0.102274,1
hdr_02633.exr,0.044852,1
hdr_02635.exr,0.082359,1
hdr_02636.exr,0.118926,1
hdr_02638.exr,0.281943,1
hdr_02639.exr,0.197045,1
hdr_02640.exr,0.072248,1
hdr_02641.exr,0.313457,1
hdr_02642.exr,0.201003,1
hdr_02644.exr,0.106636,1
hdr_02646.exr,0.105939,1
hdr_02647.exr,0.117282,1
hdr_02650.exr,0.086554,1
hdr_02651.exr,0.185223,1
hdr_02652.exr,0.210223,1
hdr_02653.exr,0.170727,1
hdr_02654.exr,0.090837,1
hdr_02655.exr,0.278388,1
hdr_02656.exr,0.317650,1
hdr_02657.exr,0.363266,1
hdr_02658.exr,0.163025,1
hdr_02659.exr,0.134314,1
hdr_02660.exr,0.052871,1
hdr_02661.exr,0.091607,1
hdr_02662.exr,0.067180,1
hdr_02664.exr,0.138193,1
hdr_02665.exr,0.089162,1
hdr_02668.exr,0.120128,1
hdr_02669.exr,0.121306,1
hdr_02670.exr,0.180605,1
hdr_02672.exr,0.106414,1
hdr_02673.exr,0.132028,1
hdr_02674.exr,0.184559,1
hdr_02675.exr,0.066811,1
hdr_02676.exr,0.185136,1
hdr_02677.exr,0.103125,1
hdr_02678.exr,0.078099,1
hdr_02680.exr,0.160641,1
hdr_02681.exr,0.133080,1
hdr_02683.exr,0.217185,1
hdr_02684.exr,0.174080,1
hdr_02685.exr,0.090319,1
hdr_02686.exr,0.069076,1
hdr_02687.exr,0.922654,0
hdr_02689.exr,0.233882,1
hdr_02690.exr,0.231394,1
hdr_02692.exr,0.202743,1
hdr_02693.exr,0.103792,1
hdr_02694.exr,0.061020,1
hdr_02695.exr,0.054762,1
hdr_02696.exr,0.287457,1
hdr_02697.exr,0.158301,1
hdr_02698.exr,0.113976,1
hdr_02699.exr,0.069928,1
hdr_02700.exr,0.105406,1
hdr_02701.exr,0.151991,1
hdr_02702.exr,0.854067,1
hdr_02703.exr,0.310761,1
hdr_02704.exr,0.081320,1
hdr_02705.exr,0.107042,1
hdr_02706.exr,0.110205,1
hdr_02707.exr,0.113912,1
hdr_02708.exr,0.142009,1
hdr_02709.exr,0.067878,1
hdr_02710.exr,0.122348,1
hdr_02711.exr,0.155040,1
hdr_02712.exr,0.143195,1
hdr_02713.exr,0.044975,1
hdr_02715.exr,0.132811,1
hdr_02716.exr,0.092255,1
hdr_02717.exr,0.296616,1
hdr_02718.exr,0.136007,1
hdr_02720.exr,0.121339,1
hdr_02721.exr,0.135136,1
hdr_02722.exr,0.099121,1
hdr_02723.exr,0.032017,1
hdr_02724.exr,0.144328,1
hdr_02725.exr,0.229301,1
hdr_02726.exr,0.407656,1
hdr_02727.exr,0.486652,1
hdr_02728.exr,0.091206,1
hdr_02729.exr,0.109351,1
hdr_02730.exr,0.184604,1
hdr_02731.exr,0.082589,1
hdr_02732.exr,0.123079,1
hdr_02733.exr,0.081681,1
hdr_02735.exr,0.091215,1
hdr_02736.exr,0.147482,1
hdr_02738.exr,0.301482,1
hdr_02739.exr,0.171140,1
hdr_02740.exr,0.076354,1
hdr_02741.exr,0.139408,1
hdr_02742.exr,0.196790,1
hdr_02743.exr,0.115746,1
hdr_02745.exr,0.182263,1
hdr_02746.exr,0.263276,1
hdr_02747.exr,0.140349,1
hdr_02748.exr,0.115261,1
hdr_02750.exr,0.116237,1
hdr_02751.exr,0.080255,1
hdr_02752.exr,0.036024,1
hdr_02753.exr,0.097804,1
hdr_02754.exr,0.119634,1
hdr_02755.exr,0.159527,1
hdr_02756.exr,0.095306,1
hdr_02757.exr,0.115729,1
hdr_02758.exr,0.493442,1
hdr_02759.exr,0.176825,1
hdr_02760.exr,0.126251,1
hdr_02761.exr,0.078990,1
hdr_02762.exr,0.104585,1
hdr_02763.exr,0.042026,1
hdr_02764.exr,0.142145,1
hdr_02765.exr,0.199247,1
hdr_02768.exr,0.175038,1
hdr_02769.exr,0.565898,1
hdr_02770.exr,0.080964,1
hdr_02773.exr,0.059981,1
hdr_02774.exr,0.169377,1
hdr_02775.exr,0.063750,1
hdr_02776.exr,0.055517,1
hdr_02777.exr,0.078367,1
hdr_02778.exr,0.269558,1
hdr_02780.exr,0.216703,1
hdr_02781.exr,0.226623,1
hdr_02782.exr,0.437109,1
hdr_02783.exr,0.111298,1
hdr_02784.exr,0.300419,1
hdr_02785.exr,0.067729,1
hdr_02786.exr,0.120364,1
hdr_02788.exr,0.169823,1
hdr_02789.exr,0.063778,1
hdr_02790.exr,0.034729,1
hdr_02791.exr,0.063402,1
hdr_02792.exr,0.045410,1
hdr_02793.exr,0.530615,1
hdr_02794.exr,0.064559,1
hdr_02795.exr,0.795404,1
hdr_02796.exr,0.098430,1
hdr_02797.exr,0.076654,1
hdr_02798.exr,0.107266,1
hdr_02799.exr,0.091257,1
hdr_02800.exr,0.037721,1
hdr_02801.exr,-0.001923,1
hdr_02802.exr,-0.013014,1
hdr_02803.exr,-0.009777,1
hdr_02804.exr,0.054359,1
hdr_02805.exr,0.066173,1
hdr_02806.exr,0.114781,1
hdr_02807.exr,0.137906,1
hdr_02808.exr,0.311641,1
hdr_02809.exr,0.075138,1
hdr_02810.exr,0.963599,0
hdr_02811.exr,0.082067,1
hdr_02812.exr,0.045169,1
hdr_02813.exr,0.044580,1
hdr_02814.exr,0.038628,1
hdr_02815.exr,0.081497,1
hdr_02816.exr,0.087390,1
hdr_02817.exr,0.043859,1
hdr_02818.exr,0.017960,1
hdr_02819.exr,0.061090,1
hdr_02820.exr,0.093761,1
hdr_02821.exr,0.103177,1
hdr_02822.exr,0.301860,1
hdr_02823.exr,0.237171,1
hdr_02824.exr,0.151517,1
hdr_02825.exr,0.096464,1
hdr_02826.exr,0.188611,1
hdr_02827.exr,0.207396,1
hdr_02828.exr,0.208873,1
hdr_02829.exr,0.037315,1
hdr_02830.exr,0.169019,1
hdr_02831.exr,0.670650,1
hdr_02832.exr,0.081919,1
hdr_02833.exr,0.091709,1
hdr_02834.exr,0.090806,1
hdr_02835.exr,0.013547,1
hdr_02836.exr,0.039227,1
hdr_02837.exr,0.036218,1
hdr_02838.exr,0.144810,1
hdr_02839.exr,0.358276,1
hdr_02840.exr,0.027035,1
hdr_02841.exr,0.013916,1
hdr_02842.exr,0.058217,1
hdr_02843.exr,0.049786,1
hdr_02844.exr,0.084448,1
hdr_02845.exr,0.104867,1
hdr_02846.exr,0.078580,1
hdr_02847.exr,0.055657,1
hdr_02848.exr,0.061321,1
hdr_02849.exr,0.050707,1
hdr_02850.exr,0.097811,1
hdr_02851.exr,0.210124,1
hdr_02852.exr,0.049513,1
hdr_02853.exr,0.044044,1
hdr_02854.exr,0.095654,1
hdr_02855.exr,0.113890,1
hdr_02856.exr,0.021012,1
hdr_02857.exr,0.038646,1
hdr_02858.exr,0.054733,1
hdr_02859.exr,0.076264,1
hdr_02860.exr,0.065558,1
hdr_02861.exr,0.170562,1
hdr_02862.exr,0.135288,1
hdr_02863.exr,0.039277,1
hdr_02864.exr,0.047415,1
hdr_02865.exr,0.332506,1
hdr_02866.exr,0.235126,1
hdr_02867.exr,0.126831,1
hdr_02868.exr,0.146164,1
hdr_02869.exr,0.069194,1
hdr_02870.exr,0.083697,1
hdr_02871.exr,0.217792,1
hdr_02872.exr,0.124525,1
hdr_02873.exr,0.048413,1
hdr_02874.exr,0.248499,1
hdr_02875.exr,0.050983,1
hdr_02876.exr,0.039834,1
hdr_02877.exr,0.082995,1
hdr_02878.exr,0.191743,1
hdr_02879.exr,0.036664,1
hdr_02880.exr,0.022244,1
hdr_02881.exr,0.021272,1
hdr_02882.exr,0.085078,1
hdr_02883.exr,0.064017,1
hdr_02884.exr,0.058413,1
hdr_02885.exr,0.053592,1
hdr_02886.exr,0.038973,1
hdr_02887.exr,0.049370,1
hdr_02888.exr,0.118634,1
hdr_02889.exr,0.104866,1
hdr_02890.exr,0.048548,1
hdr_02891.exr,0.059389,1
hdr_02892.exr,0.031980,1
hdr_02893.exr,0.082625,1
hdr_02894.exr,0.299544,1
hdr_02895.exr,0.411061,1
hdr_02896.exr,0.272842,1
hdr_02897.exr,0.031217,1
hdr_02898.exr,0.210886,1
hdr_02899.exr,0.047314,1
hdr_02900.exr,0.042576,1
hdr_02901.exr,0.484709,1
hdr_02902.exr,0.118998,1
hdr_02903.exr,0.821039,1
hdr_02904.exr,0.335171,1
hdr_02905.exr,0.876964,1
hdr_02906.exr,0.176247,1
hdr_02907.exr,0.635476,1
hdr_02908.exr,0.180113,1
hdr_02909.exr,0.928731,0
hdr_02910.exr,0.295945,1
hdr_02911.exr,0.837693,1
hdr_02912.exr,0.587668,1
hdr_02913.exr,0.925122,0
hdr_02914.exr,0.273842,1
hdr_02915.exr,0.714995,1
hdr_02916.exr,0.061572,1
hdr_02917.exr,0.941135,0
hdr_02918.exr,-0.012810,1
hdr_02919.exr,0.737295,1
hdr_02920.exr,0.034488,1
hdr_02921.exr,0.762257,1
hdr_02922.exr,0.046022,1
hdr_02923.exr,0.845629,1
hdr_02924.exr,0.128305,1
hdr_02925.exr,0.099860,1
hdr_02926.exr,0.207079,1
hdr_02927.exr,0.009442,1
hdr_02928.exr,0.053864,1
hdr_02929.exr,0.190674,1
hdr_02930.exr,0.104804,1
hdr_02931.exr,0.030963,1
hdr_02932.exr,0.047180,1
hdr_02933.exr,0.402090,1
hdr_02934.exr,0.262706,1
hdr_02935.exr,0.425525,1
hdr_02936.exr,0.203044,1
hdr_02937.exr,0.151175,1
hdr_02938.exr,0.293108,1
hdr_02939.exr,0.069424,1
hdr_02940.exr,0.352624,1
hdr_02941.exr,0.328294,1
hdr_02942.exr,0.011161,1
hdr_02943.exr,0.121736,1
hdr_02944.exr,0.150503,1
hdr_02945.exr,0.094729,1
hdr_02946.exr,0.109830,1
hdr_02947.exr,0.052320,1
hdr_02948.exr,0.024532,1
hdr_02949.exr,0.011781,1
hdr_02950.exr,0.090601,1
hdr_02951.exr,0.095989,1
hdr_02952.exr,0.082799,1
hdr_02953.exr,0.252957,1
hdr_02954.exr,0.067065,1
hdr_02955.exr,0.040290,1
hdr_02956.exr,0.055921,1
hdr_02957.exr,0.107836,1
hdr_02958.exr,0.144535,1
hdr_02959.exr,0.091127,1
hdr_02960.exr,0.053428,1
hdr_02961.exr,0.203488,1
hdr_02962.exr,0.376817,1
hdr_02963.exr,0.057474,1
hdr_02964.exr,0.062754,1
hdr_02965.exr,0.171083,1
hdr_02966.exr,0.076501,1
hdr_02967.exr,0.072550,1
hdr_02968.exr,0.070840,1
hdr_02969.exr,0.064153,1
hdr_02970.exr,0.061865,1
hdr_02971.exr,0.110983,1
hdr_02972.exr,0.059732,1
hdr_02973.exr,0.155084,1
hdr_02974.exr,0.056465,1
hdr_02975.exr,0.173913,1
hdr_02976.exr,0.052741,1
hdr_02977.exr,0.087972,1
hdr_02978.exr,0.052298,1
hdr_02979.exr,0.009512,1
hdr_02980.exr,0.054684,1
hdr_02981.exr,0.033099,1
hdr_02982.exr,0.067681,1
hdr_02983.exr,0.058204,1
hdr_02984.exr,0.066467,1
hdr_02985.exr,0.136862,1
hdr_02986.exr,0.089278,1
hdr_02987.exr,0.059309,1
hdr_02988.exr,0.115630,1
hdr_02989.exr,0.030970,1
hdr_02990.exr,0.083204,1
hdr_02991.exr,0.040061,1
hdr_02992.exr,0.031240,1
hdr_02993.exr,0.178005,1
hdr_02994.exr,0.037264,1
hdr_02995.exr,0.026515,1
hdr_02996.exr,0.099488,1
hdr_02997.exr,0.115985,1
hdr_02998.exr,0.053873,1
hdr_02999.exr,0.074992,1
hdr_03000.exr,0.085415,1
hdr_03001.exr,0.133755,1
hdr_03002.exr,0.103450,1
hdr_03003.exr,0.328211,1
hdr_03004.exr,0.491709,1
hdr_03005.exr,0.448600,1
hdr_03006.exr,0.171103,1
hdr_03007.exr,0.735910,1
hdr_03008.exr,0.168511,1
hdr_03009.exr,0.509825,1
hdr_03010.exr,0.135146,1
hdr_03011.exr,0.348220,1
hdr_03012.exr,0.474258,1
hdr_03013.exr,0.235192,1
hdr_03014.exr,0.459536,1
hdr_03015.exr,0.037553,1
hdr_03016.exr,0.100134,1
hdr_03017.exr,0.003542,1
hdr_03018.exr,0.095518,1
hdr_03019.exr,0.039001,1
hdr_03020.exr,0.284822,1
hdr_03021.exr,0.293520,1
hdr_03022.exr,0.126814,1
hdr_03023.exr,0.132139,1
hdr_03024.exr,0.360970,1
hdr_03025.exr,0.106836,1
hdr_03026.exr,0.102355,1
hdr_03027.exr,0.086447,1
hdr_03028.exr,0.067591,1
hdr_03029.exr,0.056476,1
hdr_03030.exr,0.205752,1
hdr_03031.exr,0.206968,1
hdr_03032.exr,0.703649,1
hdr_03033.exr,0.375586,1
hdr_03034.exr,0.023883,1
hdr_03035.exr,0.053178,1
hdr_03036.exr,0.055228,1
hdr_03037.exr,0.166156,1
hdr_03038.exr,0.269854,1
hdr_03039.exr,0.246938,1
hdr_03040.exr,0.211159,1
hdr_03041.exr,0.101815,1
hdr_03042.exr,0.088107,1
hdr_03043.exr,0.059410,1
hdr_03044.exr,0.141479,1
hdr_03045.exr,0.149925,1
hdr_03046.exr,0.142822,1
hdr_03047.exr,0.100500,1
hdr_03048.exr,0.139109,1
hdr_03049.exr,0.131997,1
hdr_03050.exr,0.364987,1
hdr_03051.exr,0.280205,1
hdr_03052.exr,0.551703,1
hdr_03053.exr,0.552960,1
hdr_03054.exr,0.468136,1
hdr_03055.exr,0.840531,1
hdr_03056.exr,0.333091,1
hdr_03057.exr,0.764802,1
hdr_03058.exr,0.603298,1
hdr_03059.exr,0.391410,1
hdr_03060.exr,0.336144,1
hdr_03061.exr,0.477436,1
hdr_03062.exr,0.148013,1
hdr_03063.exr,0.112519,1
hdr_03064.exr,0.096627,1
hdr_03065.exr,0.195969,1
hdr_03066.exr,0.090134,1
hdr_03067.exr,0.106741,1
hdr_03068.exr,0.099883,1
hdr_03069.exr,0.082668,1
hdr_03070.exr,0.107739,1
hdr_03071.exr,0.364257,1
hdr_03072.exr,0.598414,1
hdr_03073.exr,0.631431,1
hdr_03074.exr,0.658182,1
hdr_03075.exr,0.622089,1
hdr_03076.exr,0.435405,1
hdr_03077.exr,0.583509,1
hdr_03078.exr,0.384094,1
hdr_03079.exr,0.364971,1
hdr_03080.exr,0.361279,1
hdr_03081.exr,0.174862,1
hdr_03082.exr,0.133104,1
hdr_03083.exr,0.079102,1
hdr_03084.exr,0.035195,1
hdr_03085.exr,0.067040,1
hdr_03086.exr,0.297227,1
hdr_03087.exr,0.166673,1
hdr_03088.exr,0.167400,1
hdr_03089.exr,0.162296,1
hdr_03090.exr,0.058623,1
hdr_03091.exr,0.044221,1
hdr_03092.exr,0.069805,1
hdr_03093.exr,0.373292,1
hdr_03094.exr,0.092244,1
hdr_03095.exr,0.066472,1
hdr_03096.exr,0.166131,1
hdr_03097.exr,0.012305,1
hdr_03098.exr,0.026511,1
hdr_03099.exr,0.050386,1
hdr_03100.exr,0.062979,1
hdr_03101.exr,0.204661,1
hdr_03102.exr,0.029470,1
hdr_03103.exr,0.058759,1
hdr_03104.exr,0.225392,1
hdr_03105.exr,0.147369,1
hdr_03106.exr,0.050393,1
hdr_03107.exr,0.102329,1
hdr_03108.exr,0.054467,1
hdr_03109.exr,0.094577,1
hdr_03110.exr,0.184870,1
hdr_03111.exr,0.089414,1
hdr_03112.exr,0.010211,1
hdr_03113.exr,0.114649,1
hdr_03114.exr,0.053351,1
hdr_03115.exr,0.071551,1
hdr_03116.exr,0.133908,1
hdr_03117.exr,0.085756,1
hdr_03118.exr,-0.031098,1
hdr_03119.exr,0.073056,1
hdr_03120.exr,0.078174,1
hdr_03121.exr,0.145503,1
hdr_03122.exr,0.102582,1
hdr_03123.exr,0.034358,1
hdr_03124.exr,0.060287,1
hdr_03125.exr,0.130857,1
hdr_03126.exr,0.044606,1
hdr_03127.exr,0.083526,1
hdr_03128.exr,0.300601,1
hdr_03129.exr,0.257198,1
hdr_03130.exr,0.035621,1
hdr_03131.exr,0.038201,1
hdr_03132.exr,0.210734,1
hdr_03133.exr,0.153191,1
hdr_03134.exr,0.032257,1
hdr_03135.exr,0.031813,1
hdr_03136.exr,0.042321,1
hdr_03137.exr,0.162841,1
hdr_03138.exr,0.081271,1
hdr_03139.exr,0.069514,1
hdr_03140.exr,0.147685,1
hdr_03141.exr,0.053054,1
hdr_03142.exr,-0.012739,1
hdr_03143.exr,0.044510,1
hdr_03144.exr,0.056616,1
hdr_03145.exr,0.073092,1
hdr_03146.exr,0.154326,1
hdr_03147.exr,0.089596,1
hdr_03148.exr,0.012127,1
hdr_03149.exr,0.160554,1
hdr_03150.exr,0.153359,1
hdr_03151.exr,0.039357,1
hdr_03152.exr,-0.007729,1
hdr_03153.exr,0.002145,1
hdr_03154.exr,0.005935,1
hdr_03155.exr,0.180300,1
hdr_03156.exr,0.330454,1
hdr_03157.exr,0.123719,1
hdr_03158.exr,0.075754,1
hdr_03159.exr,0.046997,1
hdr_03160.exr,0.079239,1
hdr_03161.exr,0.040953,1
hdr_03162.exr,0.038119,1
hdr_03163.exr,0.063671,1
hdr_03164.exr,0.067187,1
hdr_03165.exr,0.048018,1
hdr_03166.exr,0.105518,1
hdr_03167.exr,0.049154,1
hdr_03168.exr,0.090231,1
hdr_03169.exr,0.061441,1
hdr_03170.exr,0.145900,1
hdr_03171.exr,0.487480,1
hdr_03172.exr,0.509705,1
hdr_03173.exr,0.400422,1
hdr_03174.exr,0.265807,1
hdr_03175.exr,0.036749,1
hdr_03176.exr,0.031151,1
hdr_03177.exr,0.059131,1
hdr_03178.exr,0.042153,1
hdr_03179.exr,0.049645,1
hdr_03180.exr,0.094166,1
hdr_03181.exr,0.040271,1
hdr_03182.exr,0.089022,1
hdr_03183.exr,0.102588,1
hdr_03184.exr,0.175592,1
hdr_03185.exr,0.087194,1
hdr_03186.exr,0.184530,1
hdr_03187.exr,0.090760,1
hdr_03188.exr,0.128496,1
hdr_03189.exr,0.293620,1
hdr_03190.exr,0.243814,1
hdr_03191.exr,0.241568,1
hdr_03192.exr,0.117741,1
hdr_03193.exr,0.238769,1
hdr_03194.exr,0.091365,1
hdr_03195.exr,-0.001508,1
hdr_03196.exr,0.075597,1
hdr_03197.exr,0.050078,1
hdr_03198.exr,0.085209,1
hdr_03199.exr,0.100756,1
hdr_03200.exr,0.097350,1
hdr_03201.exr,0.131277,1
hdr_03202.exr,0.163963,1
hdr_03203.exr,0.101567,1
hdr_03204.exr,-0.003957,1
hdr_03205.exr,0.066591,1
hdr_03206.exr,0.115307,1
hdr_03207.exr,0.122054,1
hdr_03208.exr,0.249712,1
hdr_03209.exr,0.178035,1
hdr_03210.exr,0.148149,1
hdr_03211.exr,0.217260,1
hdr_03212.exr,0.162539,1
hdr_03213.exr,0.193222,1
hdr_03214.exr,0.194457,1
hdr_03215.exr,0.034993,1
hdr_03216.exr,0.044767,1
hdr_03217.exr,0.026453,1
hdr_03218.exr,0.125904,1
hdr_03219.exr,0.152656,1
hdr_03220.exr,0.112142,1
hdr_03221.exr,0.037422,1
hdr_03222.exr,0.076637,1
hdr_03223.exr,0.016547,1
hdr_03224.exr,0.240587,1
hdr_03225.exr,0.010392,1
hdr_03226.exr,0.039533,1
hdr_03227.exr,0.025408,1
hdr_03228.exr,0.031604,1
hdr_03229.exr,0.090186,1
hdr_03230.exr,0.160219,1
hdr_03231.exr,0.012781,1
hdr_03232.exr,0.271340,1
hdr_03233.exr,0.032837,1
hdr_03234.exr,0.325775,1
hdr_03235.exr,0.167125,1
hdr_03236.exr,0.270908,1
hdr_03237.exr,0.000662,1
hdr_03238.exr,0.092131,1
hdr_03239.exr,0.148209,1
hdr_03240.exr,0.027452,1
hdr_03241.exr,-0.021275,1
hdr_03242.exr,0.063465,1
hdr_03243.exr,0.069073,1
hdr_03244.exr,0.028030,1
hdr_03245.exr,0.041129,1
hdr_03246.exr,0.066233,1
hdr_03247.exr,0.091587,1
hdr_03248.exr,0.084226,1
hdr_03249.exr,0.053735,1
hdr_03250.exr,0.286559,1
hdr_03251.exr,0.241528,1
hdr_03252.exr,0.015124,1
hdr_03253.exr,0.058227,1
hdr_03254.exr,0.025510,1
hdr_03255.exr,0.099502,1
hdr_03256.exr,0.102760,1
hdr_03257.exr,0.082566,1
hdr_03258.exr,0.233761,1
hdr_03259.exr,0.200617,1
hdr_03260.exr,0.184181,1
hdr_03261.exr,0.100858,1
hdr_03262.exr,0.080311,1
hdr_03263.exr,0.071136,1
hdr_03264.exr,0.055950,1
hdr_03265.exr,0.610267,1
hdr_03266.exr,0.052779,1
hdr_03267.exr,0.112289,1
hdr_03268.exr,0.136522,1
hdr_03269.exr,0.129798,1
hdr_03270.exr,0.133538,1
hdr_03271.exr,0.029595,1
hdr_03272.exr,0.108124,1
hdr_03273.exr,0.079234,1
hdr_03274.exr,0.138102,1
hdr_03275.exr,0.065731,1
hdr_03276.exr,0.073507,1
hdr_03277.exr,0.117022,1
hdr_03278.exr,0.105983,1
hdr_03279.exr,0.027865,1
hdr_03280.exr,0.074617,1
hdr_03281.exr,0.001119,1
hdr_03282.exr,0.058241,1
hdr_03283.exr,0.030344,1
hdr_03284.exr,0.048377,1
hdr_03285.exr,0.099827,1
hdr_03286.exr,0.207112,1
hdr_03287.exr,0.022755,1
hdr_03288.exr,0.079160,1
hdr_03289.exr,0.069301,1
hdr_03290.exr,0.082005,1
hdr_03291.exr,0.086678,1
hdr_03292.exr,0.091047,1
hdr_03293.exr,0.080296,1
hdr_03294.exr,0.062874,1
hdr_03295.exr,0.084320,1
hdr_03296.exr,0.021136,1
hdr_03297.exr,0.071149,1
hdr_03298.exr,0.082734,1
hdr_03299.exr,0.060324,1
hdr_03300.exr,0.049130,1
hdr_03301.exr,0.201888,1
hdr_03302.exr,0.038341,1
hdr_03303.exr,0.036847,1
hdr_03304.exr,0.013564,1
hdr_03305.exr,0.025072,1
hdr_03306.exr,0.042529,1
hdr_03307.exr,0.301372,1
hdr_03308.exr,0.113446,1
hdr_03309.exr,0.048935,1
hdr_03310.exr,0.071625,1
hdr_03311.exr,0.056756,1
hdr_03312.exr,0.083380,1
hdr_03313.exr,0.173635,1
hdr_03314.exr,0.204534,1
hdr_03315.exr,0.106978,1
hdr_03316.exr,0.084170,1
hdr_03317.exr,0.074816,1
hdr_03318.exr,0.110819,1
hdr_03319.exr,0.085739,1
hdr_03320.exr,0.081981,1
hdr_03321.exr,0.192131,1
hdr_03322.exr,0.029305,1
hdr_03323.exr,0.046013,1
hdr_03324.exr,0.021112,1
hdr_03325.exr,0.073378,1
hdr_03326.exr,-0.009526,1
hdr_03327.exr,0.300573,1
hdr_03328.exr,0.180271,1
hdr_03329.exr,0.118508,1
hdr_03330.exr,0.126533,1
hdr_03331.exr,0.173379,1
hdr_03332.exr,0.055116,1
hdr_03333.exr,0.181028,1
hdr_03334.exr,0.161976,1
hdr_03335.exr,0.218108,1
hdr_03336.exr,0.134431,1
hdr_03337.exr,0.171417,1
hdr_03338.exr,0.102365,1
hdr_03339.exr,0.044865,1
hdr_03340.exr,0.053195,1
hdr_03341.exr,0.084302,1
hdr_03342.exr,0.089375,1
hdr_03343.exr,0.053191,1
hdr_03344.exr,0.094879,1
hdr_03345.exr,0.308819,1
hdr_03346.exr,0.053978,1
hdr_03347.exr,0.624661,1
hdr_03348.exr,0.782586,1
hdr_03349.exr,0.409404,1
hdr_03350.exr,0.408636,1
hdr_03351.exr,0.586224,1
hdr_03352.exr,0.509573,1
hdr_03353.exr,0.765426,1
hdr_03354.exr,0.064783,1
hdr_03355.exr,0.036259,1
hdr_03356.exr,0.064399,1
hdr_03357.exr,0.490426,1
hdr_03358.exr,0.221498,1
hdr_03359.exr,0.204454,1
hdr_03360.exr,0.095337,1
hdr_03361.exr,0.117852,1
hdr_03362.exr,0.174370,1
hdr_03363.exr,0.314558,1
hdr_03364.exr,0.339347,1
hdr_03365.exr,0.243532,1
hdr_03366.exr,0.583559,1
hdr_03367.exr,0.047427,1
hdr_03368.exr,0.085531,1
hdr_03369.exr,0.079822,1
hdr_03370.exr,0.175343,1
hdr_03371.exr,0.086032,1
hdr_03372.exr,0.049832,1
hdr_03373.exr,0.917024,1
hdr_03374.exr,0.130321,1
hdr_03375.exr,0.024317,1
hdr_03376.exr,0.061121,1
hdr_03377.exr,0.193978,1
hdr_03378.exr,0.086189,1
hdr_03379.exr,0.246903,1
hdr_03380.exr,0.179059,1
hdr_03381.exr,0.097491,1
hdr_03382.exr,0.056795,1
hdr_03383.exr,0.161135,1
hdr_03384.exr,0.401212,1
hdr_03385.exr,0.145187,1
hdr_03386.exr,0.172745,1
hdr_03387.exr,0.014590,1
hdr_03388.exr,-0.022706,1
hdr_03389.exr,0.604043,1
hdr_03390.exr,0.007609,1
hdr_03391.exr,0.057096,1
hdr_03392.exr,0.202733,1
hdr_03393.exr,0.073368,1
hdr_03394.exr,0.217381,1
hdr_03395.exr,0.202288,1
hdr_03396.exr,0.049635,1
hdr_03397.exr,0.303016,1
hdr_03398.exr,0.045397,1
hdr_03399.exr,0.126887,1
hdr_03400.exr,0.200973,1
hdr_03401.exr,0.113900,1
hdr_03402.exr,0.141927,1
hdr_03403.exr,0.198896,1
hdr_03404.exr,0.039538,1
hdr_03405.exr,0.080885,1
hdr_03406.exr,0.066736,1
hdr_03407.exr,0.037077,1
hdr_03408.exr,0.044306,1
hdr_03409.exr,0.945928,0
hdr_03410.exr,0.476547,1
hdr_03411.exr,0.132241,1
hdr_03412.exr,0.045671,1
hdr_03413.exr,0.021707,1
hdr_03414.exr,0.152939,1
hdr_03415.exr,0.167354,1
hdr_03416.exr,0.173497,1
hdr_03417.exr,0.133644,1
hdr_03418.exr,0.040528,1
hdr_03419.exr,0.035934,1
hdr_03420.exr,0.042166,1
hdr_03421.exr,0.079635,1
hdr_03422.exr,0.033729,1
hdr_03423.exr,0.208362,1
hdr_03424.exr,0.522670,1
hdr_03425.exr,0.322134,1
hdr_03426.exr,0.188054,1
hdr_03427.exr,0.031569,1
hdr_03428.exr,0.051837,1
hdr_03429.exr,0.156136,1
hdr_03430.exr,0.353416,1
hdr_03431.exr,0.032686,1
hdr_03432.exr,0.025701,1
hdr_03433.exr,0.066424,1
hdr_03434.exr,0.148175,1
hdr_03435.exr,0.205959,1
hdr_03436.exr,0.032561,1
hdr_03437.exr,0.075487,1
hdr_03438.exr,0.023262,1
hdr_03439.exr,0.045741,1
hdr_03440.exr,0.208725,1
hdr_03441.exr,0.145107,1
hdr_03442.exr,0.329653,1
hdr_03443.exr,0.298556,1
hdr_03444.exr,0.330963,1
hdr_03445.exr,0.215185,1
hdr_03446.exr,0.261725,1
hdr_03447.exr,0.495810,1
hdr_03448.exr,0.370869,1
hdr_03449.exr,0.107729,1
hdr_03450.exr,0.404543,1
hdr_03451.exr,0.221643,1
hdr_03452.exr,0.066578,1
hdr_03453.exr,0.248869,1
hdr_03454.exr,0.160249,1
hdr_03455.exr,0.037745,1
hdr_03456.exr,0.030749,1
hdr_03457.exr,0.223220,1
hdr_03458.exr,0.043101,1
hdr_03459.exr,0.083445,1
hdr_03460.exr,0.007143,1
hdr_03461.exr,0.054267,1
hdr_03462.exr,0.260235,1
hdr_03463.exr,0.085199,1
hdr_03464.exr,0.292601,1
hdr_03465.exr,0.367187,1
hdr_03466.exr,0.042634,1
hdr_03467.exr,0.347971,1
hdr_03468.exr,0.141065,1
hdr_03469.exr,0.040360,1
hdr_03470.exr,0.078444,1
hdr_03471.exr,0.035653,1
hdr_03472.exr,0.051116,1
hdr_03473.exr,0.106286,1
hdr_03474.exr,0.108225,1
hdr_03475.exr,0.100003,1
hdr_03476.exr,0.114649,1
hdr_03477.exr,0.071949,1
hdr_03478.exr,0.588194,1
hdr_03479.exr,0.339213,1
hdr_03480.exr,0.507439,1
hdr_03481.exr,0.260661,1
hdr_03482.exr,0.842529,1
hdr_03483.exr,0.460731,1
hdr_03484.exr,0.024173,1
hdr_03485.exr,0.100638,1
hdr_03486.exr,0.148253,1
hdr_03487.exr,0.064551,1
hdr_03488.exr,0.134408,1
hdr_03489.exr,0.212770,1
hdr_03490.exr,0.032369,1
hdr_03491.exr,0.576599,1
hdr_03492.exr,0.111982,1
hdr_03493.exr,0.074236,1
hdr_03494.exr,0.107621,1
hdr_03495.exr,0.302847,1
hdr_03496.exr,0.022287,1
hdr_03497.exr,0.050400,1
hdr_03498.exr,0.103067,1
hdr_03499.exr,0.731872,1
hdr_03500.exr,0.598233,1
hdr_03501.exr,0.016860,1
hdr_03502.exr,0.233138,1
hdr_03503.exr,0.051069,1
hdr_03504.exr,0.190880,1
hdr_03505.exr,0.249603,1
hdr_03506.exr,0.073090,1
hdr_03507.exr,0.149625,1
hdr_03508.exr,0.155522,1
hdr_03509.exr,0.772646,1
hdr_03510.exr,0.204242,1
hdr_03511.exr,0.277643,1
hdr_03512.exr,0.501971,1
hdr_03513.exr,0.455257,1
hdr_03514.exr,0.564811,1
hdr_03515.exr,0.163801,1
hdr_03516.exr,0.040809,1
hdr_03517.exr,0.048197,1
hdr_03518.exr,0.093866,1
hdr_03519.exr,0.116396,1
hdr_03520.exr,0.384079,1
hdr_03521.exr,0.342197,1
hdr_03522.exr,0.031491,1
hdr_03523.exr,0.062433,1
hdr_03524.exr,0.149379,1
hdr_03525.exr,0.882457,1
hdr_03526.exr,0.120666,1
hdr_03527.exr,0.066223,1
hdr_03528.exr,0.249814,1
hdr_03529.exr,0.221427,1
hdr_03530.exr,0.073161,1
hdr_03531.exr,0.149016,1
hdr_03532.exr,0.063603,1
hdr_03533.exr,0.037325,1
hdr_03534.exr,0.202777,1
hdr_03535.exr,0.089210,1
hdr_03536.exr,0.130525,1
hdr_03537.exr,0.107535,1
hdr_03538.exr,0.234080,1
hdr_03539.exr,0.122451,1
hdr_03540.exr,0.078369,1
hdr_03541.exr,0.023765,1
hdr_03542.exr,0.083950,1
hdr_03543.exr,0.097348,1
hdr_03544.exr,0.066182,1
hdr_03545.exr,0.151260,1
hdr_03546.exr,0.054368,1
hdr_03547.exr,0.352585,1
hdr_03548.exr,0.061240,1
hdr_03549.exr,0.101065,1
hdr_03550.exr,0.216945,1
hdr_03551.exr,0.266673,1
hdr_03552.exr,0.111141,1
hdr_03553.exr,0.105598,1
hdr_03554.exr,0.072634,1
hdr_03555.exr,0.045661,1
hdr_03556.exr,0.430891,1
hdr_03557.exr,0.280085,1
hdr_03558.exr,0.445083,1
hdr_03559.exr,0.146808,1
hdr_03560.exr,0.109606,1
hdr_03561.exr,0.186599,1
hdr_03562.exr,0.143407,1
hdr_03563.exr,0.105611,1
hdr_03564.exr,0.171356,1
hdr_03565.exr,0.111994,1
hdr_03566.exr,0.130285,1
hdr_03567.exr,0.194171,1
hdr_03568.exr,0.563984,1
hdr_03569.exr,0.068476,1
hdr_03570.exr,0.097515,1
hdr_03571.exr,0.309170,1
hdr_03572.exr,0.100832,1
hdr_03573.exr,0.102467,1
hdr_03574.exr,0.197602,1
hdr_03575.exr,0.072826,1
hdr_03576.exr,0.166086,1
hdr_03577.exr,0.086527,1
hdr_03578.exr,0.158198,1
hdr_03579.exr,0.075315,1
hdr_03580.exr,0.028122,1
hdr_03581.exr,0.201997,1
hdr_03582.exr,0.176144,1
hdr_03583.exr,0.069299,1
hdr_03584.exr,0.105735,1
hdr_03585.exr,0.082432,1
hdr_03586.exr,0.115165,1
hdr_03587.exr,0.083563,1
hdr_03588.exr,0.041124,1
hdr_03589.exr,0.133985,1
hdr_03590.exr,0.086001,1
hdr_03591.exr,0.098680,1
hdr_03592.exr,0.108993,1
hdr_03593.exr,0.128303,1
hdr_03594.exr,0.076922,1
hdr_03595.exr,0.249036,1
hdr_03596.exr,0.022834,1
hdr_03597.exr,0.355148,1
hdr_03598.exr,0.003686,1
hdr_03599.exr,0.135534,1
hdr_03600.exr,0.125370,1
hdr_03601.exr,0.045343,1
hdr_03602.exr,0.054547,1
hdr_03603.exr,0.039603,1
hdr_03604.exr,0.010346,1
hdr_03605.exr,0.053503,1
hdr_03606.exr,0.093420,1
hdr_03607.exr,0.078515,1
hdr_03608.exr,0.050150,1
hdr_03609.exr,0.021693,1
hdr_03610.exr,0.092368,1
hdr_03611.exr,0.030537,1
hdr_03612.exr,0.031014,1
hdr_03613.exr,0.112932,1
hdr_03614.exr,0.104034,1
hdr_03615.exr,0.087603,1
hdr_03616.exr,0.140847,1
hdr_03617.exr,0.096445,1
hdr_03618.exr,0.051344,1
hdr_03619.exr,0.036130,1
hdr_03620.exr,0.091731,1
hdr_03621.exr,0.173763,1
hdr_03622.exr,0.096187,1
hdr_03623.exr,0.178376,1
hdr_03624.exr,0.156311,1
hdr_03625.exr,0.027844,1
hdr_03626.exr,0.295042,1
hdr_03627.exr,0.030558,1
hdr_03628.exr,0.074479,1
hdr_03629.exr,0.000203,1
hdr_03630.exr,0.044681,1
hdr_03631.exr,0.036771,1
hdr_03632.exr,0.057095,1
hdr_03633.exr,0.105081,1
hdr_03634.exr,0.085417,1
hdr_03635.exr,0.136835,1
hdr_03636.exr,0.097616,1
hdr_03637.exr,0.110533,1
hdr_03638.exr,0.094814,1
hdr_03639.exr,0.159584,1
hdr_03640.exr,0.106734,1
hdr_03641.exr,0.041566,1
hdr_03642.exr,0.071818,1
hdr_03643.exr,0.058457,1
hdr_03644.exr,-0.006387,1
hdr_03645.exr,0.048258,1
hdr_03646.exr,0.021841,1
hdr_03647.exr,0.030352,1
hdr_03648.exr,0.167665,1
hdr_03649.exr,0.137218,1
hdr_03650.exr,0.190322,1
hdr_03651.exr,0.155235,1
hdr_03652.exr,0.124455,1
hdr_03653.exr,0.072240,1
hdr_03654.exr,0.184347,1
hdr_03655.exr,0.277497,1
hdr_03656.exr,0.080189,1
hdr_03657.exr,0.046122,1
hdr_03658.exr,0.183681,1
hdr_03659.exr,0.136302,1
hdr_03660.exr,0.183978,1
hdr_03661.exr,0.158488,1
hdr_03662.exr,0.082551,1
hdr_03663.exr,0.090196,1
hdr_03664.exr,0.059213,1
hdr_03665.exr,0.096205,1
hdr_03666.exr,0.049122,1
hdr_03667.exr,0.089329,1
hdr_03668.exr,0.031831,1
hdr_03669.exr,0.079772,1
hdr_03670.exr,0.045905,1
hdr_03671.exr,-0.003040,1
hdr_03672.exr,0.020216,1
hdr_03673.exr,0.048545,1
hdr_03674.exr,0.033451,1
hdr_03675.exr,0.025683,1
hdr_03676.exr,0.036086,1
hdr_03677.exr,0.073571,1
hdr_03678.exr,0.095342,1
hdr_03679.exr,0.212738,1
hdr_03680.exr,0.184864,1
hdr_03681.exr,0.031372,1
hdr_03682.exr,0.084236,1
hdr_03683.exr,0.114614,1
hdr_03684.exr,0.206135,1
hdr_03685.exr,0.350423,1
hdr_03686.exr,0.160854,1
hdr_03687.exr,0.106356,1
hdr_03688.exr,0.091450,1
hdr_03689.exr,0.089161,1
hdr_03690.exr,0.047741,1
hdr_03691.exr,0.034539,1
hdr_03692.exr,0.059117,1
hdr_03693.exr,0.204769,1
hdr_03694.exr,0.083226,1
hdr_03695.exr,0.095589,1
hdr_03696.exr,0.173877,1
hdr_03697.exr,0.061268,1
hdr_03698.exr,0.051272,1
hdr_03699.exr,0.019672,1
hdr_03700.exr,0.066227,1
hdr_03701.exr,0.078171,1
hdr_03702.exr,0.123628,1
hdr_03703.exr,0.183183,1
hdr_03704.exr,0.063077,1
hdr_03705.exr,0.258780,1
hdr_03706.exr,0.207614,1
hdr_03707.exr,0.272857,1
hdr_03708.exr,0.286989,1
hdr_03709.exr,0.038220,1
hdr_03710.exr,0.049614,1
hdr_03711.exr,0.069597,1
hdr_03712.exr,0.219291,1
hdr_03713.exr,0.109964,1
hdr_03714.exr,0.144668,1
hdr_03715.exr,0.037763,1
hdr_03716.exr,0.074955,1
hdr_03717.exr,0.115372,1
hdr_03718.exr,0.318611,1
hdr_03719.exr,0.321095,1
hdr_03720.exr,0.337266,1
hdr_03721.exr,0.401829,1
hdr_03722.exr,0.324122,1
hdr_03723.exr,0.255203,1
hdr_03724.exr,0.280983,1
hdr_03725.exr,0.072440,1
hdr_03726.exr,0.033147,1
hdr_03727.exr,0.042054,1
hdr_03728.exr,0.022237,1
hdr_03729.exr,0.019368,1
hdr_03730.exr,0.118345,1
hdr_03731.exr,0.026741,1
hdr_03732.exr,0.082714,1
hdr_03733.exr,0.089064,1
hdr_03734.exr,0.088264,1
hdr_03735.exr,0.111849,1
hdr_03736.exr,0.130007,1
hdr_03737.exr,0.141501,1
hdr_03738.exr,0.049775,1
hdr_03739.exr,0.078723,1
hdr_03740.exr,0.121420,1
hdr_03741.exr,0.250148,1
hdr_03742.exr,0.120160,1
hdr_03743.exr,0.085954,1
hdr_03744.exr,0.081595,1
hdr_03745.exr,0.039386,1
hdr_03746.exr,0.502571,1
hdr_03747.exr,0.276234,1
hdr_03748.exr,0.115879,1
hdr_03749.exr,0.267825,1
hdr_03750.exr,0.077191,1
hdr_03751.exr,0.090845,1
hdr_03752.exr,0.098090,1
hdr_03753.exr,0.071862,1
hdr_03754.exr,0.091100,1
hdr_03755.exr,0.139866,1
hdr_03756.exr,0.047825,1
hdr_03757.exr,0.067279,1
hdr_03758.exr,0.064672,1
hdr_03759.exr,0.069281,1
hdr_03760.exr,0.078377,1
hdr_03761.exr,0.224058,1
hdr_03762.exr,0.591858,1
hdr_03763.exr,0.299510,1
hdr_03764.exr,0.261233,1
hdr_03765.exr,0.296626,1
hdr_03766.exr,0.301474,1
hdr_03767.exr,0.190521,1
hdr_03768.exr,0.151766,1
hdr_03769.exr,0.082724,1
hdr_03770.exr,0.096487,1
hdr_03771.exr,0.101783,1
hdr_03772.exr,0.573672,1
hdr_03773.exr,0.308776,1
hdr_03774.exr,0.049826,1
hdr_03775.exr,0.050435,1
hdr_03776.exr,0.263842,1
hdr_03777.exr,0.038909,1
hdr_03778.exr,0.073498,1
hdr_03779.exr,0.050704,1
hdr_03780.exr,0.146786,1
hdr_03781.exr,0.129320,1
hdr_03782.exr,0.225692,1
hdr_03783.exr,0.110062,1
hdr_03784.exr,0.041368,1
hdr_03785.exr,0.053668,1
hdr_03786.exr,0.058385,1
hdr_03787.exr,0.336099,1
hdr_03788.exr,0.068086,1
hdr_03789.exr,0.173250,1
hdr_03790.exr,0.199799,1
hdr_03791.exr,0.163921,1
hdr_03792.exr,0.246782,1
hdr_03793.exr,0.126874,1
hdr_03794.exr,0.070031,1
hdr_03795.exr,0.182844,1
hdr_03796.exr,0.094907,1
hdr_03797.exr,0.034121,1
hdr_03798.exr,0.178671,1
hdr_03799.exr,0.031668,1
hdr_03800.exr,0.081719,1
hdr_03801.exr,-0.035798,1
hdr_03802.exr,0.071889,1
hdr_03803.exr,0.058152,1
hdr_03804.exr,0.025748,1
hdr_03805.exr,0.541551,1
hdr_03806.exr,0.582221,1
hdr_03807.exr,0.322997,1
hdr_03808.exr,0.093415,1
hdr_03809.exr,0.306608,1
hdr_03810.exr,0.308293,1
hdr_03811.exr,0.102625,1
hdr_03812.exr,0.024293,1
hdr_03813.exr,0.043899,1
hdr_03814.exr,0.095746,1
hdr_03815.exr,0.109672,1
hdr_03816.exr,0.039096,1
hdr_03817.exr,0.093443,1
hdr_03818.exr,0.178920,1
hdr_03819.exr,0.066962,1
hdr_03820.exr,0.091782,1
hdr_03821.exr,0.114198,1
hdr_03822.exr,0.051545,1
hdr_03823.exr,0.074797,1
hdr_03824.exr,0.113671,1
hdr_03825.exr,0.218441,1
hdr_03826.exr,0.092088,1
hdr_03827.exr,0.097976,1
hdr_03828.exr,0.124297,1
hdr_03829.exr,0.066838,1
hdr_03830.exr,0.115525,1
hdr_03831.exr,0.118612,1
hdr_03832.exr,0.160165,1
hdr_03833.exr,0.043846,1
hdr_03834.exr,0.005469,1
hdr_03835.exr,0.020870,1
hdr_03836.exr,0.078351,1
hdr_03837.exr,0.085428,1
hdr_03838.exr,0.064404,1
hdr_03839.exr,0.064584,1
hdr_03840.exr,0.094067,1
hdr_03841.exr,0.038627,1
hdr_03842.exr,0.018084,1
hdr_03843.exr,0.041466,1
hdr_03844.exr,0.034274,1
hdr_03845.exr,0.093393,1
hdr_03846.exr,0.015423,1
hdr_03847.exr,0.120454,1
hdr_03848.exr,0.022245,1
hdr_03849.exr,0.100469,1
hdr_03850.exr,0.096072,1
hdr_03851.exr,0.117013,1
hdr_03852.exr,0.150224,1
hdr_03853.exr,0.057612,1
hdr_03854.exr,0.076042,1
hdr_03855.exr,0.269263,1
hdr_03856.exr,0.200199,1
hdr_03857.exr,0.174713,1
hdr_03858.exr,0.551783,1
hdr_03859.exr,0.093230,1
hdr_03860.exr,0.123132,1
hdr_03861.exr,0.098377,1
hdr_03862.exr,0.263629,1
hdr_03863.exr,0.081892,1
hdr_03864.exr,0.050781,1
hdr_03865.exr,0.318904,1
hdr_03866.exr,0.061551,1
hdr_03867.exr,0.140551,1
hdr_03868.exr,0.129582,1
hdr_03869.exr,0.215056,1
hdr_03870.exr,0.084352,1
hdr_03871.exr,0.147808,1
hdr_03872.exr,0.062654,1
hdr_03873.exr,0.038602,1
hdr_03874.exr,0.105141,1
hdr_03875.exr,0.038004,1
hdr_03876.exr,0.104101,1
hdr_03877.exr,0.060991,1
hdr_03878.exr,0.138540,1
hdr_03879.exr,0.309539,1
hdr_03880.exr,0.602858,1
hdr_03881.exr,0.119669,1
hdr_03882.exr,0.103272,1
hdr_03883.exr,0.066680,1
hdr_03884.exr,0.086329,1
hdr_03885.exr,0.435200,1
hdr_03886.exr,0.053314,1
hdr_03887.exr,0.083038,1
hdr_03888.exr,0.097440,1
hdr_03889.exr,0.069511,1
hdr_03890.exr,0.181387,1
hdr_03891.exr,0.194032,1
hdr_03892.exr,0.103855,1
hdr_03893.exr,0.048820,1
hdr_03894.exr,0.073952,1
hdr_03895.exr,0.054705,1
hdr_03896.exr,0.141879,1
hdr_03897.exr,0.093240,1
hdr_03898.exr,0.120112,1
hdr_03899.exr,0.068804,1
hdr_03900.exr,0.018967,1
hdr_03901.exr,0.095458,1
hdr_03902.exr,0.036942,1
hdr_03903.exr,0.114907,1
hdr_03904.exr,0.041820,1
hdr_03905.exr,0.184564,1
hdr_03906.exr,0.091279,1
hdr_03907.exr,0.061246,1
hdr_03908.exr,0.034081,1
hdr_03909.exr,0.012690,1
hdr_03910.exr,0.063339,1
hdr_03911.exr,0.025792,1
hdr_03912.exr,0.054608,1
hdr_03913.exr,0.111675,1
hdr_03914.exr,0.354801,1
hdr_03915.exr,0.017736,1
hdr_03916.exr,0.085200,1
hdr_03917.exr,0.075280,1
hdr_03918.exr,0.129538,1
hdr_03919.exr,0.331958,1
hdr_03920.exr,0.286123,1
hdr_03921.exr,0.204643,1
hdr_03922.exr,0.189104,1
hdr_03923.exr,0.075289,1
hdr_03924.exr,0.064513,1
hdr_03925.exr,0.090876,1
hdr_03926.exr,0.109278,1
hdr_03927.exr,0.023755,1
hdr_03928.exr,0.000534,1
hdr_03929.exr,0.047740,1
hdr_03930.exr,-0.005700,1
hdr_03931.exr,0.092775,1
hdr_03932.exr,0.158321,1
hdr_03933.exr,0.030841,1
hdr_03934.exr,-0.022269,1
hdr_03935.exr,0.027811,1
hdr_03936.exr,0.068915,1
hdr_03937.exr,0.031338,1
hdr_03938.exr,0.024860,1
hdr_03939.exr,0.051593,1
hdr_03940.exr,0.203848,1
hdr_03941.exr,0.038292,1
hdr_03942.exr,0.063178,1
hdr_03943.exr,0.116407,1
hdr_03944.exr,0.088607,1
hdr_03945.exr,0.031428,1
hdr_03946.exr,0.089242,1
hdr_03947.exr,0.107469,1
hdr_03948.exr,0.029986,1
hdr_03949.exr,0.060317,1
hdr_03950.exr,0.061367,1
hdr_03951.exr,0.075010,1
hdr_03952.exr,0.055683,1
hdr_03953.exr,0.100641,1
hdr_03954.exr,0.071608,1
hdr_03955.exr,0.083936,1
hdr_03956.exr,0.320986,1
hdr_03957.exr,0.149888,1
hdr_03958.exr,0.008338,1
hdr_03959.exr,0.038603,1
hdr_03960.exr,0.051566,1
hdr_03961.exr,0.216073,1
hdr_03962.exr,0.300782,1
hdr_03963.exr,0.040589,1
hdr_03964.exr,0.127417,1
hdr_03965.exr,0.359559,1
hdr_03966.exr,0.267560,1
hdr_03967.exr,0.109347,1
hdr_03968.exr,0.473478,1
hdr_03969.exr,0.143649,1
hdr_03970.exr,0.161302,1
hdr_03971.exr,0.000310,1
hdr_03972.exr,0.085771,1
hdr_03973.exr,0.203632,1
hdr_03974.exr,0.069102,1
hdr_03975.exr,0.055496,1
hdr_03976.exr,0.080441,1
hdr_03977.exr,0.054315,1
hdr_03978.exr,0.053890,1
hdr_03979.exr,0.152053,1
hdr_03980.exr,0.099746,1
hdr_03981.exr,0.184828,1
hdr_03982.exr,0.127898,1
hdr_03983.exr,0.052937,1
hdr_03984.exr,0.051729,1
hdr_03985.exr,0.011181,1
hdr_03986.exr,0.060913,1
hdr_03987.exr,0.001020,1
hdr_03988.exr,0.026597,1
hdr_03989.exr,0.045339,1
hdr_03990.exr,0.108954,1
hdr_03991.exr,0.151188,1
hdr_03992.exr,0.006328,1
hdr_03993.exr,0.114529,1
hdr_03994.exr,0.095266,1
hdr_03995.exr,0.121775,1
hdr_03996.exr,0.053825,1
hdr_03997.exr,0.045972,1
hdr_03998.exr,0.055009,1
hdr_03999.exr,0.128464,1
hdr_04000.exr,0.087900,1
hdr_04001.exr,0.025995,1
hdr_04002.exr,-0.003553,1
hdr_04003.exr,0.057387,1
hdr_04004.exr,0.038084,1
hdr_04005.exr,0.056528,1
hdr_04006.exr,0.068553,1
hdr_04007.exr,0.057406,1
hdr_04008.exr,0.039488,1
hdr_04009.exr,0.121778,1
hdr_04010.exr,0.115092,1
hdr_04011.exr,0.009463,1
hdr_04012.exr,0.044711,1
hdr_04013.exr,0.131313,1
hdr_04014.exr,0.052055,1
hdr_04015.exr,0.034033,1
hdr_04016.exr,-0.001737,1
hdr_04017.exr,0.039377,1
hdr_04018.exr,0.078708,1
hdr_04019.exr,0.139772,1
hdr_04020.exr,0.062694,1
hdr_04021.exr,0.047863,1
hdr_04022.exr,0.024745,1
hdr_04023.exr,0.038355,1
hdr_04024.exr,0.045332,1
hdr_04025.exr,0.047634,1
hdr_04026.exr,0.124744,1
hdr_04027.exr,0.038923,1
hdr_04028.exr,0.140385,1
hdr_04029.exr,0.070521,1
hdr_04030.exr,0.024624,1
hdr_04031.exr,0.034058,1
hdr_04032.exr,0.023496,1
hdr_04033.exr,0.092095,1
hdr_04034.exr,0.026159,1
hdr_04035.exr,0.047892,1
hdr_04036.exr,0.027705,1
hdr_04037.exr,0.441384,1
hdr_04038.exr,0.140379,1
hdr_04039.exr,0.301795,1
hdr_04040.exr,0.157988,1
hdr_04041.exr,0.119283,1
hdr_04042.exr,0.283918,1
hdr_04043.exr,0.166053,1
hdr_04044.exr,0.350014,1
hdr_04045.exr,0.316151,1
hdr_04046.exr,0.187257,1
hdr_04047.exr,0.321147,1
hdr_04048.exr,0.362622,1
hdr_04049.exr,0.067674,1
hdr_04050.exr,0.043696,1
hdr_04051.exr,0.033940,1
hdr_04052.exr,0.135875,1
hdr_04053.exr,0.048035,1
hdr_04054.exr,0.009166,1
hdr_04055.exr,0.087581,1
hdr_04056.exr,0.110648,1
hdr_04057.exr,0.088812,1
hdr_04058.exr,0.114960,1
hdr_04059.exr,0.126952,1
hdr_04060.exr,0.004993,1
hdr_04061.exr,0.072985,1
hdr_04062.exr,0.031141,1
hdr_04063.exr,0.048883,1
hdr_04064.exr,0.014175,1
hdr_04065.exr,0.077386,1
hdr_04066.exr,0.052891,1
hdr_04067.exr,0.054430,1
hdr_04068.exr,0.020873,1
hdr_04069.exr,0.051477,1
hdr_04070.exr,0.088557,1
hdr_04071.exr,0.068742,1
hdr_04072.exr,0.054672,1
hdr_04073.exr,0.033188,1
hdr_04074.exr,0.091913,1
hdr_04075.exr,0.053843,1
hdr_04076.exr,0.121974,1
hdr_04077.exr,0.270760,1
hdr_04078.exr,0.105321,1
hdr_04079.exr,0.142714,1
hdr_04080.exr,0.242497,1
hdr_04081.exr,0.061577,1
hdr_04082.exr,0.033029,1
hdr_04083.exr,0.140570,1
hdr_04084.exr,0.136470,1
hdr_04085.exr,0.043987,1
hdr_04086.exr,0.067923,1
hdr_04087.exr,0.066075,1
hdr_04088.exr,0.089302,1
hdr_04089.exr,0.067112,1
hdr_04090.exr,0.040130,1
hdr_04091.exr,0.038979,1
hdr_04092.exr,0.011927,1
hdr_04093.exr,0.109669,1
hdr_04094.exr,0.083573,1
hdr_04095.exr,0.061315,1
hdr_04096.exr,0.038863,1
hdr_04097.exr,0.144037,1
hdr_04098.exr,0.015753,1
hdr_04099.exr,0.025479,1
hdr_04100.exr,0.088435,1
hdr_04101.exr,0.741636,1
hdr_04102.exr,0.209182,1
hdr_04103.exr,0.031595,1
hdr_04104.exr,0.101525,1
hdr_04105.exr,0.040910,1
hdr_04106.exr,0.063444,1
hdr_04107.exr,0.242868,1
hdr_04108.exr,0.159549,1
hdr_04109.exr,0.222570,1
hdr_04110.exr,0.254508,1
hdr_04111.exr,0.079493,1
hdr_04112.exr,0.064993,1
hdr_04113.exr,0.074511,1
hdr_04114.exr,-0.008045,1
hdr_04115.exr,0.071435,1
hdr_04116.exr,0.179047,1
hdr_04117.exr,0.443037,1
hdr_04118.exr,0.357244,1
hdr_04119.exr,0.013837,1
hdr_04120.exr,-0.018327,1
hdr_04121.exr,0.027789,1
hdr_04122.exr,0.089514,1
hdr_04123.exr,0.063938,1
hdr_04124.exr,0.054294,1
hdr_04125.exr,0.276973,1
hdr_04126.exr,0.082652,1
hdr_04127.exr,0.032040,1
hdr_04128.exr,0.109912,1
hdr_04129.exr,0.071430,1
hdr_04130.exr,0.026250,1
hdr_04131.exr,0.088273,1
hdr_04132.exr,0.086052,1
hdr_04133.exr,0.104622,1
hdr_04134.exr,0.072501,1
hdr_04135.exr,0.096597,1
hdr_04136.exr,0.095668,1
hdr_04137.exr,0.113437,1
hdr_04138.exr,0.114118,1
hdr_04139.exr,0.580484,1
hdr_04140.exr,0.085647,1
hdr_04141.exr,0.085837,1
hdr_04142.exr,0.167142,1
hdr_04143.exr,0.152529,1
hdr_04144.exr,0.095936,1
hdr_04145.exr,0.046336,1
hdr_04146.exr,0.083072,1
hdr_04147.exr,0.041956,1
hdr_04148.exr,0.044222,1
hdr_04149.exr,0.035446,1
hdr_04150.exr,0.085340,1
hdr_04151.exr,0.141302,1
hdr_04152.exr,0.222055,1
hdr_04153.exr,0.209838,1
hdr_04154.exr,0.053580,1
hdr_04155.exr,0.118911,1
hdr_04156.exr,0.133814,1
hdr_04157.exr,0.120081,1
hdr_04158.exr,0.115242,1
hdr_04159.exr,0.064490,1
hdr_04160.exr,0.085668,1
hdr_04161.exr,0.080025,1
hdr_04162.exr,0.107340,1
hdr_04163.exr,0.051899,1
hdr_04164.exr,0.035811,1
hdr_04165.exr,0.083460,1
hdr_04166.exr,0.044783,1
hdr_04167.exr,0.155995,1
hdr_04168.exr,0.041779,1
hdr_04169.exr,0.064950,1
hdr_04170.exr,0.085489,1
hdr_04171.exr,-0.002852,1
hdr_04172.exr,0.051840,1
hdr_04173.exr,0.084355,1
hdr_04174.exr,0.069805,1
hdr_04175.exr,0.039333,1
hdr_04176.exr,0.035325,1
hdr_04177.exr,0.043732,1
hdr_04178.exr,0.037177,1
hdr_04179.exr,0.084953,1
hdr_04180.exr,0.228216,1
hdr_04181.exr,0.075576,1
hdr_04182.exr,0.080794,1
hdr_04183.exr,0.003196,1
hdr_04184.exr,0.038956,1
hdr_04185.exr,0.001529,1
hdr_04186.exr,0.127158,1
hdr_04187.exr,0.206202,1
hdr_04188.exr,0.020276,1
hdr_04189.exr,0.059443,1
hdr_04190.exr,0.129035,1
hdr_04191.exr,0.176081,1
hdr_04192.exr,0.111141,1
hdr_04193.exr,0.049845,1
hdr_04194.exr,0.089716,1
hdr_04195.exr,0.059881,1
hdr_04196.exr,0.100253,1
hdr_04197.exr,0.065017,1
hdr_04198.exr,0.439343,1
hdr_04199.exr,0.461206,1
hdr_04200.exr,0.419488,1
hdr_04201.exr,0.173114,1
hdr_04202.exr,0.029218,1
hdr_04203.exr,0.072327,1
hdr_04204.exr,0.094561,1
hdr_04205.exr,0.049143,1
hdr_04206.exr,0.036550,1
hdr_04207.exr,0.031861,1
hdr_04208.exr,0.739327,1
hdr_04209.exr,0.134555,1
hdr_04210.exr,0.093705,1
hdr_04211.exr,0.104198,1
hdr_04212.exr,0.045042,1
hdr_04213.exr,0.087567,1
hdr_04214.exr,0.064777,1
hdr_04215.exr,0.085202,1
hdr_04216.exr,0.058734,1
hdr_04217.exr,0.079081,1
hdr_04218.exr,0.932005,0
hdr_04219.exr,0.166588,1
hdr_04220.exr,0.165178,1
hdr_04221.exr,0.066607,1
hdr_04222.exr,0.124380,1
hdr_04223.exr,0.082065,1
hdr_04224.exr,0.162075,1
hdr_04225.exr,0.163556,1
hdr_04226.exr,0.143235,1
hdr_04227.exr,0.170406,1
hdr_04228.exr,0.094483,1
hdr_04229.exr,0.058905,1
hdr_04230.exr,0.081414,1
hdr_04231.exr,0.081478,1
hdr_04232.exr,0.050841,1
hdr_04233.exr,0.138106,1
hdr_04234.exr,0.191818,1
hdr_04235.exr,0.039814,1
hdr_04236.exr,0.002259,1
hdr_04237.exr,0.096014,1
hdr_04238.exr,0.056050,1
hdr_04239.exr,0.062561,1
hdr_04240.exr,0.015217,1
hdr_04241.exr,0.063877,1
hdr_04242.exr,0.106483,1
hdr_04243.exr,0.044191,1
hdr_04244.exr,0.118870,1
hdr_04245.exr,0.047222,1
hdr_04246.exr,0.013909,1
hdr_04247.exr,0.017736,1
hdr_04248.exr,0.131261,1
hdr_04249.exr,0.064249,1
hdr_04250.exr,0.045239,1
hdr_04251.exr,0.554124,1
hdr_04252.exr,0.324182,1
hdr_04253.exr,0.299595,1
hdr_04254.exr,0.130179,1
hdr_04255.exr,0.028605,1
hdr_04256.exr,0.134270,1
hdr_04257.exr,0.035961,1
hdr_04258.exr,0.094535,1
hdr_04259.exr,0.098662,1
hdr_04260.exr,0.100615,1
hdr_04261.exr,0.233108,1
hdr_04262.exr,0.029086,1
hdr_04263.exr,0.043888,1
hdr_04264.exr,0.013179,1
hdr_04265.exr,0.136728,1
hdr_04266.exr,0.096629,1
hdr_04267.exr,0.077164,1
hdr_04268.exr,0.061199,1
hdr_04269.exr,0.030476,1
hdr_04270.exr,0.064302,1
hdr_04271.exr,0.117063,1
hdr_04272.exr,0.088501,1
hdr_04273.exr,0.131921,1
hdr_04274.exr,0.107738,1
hdr_04275.exr,0.008155,1
