##### ROW 1: RAOD zero-shot #####
C:\Users\OGAM\miniconda3\envs\hs-ml\Lib\site-packages\torch\functional.py:554: UserWarning: torch.meshgrid: in an upcoming release, it will be required to pass the indexing argument. (Triggered internally at C:\actions-runner\_work\pytorch\pytorch\pytorch\aten\src\ATen\native\TensorShape.cpp:4324.)
  return _VF.meshgrid(tensors, **kwargs)  # type: ignore[attr-defined]
gamma range: [7.0, 10.5]
hdr4rtt_rod_dedup_test.json: 576 images present, 0 missing
evaluating against 3785 ground-truth boxes
   gain=1        4/576
   gain=1        84/576
   gain=1        164/576
   gain=1        244/576
   gain=1        324/576
   gain=1        404/576
   gain=1        484/576
   gain=1        564/576

=== gain=1 | 101356 raw detections | 82s ===
 Average Precision  (AP) @[ IoU=0.50:0.95 | area=   all | maxDets=100 ] = 0.070
 Average Precision  (AP) @[ IoU=0.50      | area=   all | maxDets=100 ] = 0.153
 Average Precision  (AP) @[ IoU=0.75      | area=   all | maxDets=100 ] = 0.057
 Average Precision  (AP) @[ IoU=0.50:0.95 | area= small | maxDets=100 ] = 0.005
 Average Precision  (AP) @[ IoU=0.50:0.95 | area=medium | maxDets=100 ] = 0.026
 Average Precision  (AP) @[ IoU=0.50:0.95 | area= large | maxDets=100 ] = 0.124
 Average Recall     (AR) @[ IoU=0.50:0.95 | area=   all | maxDets=  1 ] = 0.036
 Average Recall     (AR) @[ IoU=0.50:0.95 | area=   all | maxDets= 10 ] = 0.109
 Average Recall     (AR) @[ IoU=0.50:0.95 | area=   all | maxDets=100 ] = 0.136
 Average Recall     (AR) @[ IoU=0.50:0.95 | area= small | maxDets=100 ] = 0.030
 Average Recall     (AR) @[ IoU=0.50:0.95 | area=medium | maxDets=100 ] = 0.092
 Average Recall     (AR) @[ IoU=0.50:0.95 | area= large | maxDets=100 ] = 0.201
   AP50 per class: Pedestrian=0.0182  Car=0.2879

======================================================================
      gain       mAP      AP50     AR100      dets
======================================================================
         1    0.0696    0.1531    0.1360    101356

best gain by mAP: 1  (mAP=0.0696, AP50=0.1531)
wrote D:\Data\HDR\hdr4rtt_rod\headline_dedup\raod_zeroshot.json
##### ROW 3: RetinaNet zero-shot (tone-mapped) #####
retinanet | weights=coco | 38.2M params | cuda
hdr4rtt_rod_dedup_test.json: 576 images present, 0 missing
ground truth: 3785 boxes
   4/576
   104/576
   204/576
   304/576
   404/576
   504/576

32590 detections
 Average Precision  (AP) @[ IoU=0.50:0.95 | area=   all | maxDets=100 ] = 0.242
 Average Precision  (AP) @[ IoU=0.50      | area=   all | maxDets=100 ] = 0.507
 Average Precision  (AP) @[ IoU=0.75      | area=   all | maxDets=100 ] = 0.209
 Average Precision  (AP) @[ IoU=0.50:0.95 | area= small | maxDets=100 ] = 0.027
 Average Precision  (AP) @[ IoU=0.50:0.95 | area=medium | maxDets=100 ] = 0.108
 Average Precision  (AP) @[ IoU=0.50:0.95 | area= large | maxDets=100 ] = 0.386
 Average Recall     (AR) @[ IoU=0.50:0.95 | area=   all | maxDets=  1 ] = 0.111
 Average Recall     (AR) @[ IoU=0.50:0.95 | area=   all | maxDets= 10 ] = 0.296
 Average Recall     (AR) @[ IoU=0.50:0.95 | area=   all | maxDets=100 ] = 0.385
 Average Recall     (AR) @[ IoU=0.50:0.95 | area= small | maxDets=100 ] = 0.180
 Average Recall     (AR) @[ IoU=0.50:0.95 | area=medium | maxDets=100 ] = 0.282
 Average Recall     (AR) @[ IoU=0.50:0.95 | area= large | maxDets=100 ] = 0.509
   AP50 per class: Pedestrian=0.3854  Car=0.6295
wrote D:\Data\HDR\hdr4rtt_rod\headline_dedup\retinanet_zeroshot.json
##### ROW 4: Faster R-CNN zero-shot (tone-mapped) #####
fasterrcnn | weights=coco | 43.7M params | cuda
hdr4rtt_rod_dedup_test.json: 576 images present, 0 missing
ground truth: 3785 boxes
   4/576
   104/576
   204/576
   304/576
   404/576
   504/576

12097 detections
 Average Precision  (AP) @[ IoU=0.50:0.95 | area=   all | maxDets=100 ] = 0.264
 Average Precision  (AP) @[ IoU=0.50      | area=   all | maxDets=100 ] = 0.547
 Average Precision  (AP) @[ IoU=0.75      | area=   all | maxDets=100 ] = 0.225
 Average Precision  (AP) @[ IoU=0.50:0.95 | area= small | maxDets=100 ] = 0.038
 Average Precision  (AP) @[ IoU=0.50:0.95 | area=medium | maxDets=100 ] = 0.132
 Average Precision  (AP) @[ IoU=0.50:0.95 | area= large | maxDets=100 ] = 0.422
 Average Recall     (AR) @[ IoU=0.50:0.95 | area=   all | maxDets=  1 ] = 0.112
 Average Recall     (AR) @[ IoU=0.50:0.95 | area=   all | maxDets= 10 ] = 0.321
 Average Recall     (AR) @[ IoU=0.50:0.95 | area=   all | maxDets=100 ] = 0.386
 Average Recall     (AR) @[ IoU=0.50:0.95 | area= small | maxDets=100 ] = 0.185
 Average Recall     (AR) @[ IoU=0.50:0.95 | area=medium | maxDets=100 ] = 0.260
 Average Recall     (AR) @[ IoU=0.50:0.95 | area= large | maxDets=100 ] = 0.530
   AP50 per class: Pedestrian=0.4456  Car=0.6479
wrote D:\Data\HDR\hdr4rtt_rod\headline_dedup\fasterrcnn_zeroshot.json
##### ROW 5: Faster R-CNN fine-tuned (tone-mapped) #####
train: 2294 images with boxes
fasterrcnn: 43.3M params, 2 classes, batch 2
  ep1/12 it100/13764 loss=0.845 lr=0.00026 16s eta 2121s
  ep1/12 it200/13764 loss=0.613 lr=0.00045 25s eta 1702s
  ep1/12 it300/13764 loss=0.560 lr=0.00074 35s eta 1557s
  ep1/12 it400/13764 loss=0.461 lr=0.00113 44s eta 1479s
  ep1/12 it500/13764 loss=0.407 lr=0.00160 54s eta 1429s
  ep1/12 it600/13764 loss=0.358 lr=0.00212 64s eta 1393s
  ep1/12 it700/13764 loss=0.358 lr=0.00267 73s eta 1365s
  ep1/12 it800/13764 loss=0.369 lr=0.00321 83s eta 1340s
  ep1/12 it900/13764 loss=0.351 lr=0.00372 92s eta 1320s
  ep1/12 it1000/13764 loss=0.352 lr=0.00417 102s eta 1301s
  ep1/12 it1100/13764 loss=0.332 lr=0.00454 112s eta 1284s
epoch 1 done, checkpoint saved (117s elapsed)
  ep2/12 it1200/13764 loss=0.194 lr=0.00481 126s eta 1324s
  ep2/12 it1300/13764 loss=0.286 lr=0.00496 136s eta 1304s
  ep2/12 it1400/13764 loss=0.310 lr=0.00500 146s eta 1285s
  ep2/12 it1500/13764 loss=0.329 lr=0.00500 155s eta 1268s
  ep2/12 it1600/13764 loss=0.326 lr=0.00500 165s eta 1252s
  ep2/12 it1700/13764 loss=0.341 lr=0.00499 174s eta 1236s
  ep2/12 it1800/13764 loss=0.300 lr=0.00499 184s eta 1222s
  ep2/12 it1900/13764 loss=0.295 lr=0.00498 193s eta 1207s
  ep2/12 it2000/13764 loss=0.294 lr=0.00497 203s eta 1194s
  ep2/12 it2100/13764 loss=0.313 lr=0.00496 213s eta 1180s
  ep2/12 it2200/13764 loss=0.300 lr=0.00495 222s eta 1167s
epoch 2 done, checkpoint saved (232s elapsed)
  ep3/12 it2300/13764 loss=0.019 lr=0.00493 237s eta 1181s
  ep3/12 it2400/13764 loss=0.238 lr=0.00492 246s eta 1167s
  ep3/12 it2500/13764 loss=0.268 lr=0.00490 256s eta 1154s
  ep3/12 it2600/13764 loss=0.346 lr=0.00488 266s eta 1140s
  ep3/12 it2700/13764 loss=0.273 lr=0.00486 275s eta 1128s
  ep3/12 it2800/13764 loss=0.267 lr=0.00484 285s eta 1115s
  ep3/12 it2900/13764 loss=0.294 lr=0.00482 294s eta 1103s
  ep3/12 it3000/13764 loss=0.264 lr=0.00479 304s eta 1090s
  ep3/12 it3100/13764 loss=0.284 lr=0.00476 313s eta 1078s
  ep3/12 it3200/13764 loss=0.280 lr=0.00474 323s eta 1066s
  ep3/12 it3300/13764 loss=0.279 lr=0.00471 333s eta 1054s
  ep3/12 it3400/13764 loss=0.256 lr=0.00468 342s eta 1043s
epoch 3 done, checkpoint saved (346s elapsed)
  ep4/12 it3500/13764 loss=0.141 lr=0.00465 357s eta 1047s
  ep4/12 it3600/13764 loss=0.263 lr=0.00461 367s eta 1035s
  ep4/12 it3700/13764 loss=0.265 lr=0.00458 376s eta 1023s
  ep4/12 it3800/13764 loss=0.260 lr=0.00454 386s eta 1012s
  ep4/12 it3900/13764 loss=0.279 lr=0.00450 395s eta 1000s
  ep4/12 it4000/13764 loss=0.218 lr=0.00447 405s eta 989s
  ep4/12 it4100/13764 loss=0.288 lr=0.00443 415s eta 977s
  ep4/12 it4200/13764 loss=0.263 lr=0.00439 424s eta 966s
  ep4/12 it4300/13764 loss=0.236 lr=0.00434 434s eta 955s
  ep4/12 it4400/13764 loss=0.250 lr=0.00430 444s eta 944s
  ep4/12 it4500/13764 loss=0.261 lr=0.00426 453s eta 933s
epoch 4 done, checkpoint saved (462s elapsed)
  ep5/12 it4600/13764 loss=0.031 lr=0.00421 468s eta 933s
  ep5/12 it4700/13764 loss=0.212 lr=0.00416 478s eta 922s
  ep5/12 it4800/13764 loss=0.239 lr=0.00411 488s eta 910s
  ep5/12 it4900/13764 loss=0.218 lr=0.00407 497s eta 899s
  ep5/12 it5000/13764 loss=0.260 lr=0.00402 507s eta 888s
  ep5/12 it5100/13764 loss=0.297 lr=0.00397 516s eta 877s
  ep5/12 it5200/13764 loss=0.239 lr=0.00391 526s eta 866s
  ep5/12 it5300/13764 loss=0.237 lr=0.00386 535s eta 855s
  ep5/12 it5400/13764 loss=0.187 lr=0.00381 545s eta 844s
  ep5/12 it5500/13764 loss=0.228 lr=0.00375 554s eta 833s
  ep5/12 it5600/13764 loss=0.281 lr=0.00370 564s eta 822s
  ep5/12 it5700/13764 loss=0.206 lr=0.00364 573s eta 811s
epoch 5 done, checkpoint saved (577s elapsed)
  ep6/12 it5800/13764 loss=0.140 lr=0.00358 589s eta 809s
  ep6/12 it5900/13764 loss=0.267 lr=0.00353 599s eta 798s
  ep6/12 it6000/13764 loss=0.280 lr=0.00347 608s eta 787s
  ep6/12 it6100/13764 loss=0.205 lr=0.00341 618s eta 776s
  ep6/12 it6200/13764 loss=0.238 lr=0.00335 627s eta 765s
  ep6/12 it6300/13764 loss=0.200 lr=0.00329 637s eta 755s
  ep6/12 it6400/13764 loss=0.235 lr=0.00323 646s eta 744s
  ep6/12 it6500/13764 loss=0.201 lr=0.00317 656s eta 733s
  ep6/12 it6600/13764 loss=0.206 lr=0.00311 666s eta 723s
  ep6/12 it6700/13764 loss=0.230 lr=0.00305 675s eta 712s
  ep6/12 it6800/13764 loss=0.211 lr=0.00298 685s eta 701s
epoch 6 done, checkpoint saved (693s elapsed)
  ep7/12 it6900/13764 loss=0.047 lr=0.00292 700s eta 696s
  ep7/12 it7000/13764 loss=0.204 lr=0.00286 710s eta 686s
  ep7/12 it7100/13764 loss=0.200 lr=0.00280 719s eta 675s
  ep7/12 it7200/13764 loss=0.205 lr=0.00273 729s eta 665s
  ep7/12 it7300/13764 loss=0.206 lr=0.00267 739s eta 654s
  ep7/12 it7400/13764 loss=0.235 lr=0.00261 748s eta 644s
  ep7/12 it7500/13764 loss=0.202 lr=0.00254 758s eta 633s
  ep7/12 it7600/13764 loss=0.197 lr=0.00248 768s eta 623s
  ep7/12 it7700/13764 loss=0.207 lr=0.00242 778s eta 612s
  ep7/12 it7800/13764 loss=0.232 lr=0.00235 787s eta 602s
  ep7/12 it7900/13764 loss=0.252 lr=0.00229 797s eta 592s
  ep7/12 it8000/13764 loss=0.229 lr=0.00223 807s eta 581s
epoch 7 done, checkpoint saved (810s elapsed)
  ep8/12 it8100/13764 loss=0.147 lr=0.00216 822s eta 575s
  ep8/12 it8200/13764 loss=0.191 lr=0.00210 832s eta 565s
  ep8/12 it8300/13764 loss=0.218 lr=0.00204 842s eta 554s
  ep8/12 it8400/13764 loss=0.229 lr=0.00198 852s eta 544s
  ep8/12 it8500/13764 loss=0.217 lr=0.00192 861s eta 533s
  ep8/12 it8600/13764 loss=0.168 lr=0.00185 871s eta 523s
  ep8/12 it8700/13764 loss=0.196 lr=0.00179 881s eta 513s
  ep8/12 it8800/13764 loss=0.216 lr=0.00173 891s eta 503s
  ep8/12 it8900/13764 loss=0.190 lr=0.00167 901s eta 492s
  ep8/12 it9000/13764 loss=0.182 lr=0.00161 910s eta 482s
  ep8/12 it9100/13764 loss=0.166 lr=0.00155 920s eta 472s
epoch 8 done, checkpoint saved (928s elapsed)
  ep9/12 it9200/13764 loss=0.039 lr=0.00150 935s eta 464s
  ep9/12 it9300/13764 loss=0.175 lr=0.00144 945s eta 454s
  ep9/12 it9400/13764 loss=0.182 lr=0.00138 954s eta 443s
  ep9/12 it9500/13764 loss=0.175 lr=0.00132 964s eta 433s
  ep9/12 it9600/13764 loss=0.185 lr=0.00127 974s eta 422s
  ep9/12 it9700/13764 loss=0.192 lr=0.00121 983s eta 412s
  ep9/12 it9800/13764 loss=0.186 lr=0.00116 993s eta 402s
  ep9/12 it9900/13764 loss=0.172 lr=0.00111 1002s eta 391s
  ep9/12 it10000/13764 loss=0.198 lr=0.00105 1012s eta 381s
  ep9/12 it10100/13764 loss=0.201 lr=0.00100 1022s eta 371s
  ep9/12 it10200/13764 loss=0.208 lr=0.00095 1031s eta 360s
  ep9/12 it10300/13764 loss=0.193 lr=0.00090 1041s eta 350s
epoch 9 done, checkpoint saved (1043s elapsed)
  ep10/12 it10400/13764 loss=0.143 lr=0.00086 1056s eta 342s
  ep10/12 it10500/13764 loss=0.153 lr=0.00081 1066s eta 331s
  ep10/12 it10600/13764 loss=0.185 lr=0.00076 1075s eta 321s
  ep10/12 it10700/13764 loss=0.157 lr=0.00072 1085s eta 311s
  ep10/12 it10800/13764 loss=0.150 lr=0.00067 1095s eta 300s
  ep10/12 it10900/13764 loss=0.186 lr=0.00063 1104s eta 290s
  ep10/12 it11000/13764 loss=0.166 lr=0.00059 1114s eta 280s
  ep10/12 it11100/13764 loss=0.165 lr=0.00055 1123s eta 270s
  ep10/12 it11200/13764 loss=0.184 lr=0.00051 1133s eta 259s
  ep10/12 it11300/13764 loss=0.182 lr=0.00047 1143s eta 249s
  ep10/12 it11400/13764 loss=0.174 lr=0.00044 1152s eta 239s
epoch 10 done, checkpoint saved (1160s elapsed)
  ep11/12 it11500/13764 loss=0.051 lr=0.00040 1167s eta 230s
  ep11/12 it11600/13764 loss=0.174 lr=0.00037 1177s eta 220s
  ep11/12 it11700/13764 loss=0.132 lr=0.00033 1186s eta 209s
  ep11/12 it11800/13764 loss=0.172 lr=0.00030 1196s eta 199s
  ep11/12 it11900/13764 loss=0.157 lr=0.00027 1206s eta 189s
  ep11/12 it12000/13764 loss=0.176 lr=0.00025 1215s eta 179s
  ep11/12 it12100/13764 loss=0.157 lr=0.00022 1225s eta 168s
  ep11/12 it12200/13764 loss=0.162 lr=0.00019 1234s eta 158s
  ep11/12 it12300/13764 loss=0.186 lr=0.00017 1244s eta 148s
  ep11/12 it12400/13764 loss=0.137 lr=0.00015 1254s eta 138s
  ep11/12 it12500/13764 loss=0.167 lr=0.00013 1263s eta 128s
  ep11/12 it12600/13764 loss=0.168 lr=0.00011 1273s eta 118s
epoch 11 done, checkpoint saved (1275s elapsed)
  ep12/12 it12700/13764 loss=0.133 lr=0.00009 1288s eta 108s
  ep12/12 it12800/13764 loss=0.139 lr=0.00007 1298s eta 98s
  ep12/12 it12900/13764 loss=0.156 lr=0.00006 1307s eta 88s
  ep12/12 it13000/13764 loss=0.170 lr=0.00005 1317s eta 77s
  ep12/12 it13100/13764 loss=0.169 lr=0.00004 1327s eta 67s
  ep12/12 it13200/13764 loss=0.185 lr=0.00003 1336s eta 57s
  ep12/12 it13300/13764 loss=0.142 lr=0.00002 1346s eta 47s
  ep12/12 it13400/13764 loss=0.151 lr=0.00001 1356s eta 37s
  ep12/12 it13500/13764 loss=0.160 lr=0.00001 1365s eta 27s
  ep12/12 it13600/13764 loss=0.161 lr=0.00000 1375s eta 17s
  ep12/12 it13700/13764 loss=0.117 lr=0.00000 1384s eta 6s
epoch 12 done, checkpoint saved (1391s elapsed)

training done in 1391s -> D:\Codes\HDR\Sana\hdr4rtt_rod\tv_runs_dedup\fasterrcnn\last.pth
evaluate with:
  python eval_torchvision.py --ann "D:\Data\HDR\hdr4rtt_rod\annotations\hdr4rtt_rod_dedup_test.json" --arch fasterrcnn --weights "D:\Codes\HDR\Sana\hdr4rtt_rod\tv_runs_dedup\fasterrcnn\last.pth"
fasterrcnn | weights=D:\Codes\HDR\Sana\hdr4rtt_rod\tv_runs_dedup\fasterrcnn\last.pth | 43.3M params | cuda
hdr4rtt_rod_dedup_test.json: 576 images present, 0 missing
ground truth: 3785 boxes
   4/576
   104/576
   204/576
   304/576
   404/576
   504/576

6848 detections
 Average Precision  (AP) @[ IoU=0.50:0.95 | area=   all | maxDets=100 ] = 0.430
 Average Precision  (AP) @[ IoU=0.50      | area=   all | maxDets=100 ] = 0.740
 Average Precision  (AP) @[ IoU=0.75      | area=   all | maxDets=100 ] = 0.429
 Average Precision  (AP) @[ IoU=0.50:0.95 | area= small | maxDets=100 ] = 0.130
 Average Precision  (AP) @[ IoU=0.50:0.95 | area=medium | maxDets=100 ] = 0.290
 Average Precision  (AP) @[ IoU=0.50:0.95 | area= large | maxDets=100 ] = 0.576
 Average Recall     (AR) @[ IoU=0.50:0.95 | area=   all | maxDets=  1 ] = 0.142
 Average Recall     (AR) @[ IoU=0.50:0.95 | area=   all | maxDets= 10 ] = 0.422
 Average Recall     (AR) @[ IoU=0.50:0.95 | area=   all | maxDets=100 ] = 0.502
 Average Recall     (AR) @[ IoU=0.50:0.95 | area= small | maxDets=100 ] = 0.240
 Average Recall     (AR) @[ IoU=0.50:0.95 | area=medium | maxDets=100 ] = 0.394
 Average Recall     (AR) @[ IoU=0.50:0.95 | area= large | maxDets=100 ] = 0.642
   AP50 per class: Pedestrian=0.6882  Car=0.7914
wrote D:\Data\HDR\hdr4rtt_rod\headline_dedup\fasterrcnn_finetuned.json
##### ROW 2: RAOD fine-tuned (longest, last) #####
D:\Codes\HDR\Sana\RAOD\RAOD\yolox\core\trainer.py:29: FutureWarning: `torch.cuda.amp.GradScaler(args...)` is deprecated. Please use `torch.amp.GradScaler('cuda', args...)` instead.
  self.scaler = torch.cuda.amp.GradScaler(enabled=args.fp16)
[32m2026-08-31 20:38:28[0m | [1mINFO    [0m | [36myolox.core.trainer[0m:[36m102[0m - [1margs: Namespace(experiment_name='cfg_hdr4rtt_rod_dedup', name=None, dist_backend='nccl', dist_url=None, num_machines=1, machine_rank=0, batch_size=4, devices=1, exp_file='D:\\Codes\\HDR\\Sana\\hdr4rtt_rod\\cfg_hdr4rtt_rod_dedup.py', ckpt='D:\\Codes\\HDR\\Sana\\RAOD\\RAOD\\pre-trained\\best-day_night.pth', resume=False, start_epoch=None, fp16=True, cache=False, occupy=False, opts=[])[0m
[32m2026-08-31 20:38:28[0m | [1mINFO    [0m | [36myolox.core.trainer[0m:[36m103[0m - [1mexp value:
\u2552\u2550\u2550\u2550\u2550\u2550\u2550\u2550\u2550\u2550\u2550\u2550\u2550\u2550\u2550\u2550\u2550\u2550\u2550\u2564\u2550\u2550\u2550\u2550\u2550\u2550\u2550\u2550\u2550\u2550\u2550\u2550\u2550\u2550\u2550\u2550\u2550\u2550\u2550\u2550\u2550\u2550\u2550\u2550\u2550\u2550\u2550\u2550\u2550\u2550\u2550\u2550\u2550\u2550\u2550\u2550\u2550\u2555
\u2502 keys             \u2502 values                              \u2502
\u255e\u2550\u2550\u2550\u2550\u2550\u2550\u2550\u2550\u2550\u2550\u2550\u2550\u2550\u2550\u2550\u2550\u2550\u2550\u256a\u2550\u2550\u2550\u2550\u2550\u2550\u2550\u2550\u2550\u2550\u2550\u2550\u2550\u2550\u2550\u2550\u2550\u2550\u2550\u2550\u2550\u2550\u2550\u2550\u2550\u2550\u2550\u2550\u2550\u2550\u2550\u2550\u2550\u2550\u2550\u2550\u2550\u2561
\u2502 seed             \u2502 None                                \u2502
\u251c\u2500\u2500\u2500\u2500\u2500\u2500\u2500\u2500\u2500\u2500\u2500\u2500\u2500\u2500\u2500\u2500\u2500\u2500\u253c\u2500\u2500\u2500\u2500\u2500\u2500\u2500\u2500\u2500\u2500\u2500\u2500\u2500\u2500\u2500\u2500\u2500\u2500\u2500\u2500\u2500\u2500\u2500\u2500\u2500\u2500\u2500\u2500\u2500\u2500\u2500\u2500\u2500\u2500\u2500\u2500\u2500\u2524
\u2502 output_dir       \u2502 'D:\\Codes\\HDR\\Sana\\hdr4rtt_rod' \u2502
\u251c\u2500\u2500\u2500\u2500\u2500\u2500\u2500\u2500\u2500\u2500\u2500\u2500\u2500\u2500\u2500\u2500\u2500\u2500\u253c\u2500\u2500\u2500\u2500\u2500\u2500\u2500\u2500\u2500\u2500\u2500\u2500\u2500\u2500\u2500\u2500\u2500\u2500\u2500\u2500\u2500\u2500\u2500\u2500\u2500\u2500\u2500\u2500\u2500\u2500\u2500\u2500\u2500\u2500\u2500\u2500\u2500\u2524
\u2502 print_interval   \u2502 20                                  \u2502
\u251c\u2500\u2500\u2500\u2500\u2500\u2500\u2500\u2500\u2500\u2500\u2500\u2500\u2500\u2500\u2500\u2500\u2500\u2500\u253c\u2500\u2500\u2500\u2500\u2500\u2500\u2500\u2500\u2500\u2500\u2500\u2500\u2500\u2500\u2500\u2500\u2500\u2500\u2500\u2500\u2500\u2500\u2500\u2500\u2500\u2500\u2500\u2500\u2500\u2500\u2500\u2500\u2500\u2500\u2500\u2500\u2500\u2524
\u2502 eval_interval    \u2502 5                                   \u2502
\u251c\u2500\u2500\u2500\u2500\u2500\u2500\u2500\u2500\u2500\u2500\u2500\u2500\u2500\u2500\u2500\u2500\u2500\u2500\u253c\u2500\u2500\u2500\u2500\u2500\u2500\u2500\u2500\u2500\u2500\u2500\u2500\u2500\u2500\u2500\u2500\u2500\u2500\u2500\u2500\u2500\u2500\u2500\u2500\u2500\u2500\u2500\u2500\u2500\u2500\u2500\u2500\u2500\u2500\u2500\u2500\u2500\u2524
\u2502 num_classes      \u2502 5                                   \u2502
\u251c\u2500\u2500\u2500\u2500\u2500\u2500\u2500\u2500\u2500\u2500\u2500\u2500\u2500\u2500\u2500\u2500\u2500\u2500\u253c\u2500\u2500\u2500\u2500\u2500\u2500\u2500\u2500\u2500\u2500\u2500\u2500\u2500\u2500\u2500\u2500\u2500\u2500\u2500\u2500\u2500\u2500\u2500\u2500\u2500\u2500\u2500\u2500\u2500\u2500\u2500\u2500\u2500\u2500\u2500\u2500\u2500\u2524
\u2502 depth            \u2502 0.33                                \u2502
\u251c\u2500\u2500\u2500\u2500\u2500\u2500\u2500\u2500\u2500\u2500\u2500\u2500\u2500\u2500\u2500\u2500\u2500\u2500\u253c\u2500\u2500\u2500\u2500\u2500\u2500\u2500\u2500\u2500\u2500\u2500\u2500\u2500\u2500\u2500\u2500\u2500\u2500\u2500\u2500\u2500\u2500\u2500\u2500\u2500\u2500\u2500\u2500\u2500\u2500\u2500\u2500\u2500\u2500\u2500\u2500\u2500\u2524
\u2502 width            \u2502 0.25                                \u2502
\u251c\u2500\u2500\u2500\u2500\u2500\u2500\u2500\u2500\u2500\u2500\u2500\u2500\u2500\u2500\u2500\u2500\u2500\u2500\u253c\u2500\u2500\u2500\u2500\u2500\u2500\u2500\u2500\u2500\u2500\u2500\u2500\u2500\u2500\u2500\u2500\u2500\u2500\u2500\u2500\u2500\u2500\u2500\u2500\u2500\u2500\u2500\u2500\u2500\u2500\u2500\u2500\u2500\u2500\u2500\u2500\u2500\u2524
\u2502 act              \u2502 'silu'                              \u2502
\u251c\u2500\u2500\u2500\u2500\u2500\u2500\u2500\u2500\u2500\u2500\u2500\u2500\u2500\u2500\u2500\u2500\u2500\u2500\u253c\u2500\u2500\u2500\u2500\u2500\u2500\u2500\u2500\u2500\u2500\u2500\u2500\u2500\u2500\u2500\u2500\u2500\u2500\u2500\u2500\u2500\u2500\u2500\u2500\u2500\u2500\u2500\u2500\u2500\u2500\u2500\u2500\u2500\u2500\u2500\u2500\u2500\u2524
\u2502 data_num_workers \u2502 4                                   \u2502
\u251c\u2500\u2500\u2500\u2500\u2500\u2500\u2500\u2500\u2500\u2500\u2500\u2500\u2500\u2500\u2500\u2500\u2500\u2500\u253c\u2500\u2500\u2500\u2500\u2500\u2500\u2500\u2500\u2500\u2500\u2500\u2500\u2500\u2500\u2500\u2500\u2500\u2500\u2500\u2500\u2500\u2500\u2500\u2500\u2500\u2500\u2500\u2500\u2500\u2500\u2500\u2500\u2500\u2500\u2500\u2500\u2500\u2524
\u2502 input_size       \u2502 (1280, 1280)                        \u2502
\u251c\u2500\u2500\u2500\u2500\u2500\u2500\u2500\u2500\u2500\u2500\u2500\u2500\u2500\u2500\u2500\u2500\u2500\u2500\u253c\u2500\u2500\u2500\u2500\u2500\u2500\u2500\u2500\u2500\u2500\u2500\u2500\u2500\u2500\u2500\u2500\u2500\u2500\u2500\u2500\u2500\u2500\u2500\u2500\u2500\u2500\u2500\u2500\u2500\u2500\u2500\u2500\u2500\u2500\u2500\u2500\u2500\u2524
\u2502 multiscale_range \u2502 5                                   \u2502
\u251c\u2500\u2500\u2500\u2500\u2500\u2500\u2500\u2500\u2500\u2500\u2500\u2500\u2500\u2500\u2500\u2500\u2500\u2500\u253c\u2500\u2500\u2500\u2500\u2500\u2500\u2500\u2500\u2500\u2500\u2500\u2500\u2500\u2500\u2500\u2500\u2500\u2500\u2500\u2500\u2500\u2500\u2500\u2500\u2500\u2500\u2500\u2500\u2500\u2500\u2500\u2500\u2500\u2500\u2500\u2500\u2500\u2524
\u2502 data_dir         \u2502 'D:\\Data\\HDR\\hdr4rtt_rod'        \u2502
\u251c\u2500\u2500\u2500\u2500\u2500\u2500\u2500\u2500\u2500\u2500\u2500\u2500\u2500\u2500\u2500\u2500\u2500\u2500\u253c\u2500\u2500\u2500\u2500\u2500\u2500\u2500\u2500\u2500\u2500\u2500\u2500\u2500\u2500\u2500\u2500\u2500\u2500\u2500\u2500\u2500\u2500\u2500\u2500\u2500\u2500\u2500\u2500\u2500\u2500\u2500\u2500\u2500\u2500\u2500\u2500\u2500\u2524
\u2502 train_ann        \u2502 'hdr4rtt_rod_dedup_train.json'      \u2502
\u251c\u2500\u2500\u2500\u2500\u2500\u2500\u2500\u2500\u2500\u2500\u2500\u2500\u2500\u2500\u2500\u2500\u2500\u2500\u253c\u2500\u2500\u2500\u2500\u2500\u2500\u2500\u2500\u2500\u2500\u2500\u2500\u2500\u2500\u2500\u2500\u2500\u2500\u2500\u2500\u2500\u2500\u2500\u2500\u2500\u2500\u2500\u2500\u2500\u2500\u2500\u2500\u2500\u2500\u2500\u2500\u2500\u2524
\u2502 val_ann          \u2502 'hdr4rtt_rod_dedup_test.json'       \u2502
\u251c\u2500\u2500\u2500\u2500\u2500\u2500\u2500\u2500\u2500\u2500\u2500\u2500\u2500\u2500\u2500\u2500\u2500\u2500\u253c\u2500\u2500\u2500\u2500\u2500\u2500\u2500\u2500\u2500\u2500\u2500\u2500\u2500\u2500\u2500\u2500\u2500\u2500\u2500\u2500\u2500\u2500\u2500\u2500\u2500\u2500\u2500\u2500\u2500\u2500\u2500\u2500\u2500\u2500\u2500\u2500\u2500\u2524
\u2502 test_ann         \u2502 None                                \u2502
\u251c\u2500\u2500\u2500\u2500\u2500\u2500\u2500\u2500\u2500\u2500\u2500\u2500\u2500\u2500\u2500\u2500\u2500\u2500\u253c\u2500\u2500\u2500\u2500\u2500\u2500\u2500\u2500\u2500\u2500\u2500\u2500\u2500\u2500\u2500\u2500\u2500\u2500\u2500\u2500\u2500\u2500\u2500\u2500\u2500\u2500\u2500\u2500\u2500\u2500\u2500\u2500\u2500\u2500\u2500\u2500\u2500\u2524
\u2502 train_ims        \u2502 'images'                            \u2502
\u251c\u2500\u2500\u2500\u2500\u2500\u2500\u2500\u2500\u2500\u2500\u2500\u2500\u2500\u2500\u2500\u2500\u2500\u2500\u253c\u2500\u2500\u2500\u2500\u2500\u2500\u2500\u2500\u2500\u2500\u2500\u2500\u2500\u2500\u2500\u2500\u2500\u2500\u2500\u2500\u2500\u2500\u2500\u2500\u2500\u2500\u2500\u2500\u2500\u2500\u2500\u2500\u2500\u2500\u2500\u2500\u2500\u2524
\u2502 val_ims          \u2502 'images'                            \u2502
\u251c\u2500\u2500\u2500\u2500\u2500\u2500\u2500\u2500\u2500\u2500\u2500\u2500\u2500\u2500\u2500\u2500\u2500\u2500\u253c\u2500\u2500\u2500\u2500\u2500\u2500\u2500\u2500\u2500\u2500\u2500\u2500\u2500\u2500\u2500\u2500\u2500\u2500\u2500\u2500\u2500\u2500\u2500\u2500\u2500\u2500\u2500\u2500\u2500\u2500\u2500\u2500\u2500\u2500\u2500\u2500\u2500\u2524
\u2502 test_ims         \u2502 None                                \u2502
\u251c\u2500\u2500\u2500\u2500\u2500\u2500\u2500\u2500\u2500\u2500\u2500\u2500\u2500\u2500\u2500\u2500\u2500\u2500\u253c\u2500\u2500\u2500\u2500\u2500\u2500\u2500\u2500\u2500\u2500\u2500\u2500\u2500\u2500\u2500\u2500\u2500\u2500\u2500\u2500\u2500\u2500\u2500\u2500\u2500\u2500\u2500\u2500\u2500\u2500\u2500\u2500\u2500\u2500\u2500\u2500\u2500\u2524
\u2502 mosaic_prob      \u2502 0.5                                 \u2502
\u251c\u2500\u2500\u2500\u2500\u2500\u2500\u2500\u2500\u2500\u2500\u2500\u2500\u2500\u2500\u2500\u2500\u2500\u2500\u253c\u2500\u2500\u2500\u2500\u2500\u2500\u2500\u2500\u2500\u2500\u2500\u2500\u2500\u2500\u2500\u2500\u2500\u2500\u2500\u2500\u2500\u2500\u2500\u2500\u2500\u2500\u2500\u2500\u2500\u2500\u2500\u2500\u2500\u2500\u2500\u2500\u2500\u2524
\u2502 mixup_prob       \u2502 1.0                                 \u2502
\u251c\u2500\u2500\u2500\u2500\u2500\u2500\u2500\u2500\u2500\u2500\u2500\u2500\u2500\u2500\u2500\u2500\u2500\u2500\u253c\u2500\u2500\u2500\u2500\u2500\u2500\u2500\u2500\u2500\u2500\u2500\u2500\u2500\u2500\u2500\u2500\u2500\u2500\u2500\u2500\u2500\u2500\u2500\u2500\u2500\u2500\u2500\u2500\u2500\u2500\u2500\u2500\u2500\u2500\u2500\u2500\u2500\u2524
\u2502 hsv_prob         \u2502 0.0                                 \u2502
\u251c\u2500\u2500\u2500\u2500\u2500\u2500\u2500\u2500\u2500\u2500\u2500\u2500\u2500\u2500\u2500\u2500\u2500\u2500\u253c\u2500\u2500\u2500\u2500\u2500\u2500\u2500\u2500\u2500\u2500\u2500\u2500\u2500\u2500\u2500\u2500\u2500\u2500\u2500\u2500\u2500\u2500\u2500\u2500\u2500\u2500\u2500\u2500\u2500\u2500\u2500\u2500\u2500\u2500\u2500\u2500\u2500\u2524
\u2502 flip_prob        \u2502 0.5                                 \u2502
\u251c\u2500\u2500\u2500\u2500\u2500\u2500\u2500\u2500\u2500\u2500\u2500\u2500\u2500\u2500\u2500\u2500\u2500\u2500\u253c\u2500\u2500\u2500\u2500\u2500\u2500\u2500\u2500\u2500\u2500\u2500\u2500\u2500\u2500\u2500\u2500\u2500\u2500\u2500\u2500\u2500\u2500\u2500\u2500\u2500\u2500\u2500\u2500\u2500\u2500\u2500\u2500\u2500\u2500\u2500\u2500\u2500\u2524
\u2502 degrees          \u2502 10.0                                \u2502
\u251c\u2500\u2500\u2500\u2500\u2500\u2500\u2500\u2500\u2500\u2500\u2500\u2500\u2500\u2500\u2500\u2500\u2500\u2500\u253c\u2500\u2500\u2500\u2500\u2500\u2500\u2500\u2500\u2500\u2500\u2500\u2500\u2500\u2500\u2500\u2500\u2500\u2500\u2500\u2500\u2500\u2500\u2500\u2500\u2500\u2500\u2500\u2500\u2500\u2500\u2500\u2500\u2500\u2500\u2500\u2500\u2500\u2524
\u2502 translate        \u2502 0.1                                 \u2502
\u251c\u2500\u2500\u2500\u2500\u2500\u2500\u2500\u2500\u2500\u2500\u2500\u2500\u2500\u2500\u2500\u2500\u2500\u2500\u253c\u2500\u2500\u2500\u2500\u2500\u2500\u2500\u2500\u2500\u2500\u2500\u2500\u2500\u2500\u2500\u2500\u2500\u2500\u2500\u2500\u2500\u2500\u2500\u2500\u2500\u2500\u2500\u2500\u2500\u2500\u2500\u2500\u2500\u2500\u2500\u2500\u2500\u2524
\u2502 mosaic_scale     \u2502 (0.5, 1.5)                          \u2502
\u251c\u2500\u2500\u2500\u2500\u2500\u2500\u2500\u2500\u2500\u2500\u2500\u2500\u2500\u2500\u2500\u2500\u2500\u2500\u253c\u2500\u2500\u2500\u2500\u2500\u2500\u2500\u2500\u2500\u2500\u2500\u2500\u2500\u2500\u2500\u2500\u2500\u2500\u2500\u2500\u2500\u2500\u2500\u2500\u2500\u2500\u2500\u2500\u2500\u2500\u2500\u2500\u2500\u2500\u2500\u2500\u2500\u2524
\u2502 mixup_scale      \u2502 (0.5, 1.5)                          \u2502
\u251c\u2500\u2500\u2500\u2500\u2500\u2500\u2500\u2500\u2500\u2500\u2500\u2500\u2500\u2500\u2500\u2500\u2500\u2500\u253c\u2500\u2500\u2500\u2500\u2500\u2500\u2500\u2500\u2500\u2500\u2500\u2500\u2500\u2500\u2500\u2500\u2500\u2500\u2500\u2500\u2500\u2500\u2500\u2500\u2500\u2500\u2500\u2500\u2500\u2500\u2500\u2500\u2500\u2500\u2500\u2500\u2500\u2524
\u2502 shear            \u2502 2.0                                 \u2502
\u251c\u2500\u2500\u2500\u2500\u2500\u2500\u2500\u2500\u2500\u2500\u2500\u2500\u2500\u2500\u2500\u2500\u2500\u2500\u253c\u2500\u2500\u2500\u2500\u2500\u2500\u2500\u2500\u2500\u2500\u2500\u2500\u2500\u2500\u2500\u2500\u2500\u2500\u2500\u2500\u2500\u2500\u2500\u2500\u2500\u2500\u2500\u2500\u2500\u2500\u2500\u2500\u2500\u2500\u2500\u2500\u2500\u2524
\u2502 enable_mixup     \u2502 False                               \u2502
\u251c\u2500\u2500\u2500\u2500\u2500\u2500\u2500\u2500\u2500\u2500\u2500\u2500\u2500\u2500\u2500\u2500\u2500\u2500\u253c\u2500\u2500\u2500\u2500\u2500\u2500\u2500\u2500\u2500\u2500\u2500\u2500\u2500\u2500\u2500\u2500\u2500\u2500\u2500\u2500\u2500\u2500\u2500\u2500\u2500\u2500\u2500\u2500\u2500\u2500\u2500\u2500\u2500\u2500\u2500\u2500\u2500\u2524
\u2502 warmup_epochs    \u2502 2                                   \u2502
\u251c\u2500\u2500\u2500\u2500\u2500\u2500\u2500\u2500\u2500\u2500\u2500\u2500\u2500\u2500\u2500\u2500\u2500\u2500\u253c\u2500\u2500\u2500\u2500\u2500\u2500\u2500\u2500\u2500\u2500\u2500\u2500\u2500\u2500\u2500\u2500\u2500\u2500\u2500\u2500\u2500\u2500\u2500\u2500\u2500\u2500\u2500\u2500\u2500\u2500\u2500\u2500\u2500\u2500\u2500\u2500\u2500\u2524
\u2502 max_epoch        \u2502 50                                  \u2502
\u251c\u2500\u2500\u2500\u2500\u2500\u2500\u2500\u2500\u2500\u2500\u2500\u2500\u2500\u2500\u2500\u2500\u2500\u2500\u253c\u2500\u2500\u2500\u2500\u2500\u2500\u2500\u2500\u2500\u2500\u2500\u2500\u2500\u2500\u2500\u2500\u2500\u2500\u2500\u2500\u2500\u2500\u2500\u2500\u2500\u2500\u2500\u2500\u2500\u2500\u2500\u2500\u2500\u2500\u2500\u2500\u2500\u2524
\u2502 warmup_lr        \u2502 0                                   \u2502
\u251c\u2500\u2500\u2500\u2500\u2500\u2500\u2500\u2500\u2500\u2500\u2500\u2500\u2500\u2500\u2500\u2500\u2500\u2500\u253c\u2500\u2500\u2500\u2500\u2500\u2500\u2500\u2500\u2500\u2500\u2500\u2500\u2500\u2500\u2500\u2500\u2500\u2500\u2500\u2500\u2500\u2500\u2500\u2500\u2500\u2500\u2500\u2500\u2500\u2500\u2500\u2500\u2500\u2500\u2500\u2500\u2500\u2524
\u2502 basic_lr_per_img \u2502 3.125e-05                           \u2502
\u251c\u2500\u2500\u2500\u2500\u2500\u2500\u2500\u2500\u2500\u2500\u2500\u2500\u2500\u2500\u2500\u2500\u2500\u2500\u253c\u2500\u2500\u2500\u2500\u2500\u2500\u2500\u2500\u2500\u2500\u2500\u2500\u2500\u2500\u2500\u2500\u2500\u2500\u2500\u2500\u2500\u2500\u2500\u2500\u2500\u2500\u2500\u2500\u2500\u2500\u2500\u2500\u2500\u2500\u2500\u2500\u2500\u2524
\u2502 scheduler        \u2502 'yoloxwarmcos'                      \u2502
\u251c\u2500\u2500\u2500\u2500\u2500\u2500\u2500\u2500\u2500\u2500\u2500\u2500\u2500\u2500\u2500\u2500\u2500\u2500\u253c\u2500\u2500\u2500\u2500\u2500\u2500\u2500\u2500\u2500\u2500\u2500\u2500\u2500\u2500\u2500\u2500\u2500\u2500\u2500\u2500\u2500\u2500\u2500\u2500\u2500\u2500\u2500\u2500\u2500\u2500\u2500\u2500\u2500\u2500\u2500\u2500\u2500\u2524
\u2502 no_aug_epochs    \u2502 10                                  \u2502
\u251c\u2500\u2500\u2500\u2500\u2500\u2500\u2500\u2500\u2500\u2500\u2500\u2500\u2500\u2500\u2500\u2500\u2500\u2500\u253c\u2500\u2500\u2500\u2500\u2500\u2500\u2500\u2500\u2500\u2500\u2500\u2500\u2500\u2500\u2500\u2500\u2500\u2500\u2500\u2500\u2500\u2500\u2500\u2500\u2500\u2500\u2500\u2500\u2500\u2500\u2500\u2500\u2500\u2500\u2500\u2500\u2500\u2524
\u2502 min_lr_ratio     \u2502 0.05                                \u2502
\u251c\u2500\u2500\u2500\u2500\u2500\u2500\u2500\u2500\u2500\u2500\u2500\u2500\u2500\u2500\u2500\u2500\u2500\u2500\u253c\u2500\u2500\u2500\u2500\u2500\u2500\u2500\u2500\u2500\u2500\u2500\u2500\u2500\u2500\u2500\u2500\u2500\u2500\u2500\u2500\u2500\u2500\u2500\u2500\u2500\u2500\u2500\u2500\u2500\u2500\u2500\u2500\u2500\u2500\u2500\u2500\u2500\u2524
\u2502 ema              \u2502 True                                \u2502
\u251c\u2500\u2500\u2500\u2500\u2500\u2500\u2500\u2500\u2500\u2500\u2500\u2500\u2500\u2500\u2500\u2500\u2500\u2500\u253c\u2500\u2500\u2500\u2500\u2500\u2500\u2500\u2500\u2500\u2500\u2500\u2500\u2500\u2500\u2500\u2500\u2500\u2500\u2500\u2500\u2500\u2500\u2500\u2500\u2500\u2500\u2500\u2500\u2500\u2500\u2500\u2500\u2500\u2500\u2500\u2500\u2500\u2524
\u2502 weight_decay     \u2502 0.0005                              \u2502
\u251c\u2500\u2500\u2500\u2500\u2500\u2500\u2500\u2500\u2500\u2500\u2500\u2500\u2500\u2500\u2500\u2500\u2500\u2500\u253c\u2500\u2500\u2500\u2500\u2500\u2500\u2500\u2500\u2500\u2500\u2500\u2500\u2500\u2500\u2500\u2500\u2500\u2500\u2500\u2500\u2500\u2500\u2500\u2500\u2500\u2500\u2500\u2500\u2500\u2500\u2500\u2500\u2500\u2500\u2500\u2500\u2500\u2524
\u2502 momentum         \u2502 0.9                                 \u2502
\u251c\u2500\u2500\u2500\u2500\u2500\u2500\u2500\u2500\u2500\u2500\u2500\u2500\u2500\u2500\u2500\u2500\u2500\u2500\u253c\u2500\u2500\u2500\u2500\u2500\u2500\u2500\u2500\u2500\u2500\u2500\u2500\u2500\u2500\u2500\u2500\u2500\u2500\u2500\u2500\u2500\u2500\u2500\u2500\u2500\u2500\u2500\u2500\u2500\u2500\u2500\u2500\u2500\u2500\u2500\u2500\u2500\u2524
\u2502 exp_name         \u2502 'cfg_hdr4rtt_rod_dedup'             \u2502
\u251c\u2500\u2500\u2500\u2500\u2500\u2500\u2500\u2500\u2500\u2500\u2500\u2500\u2500\u2500\u2500\u2500\u2500\u2500\u253c\u2500\u2500\u2500\u2500\u2500\u2500\u2500\u2500\u2500\u2500\u2500\u2500\u2500\u2500\u2500\u2500\u2500\u2500\u2500\u2500\u2500\u2500\u2500\u2500\u2500\u2500\u2500\u2500\u2500\u2500\u2500\u2500\u2500\u2500\u2500\u2500\u2500\u2524
\u2502 test_size        \u2502 (1280, 1280)                        \u2502
\u251c\u2500\u2500\u2500\u2500\u2500\u2500\u2500\u2500\u2500\u2500\u2500\u2500\u2500\u2500\u2500\u2500\u2500\u2500\u253c\u2500\u2500\u2500\u2500\u2500\u2500\u2500\u2500\u2500\u2500\u2500\u2500\u2500\u2500\u2500\u2500\u2500\u2500\u2500\u2500\u2500\u2500\u2500\u2500\u2500\u2500\u2500\u2500\u2500\u2500\u2500\u2500\u2500\u2500\u2500\u2500\u2500\u2524
\u2502 test_conf        \u2502 0.001                               \u2502
\u251c\u2500\u2500\u2500\u2500\u2500\u2500\u2500\u2500\u2500\u2500\u2500\u2500\u2500\u2500\u2500\u2500\u2500\u2500\u253c\u2500\u2500\u2500\u2500\u2500\u2500\u2500\u2500\u2500\u2500\u2500\u2500\u2500\u2500\u2500\u2500\u2500\u2500\u2500\u2500\u2500\u2500\u2500\u2500\u2500\u2500\u2500\u2500\u2500\u2500\u2500\u2500\u2500\u2500\u2500\u2500\u2500\u2524
\u2502 nmsthre          \u2502 0.65                                \u2502
\u251c\u2500\u2500\u2500\u2500\u2500\u2500\u2500\u2500\u2500\u2500\u2500\u2500\u2500\u2500\u2500\u2500\u2500\u2500\u253c\u2500\u2500\u2500\u2500\u2500\u2500\u2500\u2500\u2500\u2500\u2500\u2500\u2500\u2500\u2500\u2500\u2500\u2500\u2500\u2500\u2500\u2500\u2500\u2500\u2500\u2500\u2500\u2500\u2500\u2500\u2500\u2500\u2500\u2500\u2500\u2500\u2500\u2524
\u2502 gamma_range      \u2502 [7.0, 10.5]                         \u2502
\u2558\u2550\u2550\u2550\u2550\u2550\u2550\u2550\u2550\u2550\u2550\u2550\u2550\u2550\u2550\u2550\u2550\u2550\u2550\u2567\u2550\u2550\u2550\u2550\u2550\u2550\u2550\u2550\u2550\u2550\u2550\u2550\u2550\u2550\u2550\u2550\u2550\u2550\u2550\u2550\u2550\u2550\u2550\u2550\u2550\u2550\u2550\u2550\u2550\u2550\u2550\u2550\u2550\u2550\u2550\u2550\u2550\u255b[0m
[32m2026-08-31 20:38:29[0m | [1mINFO    [0m | [36myolox.core.trainer[0m:[36m108[0m - [1mModel Summary: Params: 0.97M, Gflops: 3.04[0m
[32m2026-08-31 20:38:29[0m | [1mINFO    [0m | [36myolox.core.trainer[0m:[36m229[0m - [1mloading checkpoint for fine tuning[0m
[32m2026-08-31 20:38:29[0m | [1mINFO    [0m | [36myolox.data.datasets.coco_raw[0m:[36m44[0m - [1mloading annotations into memory...[0m
[32m2026-08-31 20:38:29[0m | [1mINFO    [0m | [36myolox.data.datasets.coco_raw[0m:[36m44[0m - [1mDone (t=0.10s)[0m
[32m2026-08-31 20:38:29[0m | [1mINFO    [0m | [36mpycocotools.coco[0m:[36m86[0m - [1mcreating index...[0m
[32m2026-08-31 20:38:29[0m | [1mINFO    [0m | [36mpycocotools.coco[0m:[36m86[0m - [1mindex created![0m
[32m2026-08-31 20:38:29[0m | [1mINFO    [0m | [36myolox.core.trainer[0m:[36m121[0m - [1minit prefetcher, this might take one minute or less...[0m
[32m2026-08-31 20:38:39[0m | [1mINFO    [0m | [36myolox.data.datasets.coco_raw[0m:[36m44[0m - [1mloading annotations into memory...[0m
[32m2026-08-31 20:38:39[0m | [1mINFO    [0m | [36myolox.data.datasets.coco_raw[0m:[36m44[0m - [1mDone (t=0.02s)[0m
[32m2026-08-31 20:38:39[0m | [1mINFO    [0m | [36mpycocotools.coco[0m:[36m86[0m - [1mcreating index...[0m
[32m2026-08-31 20:38:39[0m | [1mINFO    [0m | [36mpycocotools.coco[0m:[36m86[0m - [1mindex created![0m
[32m2026-08-31 20:38:39[0m | [1mINFO    [0m | [36myolox.core.trainer[0m:[36m145[0m - [1mTraining start...[0m
[32m2026-08-31 20:38:39[0m | [1mINFO    [0m | [36myolox.core.trainer[0m:[36m146[0m - [1m
YOLOX(
  (TMM): Adaptive_Module(
    (head1): BaseConv(
      (conv): Conv2d(3, 16, kernel_size=(3, 3), stride=(2, 2), padding=(1, 1))
      (act): ReLU(inplace=True)
    )
    (body1): BaseConv(
      (conv): Conv2d(16, 32, kernel_size=(3, 3), stride=(2, 2), padding=(1, 1))
      (act): ReLU(inplace=True)
    )
    (body2): BaseConv(
      (conv): Conv2d(32, 64, kernel_size=(3, 3), stride=(2, 2), padding=(1, 1))
      (act): ReLU(inplace=True)
    )
    (body3): BaseConv(
      (conv): Conv2d(64, 32, kernel_size=(3, 3), stride=(1, 1), padding=(1, 1))
      (act): ReLU(inplace=True)
    )
    (pooling): AdaptiveAvgPool2d(output_size=1)
    (image_adaptive_gamma): Sequential(
      (0): Linear(in_features=32, out_features=64, bias=True)
      (1): LeakyReLU(negative_slope=0.1, inplace=True)
      (2): Linear(in_features=64, out_features=3, bias=False)
    )
    (head2): BaseConv(
      (conv): Conv2d(3, 16, kernel_size=(3, 3), stride=(2, 2), padding=(1, 1))
      (act): ReLU(inplace=True)
    )
    (body_local1): BaseConv(
      (conv): Conv2d(16, 32, kernel_size=(3, 3), stride=(2, 2), padding=(1, 1))
      (act): ReLU(inplace=True)
    )
    (image_adaptive_local): Sequential(
      (0): Conv2d(32, 32, kernel_size=(3, 3), stride=(1, 1), padding=(1, 1))
      (1): ReLU(inplace=True)
      (2): Conv2d(32, 48, kernel_size=(3, 3), stride=(1, 1), padding=(1, 1))
    )
    (out_layer): Sequential(
      (0): Conv2d(3, 16, kernel_size=(1, 1), stride=(1, 1))
      (1): LeakyReLU(negative_slope=0.1, inplace=True)
      (2): Conv2d(16, 3, kernel_size=(1, 1), stride=(1, 1), bias=False)
    )
  )
  (backbone): YOLOPAFPN(
    (backbone): CSPDarknet(
      (stem): BaseConvStem(
        (conv): Conv2d(3, 16, kernel_size=(4, 4), stride=(4, 4), bias=False)
        (bn): BatchNorm2d(16, eps=0.001, momentum=0.03, affine=True, track_running_stats=True)
        (act): SiLU(inplace=True)
      )
      (dark2): Sequential(
        (0): DWConv(
          (dconv): BaseConv(
            (conv): Conv2d(16, 16, kernel_size=(3, 3), stride=(2, 2), padding=(1, 1), groups=16, bias=False)
            (bn): BatchNorm2d(16, eps=0.001, momentum=0.03, affine=True, track_running_stats=True)
            (act): SiLU(inplace=True)
          )
          (pconv): BaseConv(
            (conv): Conv2d(16, 32, kernel_size=(1, 1), stride=(1, 1), bias=False)
            (bn): BatchNorm2d(32, eps=0.001, momentum=0.03, affine=True, track_running_stats=True)
            (act): SiLU(inplace=True)
          )
        )
        (1): CSPLayer(
          (conv1): BaseConv(
            (conv): Conv2d(32, 16, kernel_size=(1, 1), stride=(1, 1), bias=False)
            (bn): BatchNorm2d(16, eps=0.001, momentum=0.03, affine=True, track_running_stats=True)
            (act): SiLU(inplace=True)
          )
          (conv2): BaseConv(
            (conv): Conv2d(32, 16, kernel_size=(1, 1), stride=(1, 1), bias=False)
            (bn): BatchNorm2d(16, eps=0.001, momentum=0.03, affine=True, track_running_stats=True)
            (act): SiLU(inplace=True)
          )
          (conv3): BaseConv(
            (conv): Conv2d(32, 32, kernel_size=(1, 1), stride=(1, 1), bias=False)
            (bn): BatchNorm2d(32, eps=0.001, momentum=0.03, affine=True, track_running_stats=True)
            (act): SiLU(inplace=True)
          )
          (m): Sequential(
            (0): Bottleneck(
              (conv1): BaseConv(
                (conv): Conv2d(16, 16, kernel_size=(1, 1), stride=(1, 1), bias=False)
                (bn): BatchNorm2d(16, eps=0.001, momentum=0.03, affine=True, track_running_stats=True)
                (act): SiLU(inplace=True)
              )
              (conv2): DWConv(
                (dconv): BaseConv(
                  (conv): Conv2d(16, 16, kernel_size=(3, 3), stride=(1, 1), padding=(1, 1), groups=16, bias=False)
                  (bn): BatchNorm2d(16, eps=0.001, momentum=0.03, affine=True, track_running_stats=True)
                  (act): SiLU(inplace=True)
                )
                (pconv): BaseConv(
                  (conv): Conv2d(16, 16, kernel_size=(1, 1), stride=(1, 1), bias=False)
                  (bn): BatchNorm2d(16, eps=0.001, momentum=0.03, affine=True, track_running_stats=True)
                  (act): SiLU(inplace=True)
                )
              )
            )
          )
        )
      )
      (dark3): Sequential(
        (0): DWConv(
          (dconv): BaseConv(
            (conv): Conv2d(32, 32, kernel_size=(3, 3), stride=(2, 2), padding=(1, 1), groups=32, bias=False)
            (bn): BatchNorm2d(32, eps=0.001, momentum=0.03, affine=True, track_running_stats=True)
            (act): SiLU(inplace=True)
          )
          (pconv): BaseConv(
            (conv): Conv2d(32, 64, kernel_size=(1, 1), stride=(1, 1), bias=False)
            (bn): BatchNorm2d(64, eps=0.001, momentum=0.03, affine=True, track_running_stats=True)
            (act): SiLU(inplace=True)
          )
        )
        (1): CSPLayer(
          (conv1): BaseConv(
            (conv): Conv2d(64, 32, kernel_size=(1, 1), stride=(1, 1), bias=False)
            (bn): BatchNorm2d(32, eps=0.001, momentum=0.03, affine=True, track_running_stats=True)
            (act): SiLU(inplace=True)
          )
          (conv2): BaseConv(
            (conv): Conv2d(64, 32, kernel_size=(1, 1), stride=(1, 1), bias=False)
            (bn): BatchNorm2d(32, eps=0.001, momentum=0.03, affine=True, track_running_stats=True)
            (act): SiLU(inplace=True)
          )
          (conv3): BaseConv(
            (conv): Conv2d(64, 64, kernel_size=(1, 1), stride=(1, 1), bias=False)
            (bn): BatchNorm2d(64, eps=0.001, momentum=0.03, affine=True, track_running_stats=True)
            (act): SiLU(inplace=True)
          )
          (m): Sequential(
            (0): Bottleneck(
              (conv1): BaseConv(
                (conv): Conv2d(32, 32, kernel_size=(1, 1), stride=(1, 1), bias=False)
                (bn): BatchNorm2d(32, eps=0.001, momentum=0.03, affine=True, track_running_stats=True)
                (act): SiLU(inplace=True)
              )
              (conv2): DWConv(
                (dconv): BaseConv(
                  (conv): Conv2d(32, 32, kernel_size=(3, 3), stride=(1, 1), padding=(1, 1), groups=32, bias=False)
                  (bn): BatchNorm2d(32, eps=0.001, momentum=0.03, affine=True, track_running_stats=True)
                  (act): SiLU(inplace=True)
                )
                (pconv): BaseConv(
                  (conv): Conv2d(32, 32, kernel_size=(1, 1), stride=(1, 1), bias=False)
                  (bn): BatchNorm2d(32, eps=0.001, momentum=0.03, affine=True, track_running_stats=True)
                  (act): SiLU(inplace=True)
                )
              )
            )
            (1): Bottleneck(
              (conv1): BaseConv(
                (conv): Conv2d(32, 32, kernel_size=(1, 1), stride=(1, 1), bias=False)
                (bn): BatchNorm2d(32, eps=0.001, momentum=0.03, affine=True, track_running_stats=True)
                (act): SiLU(inplace=True)
              )
              (conv2): DWConv(
                (dconv): BaseConv(
                  (conv): Conv2d(32, 32, kernel_size=(3, 3), stride=(1, 1), padding=(1, 1), groups=32, bias=False)
                  (bn): BatchNorm2d(32, eps=0.001, momentum=0.03, affine=True, track_running_stats=True)
                  (act): SiLU(inplace=True)
                )
                (pconv): BaseConv(
                  (conv): Conv2d(32, 32, kernel_size=(1, 1), stride=(1, 1), bias=False)
                  (bn): BatchNorm2d(32, eps=0.001, momentum=0.03, affine=True, track_running_stats=True)
                  (act): SiLU(inplace=True)
                )
              )
            )
            (2): Bottleneck(
              (conv1): BaseConv(
                (conv): Conv2d(32, 32, kernel_size=(1, 1), stride=(1, 1), bias=False)
                (bn): BatchNorm2d(32, eps=0.001, momentum=0.03, affine=True, track_running_stats=True)
                (act): SiLU(inplace=True)
              )
              (conv2): DWConv(
                (dconv): BaseConv(
                  (conv): Conv2d(32, 32, kernel_size=(3, 3), stride=(1, 1), padding=(1, 1), groups=32, bias=False)
                  (bn): BatchNorm2d(32, eps=0.001, momentum=0.03, affine=True, track_running_stats=True)
                  (act): SiLU(inplace=True)
                )
                (pconv): BaseConv(
                  (conv): Conv2d(32, 32, kernel_size=(1, 1), stride=(1, 1), bias=False)
                  (bn): BatchNorm2d(32, eps=0.001, momentum=0.03, affine=True, track_running_stats=True)
                  (act): SiLU(inplace=True)
                )
              )
            )
          )
        )
      )
      (dark4): Sequential(
        (0): DWConv(
          (dconv): BaseConv(
            (conv): Conv2d(64, 64, kernel_size=(3, 3), stride=(2, 2), padding=(1, 1), groups=64, bias=False)
            (bn): BatchNorm2d(64, eps=0.001, momentum=0.03, affine=True, track_running_stats=True)
            (act): SiLU(inplace=True)
          )
          (pconv): BaseConv(
            (conv): Conv2d(64, 128, kernel_size=(1, 1), stride=(1, 1), bias=False)
            (bn): BatchNorm2d(128, eps=0.001, momentum=0.03, affine=True, track_running_stats=True)
            (act): SiLU(inplace=True)
          )
        )
        (1): CSPLayer(
          (conv1): BaseConv(
            (conv): Conv2d(128, 64, kernel_size=(1, 1), stride=(1, 1), bias=False)
            (bn): BatchNorm2d(64, eps=0.001, momentum=0.03, affine=True, track_running_stats=True)
            (act): SiLU(inplace=True)
          )
          (conv2): BaseConv(
            (conv): Conv2d(128, 64, kernel_size=(1, 1), stride=(1, 1), bias=False)
            (bn): BatchNorm2d(64, eps=0.001, momentum=0.03, affine=True, track_running_stats=True)
            (act): SiLU(inplace=True)
          )
          (conv3): BaseConv(
            (conv): Conv2d(128, 128, kernel_size=(1, 1), stride=(1, 1), bias=False)
            (bn): BatchNorm2d(128, eps=0.001, momentum=0.03, affine=True, track_running_stats=True)
            (act): SiLU(inplace=True)
          )
          (m): Sequential(
            (0): Bottleneck(
              (conv1): BaseConv(
                (conv): Conv2d(64, 64, kernel_size=(1, 1), stride=(1, 1), bias=False)
                (bn): BatchNorm2d(64, eps=0.001, momentum=0.03, affine=True, track_running_stats=True)
                (act): SiLU(inplace=True)
              )
              (conv2): DWConv(
                (dconv): BaseConv(
                  (conv): Conv2d(64, 64, kernel_size=(3, 3), stride=(1, 1), padding=(1, 1), groups=64, bias=False)
                  (bn): BatchNorm2d(64, eps=0.001, momentum=0.03, affine=True, track_running_stats=True)
                  (act): SiLU(inplace=True)
                )
                (pconv): BaseConv(
                  (conv): Conv2d(64, 64, kernel_size=(1, 1), stride=(1, 1), bias=False)
                  (bn): BatchNorm2d(64, eps=0.001, momentum=0.03, affine=True, track_running_stats=True)
                  (act): SiLU(inplace=True)
                )
              )
            )
            (1): Bottleneck(
              (conv1): BaseConv(
                (conv): Conv2d(64, 64, kernel_size=(1, 1), stride=(1, 1), bias=False)
                (bn): BatchNorm2d(64, eps=0.001, momentum=0.03, affine=True, track_running_stats=True)
                (act): SiLU(inplace=True)
              )
              (conv2): DWConv(
                (dconv): BaseConv(
                  (conv): Conv2d(64, 64, kernel_size=(3, 3), stride=(1, 1), padding=(1, 1), groups=64, bias=False)
                  (bn): BatchNorm2d(64, eps=0.001, momentum=0.03, affine=True, track_running_stats=True)
                  (act): SiLU(inplace=True)
                )
                (pconv): BaseConv(
                  (conv): Conv2d(64, 64, kernel_size=(1, 1), stride=(1, 1), bias=False)
                  (bn): BatchNorm2d(64, eps=0.001, momentum=0.03, affine=True, track_running_stats=True)
                  (act): SiLU(inplace=True)
                )
              )
            )
            (2): Bottleneck(
              (conv1): BaseConv(
                (conv): Conv2d(64, 64, kernel_size=(1, 1), stride=(1, 1), bias=False)
                (bn): BatchNorm2d(64, eps=0.001, momentum=0.03, affine=True, track_running_stats=True)
                (act): SiLU(inplace=True)
              )
              (conv2): DWConv(
                (dconv): BaseConv(
                  (conv): Conv2d(64, 64, kernel_size=(3, 3), stride=(1, 1), padding=(1, 1), groups=64, bias=False)
                  (bn): BatchNorm2d(64, eps=0.001, momentum=0.03, affine=True, track_running_stats=True)
                  (act): SiLU(inplace=True)
                )
                (pconv): BaseConv(
                  (conv): Conv2d(64, 64, kernel_size=(1, 1), stride=(1, 1), bias=False)
                  (bn): BatchNorm2d(64, eps=0.001, momentum=0.03, affine=True, track_running_stats=True)
                  (act): SiLU(inplace=True)
                )
              )
            )
          )
        )
      )
      (dark5): Sequential(
        (0): DWConv(
          (dconv): BaseConv(
            (conv): Conv2d(128, 128, kernel_size=(3, 3), stride=(2, 2), padding=(1, 1), groups=128, bias=False)
            (bn): BatchNorm2d(128, eps=0.001, momentum=0.03, affine=True, track_running_stats=True)
            (act): SiLU(inplace=True)
          )
          (pconv): BaseConv(
            (conv): Conv2d(128, 256, kernel_size=(1, 1), stride=(1, 1), bias=False)
            (bn): BatchNorm2d(256, eps=0.001, momentum=0.03, affine=True, track_running_stats=True)
            (act): SiLU(inplace=True)
          )
        )
        (1): SPPBottleneck(
          (conv1): BaseConv(
            (conv): Conv2d(256, 128, kernel_size=(1, 1), stride=(1, 1), bias=False)
            (bn): BatchNorm2d(128, eps=0.001, momentum=0.03, affine=True, track_running_stats=True)
            (act): SiLU(inplace=True)
          )
          (m): ModuleList(
            (0): MaxPool2d(kernel_size=5, stride=1, padding=2, dilation=1, ceil_mode=False)
            (1): MaxPool2d(kernel_size=9, stride=1, padding=4, dilation=1, ceil_mode=False)
            (2): MaxPool2d(kernel_size=13, stride=1, padding=6, dilation=1, ceil_mode=False)
          )
          (conv2): BaseConv(
            (conv): Conv2d(512, 256, kernel_size=(1, 1), stride=(1, 1), bias=False)
            (bn): BatchNorm2d(256, eps=0.001, momentum=0.03, affine=True, track_running_stats=True)
            (act): SiLU(inplace=True)
          )
        )
        (2): CSPLayer(
          (conv1): BaseConv(
            (conv): Conv2d(256, 128, kernel_size=(1, 1), stride=(1, 1), bias=False)
            (bn): BatchNorm2d(128, eps=0.001, momentum=0.03, affine=True, track_running_stats=True)
            (act): SiLU(inplace=True)
          )
          (conv2): BaseConv(
            (conv): Conv2d(256, 128, kernel_size=(1, 1), stride=(1, 1), bias=False)
            (bn): BatchNorm2d(128, eps=0.001, momentum=0.03, affine=True, track_running_stats=True)
            (act): SiLU(inplace=True)
          )
          (conv3): BaseConv(
            (conv): Conv2d(256, 256, kernel_size=(1, 1), stride=(1, 1), bias=False)
            (bn): BatchNorm2d(256, eps=0.001, momentum=0.03, affine=True, track_running_stats=True)
            (act): SiLU(inplace=True)
          )
          (m): Sequential(
            (0): Bottleneck(
              (conv1): BaseConv(
                (conv): Conv2d(128, 128, kernel_size=(1, 1), stride=(1, 1), bias=False)
                (bn): BatchNorm2d(128, eps=0.001, momentum=0.03, affine=True, track_running_stats=True)
                (act): SiLU(inplace=True)
              )
              (conv2): DWConv(
                (dconv): BaseConv(
                  (conv): Conv2d(128, 128, kernel_size=(3, 3), stride=(1, 1), padding=(1, 1), groups=128, bias=False)
                  (bn): BatchNorm2d(128, eps=0.001, momentum=0.03, affine=True, track_running_stats=True)
                  (act): SiLU(inplace=True)
                )
                (pconv): BaseConv(
                  (conv): Conv2d(128, 128, kernel_size=(1, 1), stride=(1, 1), bias=False)
                  (bn): BatchNorm2d(128, eps=0.001, momentum=0.03, affine=True, track_running_stats=True)
                  (act): SiLU(inplace=True)
                )
              )
            )
          )
        )
      )
    )
    (upsample): Upsample(scale_factor=2.0, mode='nearest')
    (lateral_conv0): BaseConv(
      (conv): Conv2d(256, 128, kernel_size=(1, 1), stride=(1, 1), bias=False)
      (bn): BatchNorm2d(128, eps=0.001, momentum=0.03, affine=True, track_running_stats=True)
      (act): SiLU(inplace=True)
    )
    (C3_p4): CSPLayer(
      (conv1): BaseConv(
        (conv): Conv2d(256, 64, kernel_size=(1, 1), stride=(1, 1), bias=False)
        (bn): BatchNorm2d(64, eps=0.001, momentum=0.03, affine=True, track_running_stats=True)
        (act): SiLU(inplace=True)
      )
      (conv2): BaseConv(
        (conv): Conv2d(256, 64, kernel_size=(1, 1), stride=(1, 1), bias=False)
        (bn): BatchNorm2d(64, eps=0.001, momentum=0.03, affine=True, track_running_stats=True)
        (act): SiLU(inplace=True)
      )
      (conv3): BaseConv(
        (conv): Conv2d(128, 128, kernel_size=(1, 1), stride=(1, 1), bias=False)
        (bn): BatchNorm2d(128, eps=0.001, momentum=0.03, affine=True, track_running_stats=True)
        (act): SiLU(inplace=True)
      )
      (m): Sequential(
        (0): Bottleneck(
          (conv1): BaseConv(
            (conv): Conv2d(64, 64, kernel_size=(1, 1), stride=(1, 1), bias=False)
            (bn): BatchNorm2d(64, eps=0.001, momentum=0.03, affine=True, track_running_stats=True)
            (act): SiLU(inplace=True)
          )
          (conv2): DWConv(
            (dconv): BaseConv(
              (conv): Conv2d(64, 64, kernel_size=(3, 3), stride=(1, 1), padding=(1, 1), groups=64, bias=False)
              (bn): BatchNorm2d(64, eps=0.001, momentum=0.03, affine=True, track_running_stats=True)
              (act): SiLU(inplace=True)
            )
            (pconv): BaseConv(
              (conv): Conv2d(64, 64, kernel_size=(1, 1), stride=(1, 1), bias=False)
              (bn): BatchNorm2d(64, eps=0.001, momentum=0.03, affine=True, track_running_stats=True)
              (act): SiLU(inplace=True)
            )
          )
        )
      )
    )
    (reduce_conv1): BaseConv(
      (conv): Conv2d(128, 64, kernel_size=(1, 1), stride=(1, 1), bias=False)
      (bn): BatchNorm2d(64, eps=0.001, momentum=0.03, affine=True, track_running_stats=True)
      (act): SiLU(inplace=True)
    )
    (C3_p3): CSPLayer(
      (conv1): BaseConv(
        (conv): Conv2d(128, 32, kernel_size=(1, 1), stride=(1, 1), bias=False)
        (bn): BatchNorm2d(32, eps=0.001, momentum=0.03, affine=True, track_running_stats=True)
        (act): SiLU(inplace=True)
      )
      (conv2): BaseConv(
        (conv): Conv2d(128, 32, kernel_size=(1, 1), stride=(1, 1), bias=False)
        (bn): BatchNorm2d(32, eps=0.001, momentum=0.03, affine=True, track_running_stats=True)
        (act): SiLU(inplace=True)
      )
      (conv3): BaseConv(
        (conv): Conv2d(64, 64, kernel_size=(1, 1), stride=(1, 1), bias=False)
        (bn): BatchNorm2d(64, eps=0.001, momentum=0.03, affine=True, track_running_stats=True)
        (act): SiLU(inplace=True)
      )
      (m): Sequential(
        (0): Bottleneck(
          (conv1): BaseConv(
            (conv): Conv2d(32, 32, kernel_size=(1, 1), stride=(1, 1), bias=False)
            (bn): BatchNorm2d(32, eps=0.001, momentum=0.03, affine=True, track_running_stats=True)
            (act): SiLU(inplace=True)
          )
          (conv2): DWConv(
            (dconv): BaseConv(
              (conv): Conv2d(32, 32, kernel_size=(3, 3), stride=(1, 1), padding=(1, 1), groups=32, bias=False)
              (bn): BatchNorm2d(32, eps=0.001, momentum=0.03, affine=True, track_running_stats=True)
              (act): SiLU(inplace=True)
            )
            (pconv): BaseConv(
              (conv): Conv2d(32, 32, kernel_size=(1, 1), stride=(1, 1), bias=False)
              (bn): BatchNorm2d(32, eps=0.001, momentum=0.03, affine=True, track_running_stats=True)
              (act): SiLU(inplace=True)
            )
          )
        )
      )
    )
    (bu_conv2): DWConv(
      (dconv): BaseConv(
        (conv): Conv2d(64, 64, kernel_size=(3, 3), stride=(2, 2), padding=(1, 1), groups=64, bias=False)
        (bn): BatchNorm2d(64, eps=0.001, momentum=0.03, affine=True, track_running_stats=True)
        (act): SiLU(inplace=True)
      )
      (pconv): BaseConv(
        (conv): Conv2d(64, 64, kernel_size=(1, 1), stride=(1, 1), bias=False)
        (bn): BatchNorm2d(64, eps=0.001, momentum=0.03, affine=True, track_running_stats=True)
        (act): SiLU(inplace=True)
      )
    )
    (C3_n3): CSPLayer(
      (conv1): BaseConv(
        (conv): Conv2d(128, 64, kernel_size=(1, 1), stride=(1, 1), bias=False)
        (bn): BatchNorm2d(64, eps=0.001, momentum=0.03, affine=True, track_running_stats=True)
        (act): SiLU(inplace=True)
      )
      (conv2): BaseConv(
        (conv): Conv2d(128, 64, kernel_size=(1, 1), stride=(1, 1), bias=False)
        (bn): BatchNorm2d(64, eps=0.001, momentum=0.03, affine=True, track_running_stats=True)
        (act): SiLU(inplace=True)
      )
      (conv3): BaseConv(
        (conv): Conv2d(128, 128, kernel_size=(1, 1), stride=(1, 1), bias=False)
        (bn): BatchNorm2d(128, eps=0.001, momentum=0.03, affine=True, track_running_stats=True)
        (act): SiLU(inplace=True)
      )
      (m): Sequential(
        (0): Bottleneck(
          (conv1): BaseConv(
            (conv): Conv2d(64, 64, kernel_size=(1, 1), stride=(1, 1), bias=False)
            (bn): BatchNorm2d(64, eps=0.001, momentum=0.03, affine=True, track_running_stats=True)
            (act): SiLU(inplace=True)
          )
          (conv2): DWConv(
            (dconv): BaseConv(
              (conv): Conv2d(64, 64, kernel_size=(3, 3), stride=(1, 1), padding=(1, 1), groups=64, bias=False)
              (bn): BatchNorm2d(64, eps=0.001, momentum=0.03, affine=True, track_running_stats=True)
              (act): SiLU(inplace=True)
            )
            (pconv): BaseConv(
              (conv): Conv2d(64, 64, kernel_size=(1, 1), stride=(1, 1), bias=False)
              (bn): BatchNorm2d(64, eps=0.001, momentum=0.03, affine=True, track_running_stats=True)
              (act): SiLU(inplace=True)
            )
          )
        )
      )
    )
    (bu_conv1): DWConv(
      (dconv): BaseConv(
        (conv): Conv2d(128, 128, kernel_size=(3, 3), stride=(2, 2), padding=(1, 1), groups=128, bias=False)
        (bn): BatchNorm2d(128, eps=0.001, momentum=0.03, affine=True, track_running_stats=True)
        (act): SiLU(inplace=True)
      )
      (pconv): BaseConv(
        (conv): Conv2d(128, 128, kernel_size=(1, 1), stride=(1, 1), bias=False)
        (bn): BatchNorm2d(128, eps=0.001, momentum=0.03, affine=True, track_running_stats=True)
        (act): SiLU(inplace=True)
      )
    )
    (C3_n4): CSPLayer(
      (conv1): BaseConv(
        (conv): Conv2d(256, 128, kernel_size=(1, 1), stride=(1, 1), bias=False)
        (bn): BatchNorm2d(128, eps=0.001, momentum=0.03, affine=True, track_running_stats=True)
        (act): SiLU(inplace=True)
      )
      (conv2): BaseConv(
        (conv): Conv2d(256, 128, kernel_size=(1, 1), stride=(1, 1), bias=False)
        (bn): BatchNorm2d(128, eps=0.001, momentum=0.03, affine=True, track_running_stats=True)
        (act): SiLU(inplace=True)
      )
      (conv3): BaseConv(
        (conv): Conv2d(256, 256, kernel_size=(1, 1), stride=(1, 1), bias=False)
        (bn): BatchNorm2d(256, eps=0.001, momentum=0.03, affine=True, track_running_stats=True)
        (act): SiLU(inplace=True)
      )
      (m): Sequential(
        (0): Bottleneck(
          (conv1): BaseConv(
            (conv): Conv2d(128, 128, kernel_size=(1, 1), stride=(1, 1), bias=False)
            (bn): BatchNorm2d(128, eps=0.001, momentum=0.03, affine=True, track_running_stats=True)
            (act): SiLU(inplace=True)
          )
          (conv2): DWConv(
            (dconv): BaseConv(
              (conv): Conv2d(128, 128, kernel_size=(3, 3), stride=(1, 1), padding=(1, 1), groups=128, bias=False)
              (bn): BatchNorm2d(128, eps=0.001, momentum=0.03, affine=True, track_running_stats=True)
              (act): SiLU(inplace=True)
            )
            (pconv): BaseConv(
              (conv): Conv2d(128, 128, kernel_size=(1, 1), stride=(1, 1), bias=False)
              (bn): BatchNorm2d(128, eps=0.001, momentum=0.03, affine=True, track_running_stats=True)
              (act): SiLU(inplace=True)
            )
          )
        )
      )
    )
  )
  (head): YOLOXHead(
    (cls_convs): ModuleList(
      (0-2): 3 x Sequential(
        (0): DWConv(
          (dconv): BaseConv(
            (conv): Conv2d(64, 64, kernel_size=(3, 3), stride=(1, 1), padding=(1, 1), groups=64, bias=False)
            (bn): BatchNorm2d(64, eps=0.001, momentum=0.03, affine=True, track_running_stats=True)
            (act): SiLU(inplace=True)
          )
          (pconv): BaseConv(
            (conv): Conv2d(64, 64, kernel_size=(1, 1), stride=(1, 1), bias=False)
            (bn): BatchNorm2d(64, eps=0.001, momentum=0.03, affine=True, track_running_stats=True)
            (act): SiLU(inplace=True)
          )
        )
        (1): DWConv(
          (dconv): BaseConv(
            (conv): Conv2d(64, 64, kernel_size=(3, 3), stride=(1, 1), padding=(1, 1), groups=64, bias=False)
            (bn): BatchNorm2d(64, eps=0.001, momentum=0.03, affine=True, track_running_stats=True)
            (act): SiLU(inplace=True)
          )
          (pconv): BaseConv(
            (conv): Conv2d(64, 64, kernel_size=(1, 1), stride=(1, 1), bias=False)
            (bn): BatchNorm2d(64, eps=0.001, momentum=0.03, affine=True, track_running_stats=True)
            (act): SiLU(inplace=True)
          )
        )
      )
    )
    (reg_convs): ModuleList(
      (0-2): 3 x Sequential(
        (0): DWConv(
          (dconv): BaseConv(
            (conv): Conv2d(64, 64, kernel_size=(3, 3), stride=(1, 1), padding=(1, 1), groups=64, bias=False)
            (bn): BatchNorm2d(64, eps=0.001, momentum=0.03, affine=True, track_running_stats=True)
            (act): SiLU(inplace=True)
          )
          (pconv): BaseConv(
            (conv): Conv2d(64, 64, kernel_size=(1, 1), stride=(1, 1), bias=False)
            (bn): BatchNorm2d(64, eps=0.001, momentum=0.03, affine=True, track_running_stats=True)
            (act): SiLU(inplace=True)
          )
        )
        (1): DWConv(
          (dconv): BaseConv(
            (conv): Conv2d(64, 64, kernel_size=(3, 3), stride=(1, 1), padding=(1, 1), groups=64, bias=False)
            (bn): BatchNorm2d(64, eps=0.001, momentum=0.03, affine=True, track_running_stats=True)
            (act): SiLU(inplace=True)
          )
          (pconv): BaseConv(
            (conv): Conv2d(64, 64, kernel_size=(1, 1), stride=(1, 1), bias=False)
            (bn): BatchNorm2d(64, eps=0.001, momentum=0.03, affine=True, track_running_stats=True)
            (act): SiLU(inplace=True)
          )
        )
      )
    )
    (cls_preds): ModuleList(
      (0-2): 3 x Conv2d(64, 5, kernel_size=(1, 1), stride=(1, 1))
    )
    (reg_preds): ModuleList(
      (0-2): 3 x Conv2d(64, 4, kernel_size=(1, 1), stride=(1, 1))
    )
    (obj_preds): ModuleList(
      (0-2): 3 x Conv2d(64, 1, kernel_size=(1, 1), stride=(1, 1))
    )
    (stems): ModuleList(
      (0): BaseConv(
        (conv): Conv2d(64, 64, kernel_size=(1, 1), stride=(1, 1), bias=False)
        (bn): BatchNorm2d(64, eps=0.001, momentum=0.03, affine=True, track_running_stats=True)
        (act): SiLU(inplace=True)
      )
      (1): BaseConv(
        (conv): Conv2d(128, 64, kernel_size=(1, 1), stride=(1, 1), bias=False)
        (bn): BatchNorm2d(64, eps=0.001, momentum=0.03, affine=True, track_running_stats=True)
        (act): SiLU(inplace=True)
      )
      (2): BaseConv(
        (conv): Conv2d(256, 64, kernel_size=(1, 1), stride=(1, 1), bias=False)
        (bn): BatchNorm2d(64, eps=0.001, momentum=0.03, affine=True, track_running_stats=True)
        (act): SiLU(inplace=True)
      )
    )
    (l1_loss): L1Loss()
    (bcewithlog_loss): BCEWithLogitsLoss()
    (iou_loss): IOUloss()
  )
)[0m
[32m2026-08-31 20:38:39[0m | [1mINFO    [0m | [36myolox.core.trainer[0m:[36m152[0m - [1m---> start train epoch1[0m
[32m2026-08-31 20:39:07[0m | [1mINFO    [0m | [36myolox.core.trainer[0m:[36m199[0m - [1mep:1/50, it:20/577, total_loss:16.129, iou_loss:3.844, l1_loss:0.000, conf_loss:10.582, cls_loss:1.702, lr:3.75e-08, ETA:11:09:06[0m
[32m2026-08-31 20:39:22[0m | [1mINFO    [0m | [36myolox.core.trainer[0m:[36m199[0m - [1mep:1/50, it:40/577, total_loss:15.944, iou_loss:4.147, l1_loss:0.000, conf_loss:10.031, cls_loss:1.765, lr:1.50e-07, ETA:8:34:09[0m
[32m2026-08-31 20:39:31[0m | [1mINFO    [0m | [36myolox.core.trainer[0m:[36m199[0m - [1mep:1/50, it:60/577, total_loss:14.363, iou_loss:3.974, l1_loss:0.000, conf_loss:8.062, cls_loss:2.327, lr:3.38e-07, ETA:6:51:15[0m
[32m2026-08-31 20:39:47[0m | [1mINFO    [0m | [36myolox.core.trainer[0m:[36m199[0m - [1mep:1/50, it:80/577, total_loss:12.134, iou_loss:3.461, l1_loss:0.000, conf_loss:7.100, cls_loss:1.573, lr:6.01e-07, ETA:6:43:00[0m
[32m2026-08-31 20:39:57[0m | [1mINFO    [0m | [36myolox.core.trainer[0m:[36m199[0m - [1mep:1/50, it:100/577, total_loss:14.405, iou_loss:3.442, l1_loss:0.000, conf_loss:9.044, cls_loss:1.919, lr:9.39e-07, ETA:6:14:09[0m
[32m2026-08-31 20:40:07[0m | [1mINFO    [0m | [36myolox.core.trainer[0m:[36m199[0m - [1mep:1/50, it:120/577, total_loss:16.036, iou_loss:3.424, l1_loss:0.000, conf_loss:9.856, cls_loss:2.756, lr:1.35e-06, ETA:5:49:49[0m
[32m2026-08-31 20:40:24[0m | [1mINFO    [0m | [36myolox.core.trainer[0m:[36m199[0m - [1mep:1/50, it:140/577, total_loss:13.702, iou_loss:3.863, l1_loss:0.000, conf_loss:8.495, cls_loss:1.344, lr:1.84e-06, ETA:5:56:05[0m
[32m2026-08-31 20:40:33[0m | [1mINFO    [0m | [36myolox.core.trainer[0m:[36m199[0m - [1mep:1/50, it:160/577, total_loss:13.525, iou_loss:3.646, l1_loss:0.000, conf_loss:7.815, cls_loss:2.064, lr:2.40e-06, ETA:5:38:52[0m
[32m2026-08-31 20:40:47[0m | [1mINFO    [0m | [36myolox.core.trainer[0m:[36m199[0m - [1mep:1/50, it:180/577, total_loss:16.354, iou_loss:3.927, l1_loss:0.000, conf_loss:10.672, cls_loss:1.756, lr:3.04e-06, ETA:5:38:50[0m
[32m2026-08-31 20:40:55[0m | [1mINFO    [0m | [36myolox.core.trainer[0m:[36m199[0m - [1mep:1/50, it:200/577, total_loss:14.640, iou_loss:4.197, l1_loss:0.000, conf_loss:8.629, cls_loss:1.814, lr:3.75e-06, ETA:5:24:37[0m
[32m2026-08-31 20:41:05[0m | [1mINFO    [0m | [36myolox.core.trainer[0m:[36m199[0m - [1mep:1/50, it:220/577, total_loss:12.414, iou_loss:3.400, l1_loss:0.000, conf_loss:6.636, cls_loss:2.379, lr:4.54e-06, ETA:5:14:50[0m
[32m2026-08-31 20:41:11[0m | [1mINFO    [0m | [36myolox.core.trainer[0m:[36m199[0m - [1mep:1/50, it:240/577, total_loss:9.631, iou_loss:3.375, l1_loss:0.000, conf_loss:5.297, cls_loss:0.959, lr:5.41e-06, ETA:5:01:27[0m
[32m2026-08-31 20:41:17[0m | [1mINFO    [0m | [36myolox.core.trainer[0m:[36m199[0m - [1mep:1/50, it:260/577, total_loss:13.407, iou_loss:3.497, l1_loss:0.000, conf_loss:7.141, cls_loss:2.769, lr:6.35e-06, ETA:4:49:12[0m
[32m2026-08-31 20:41:25[0m | [1mINFO    [0m | [36myolox.core.trainer[0m:[36m199[0m - [1mep:1/50, it:280/577, total_loss:11.089, iou_loss:3.311, l1_loss:0.000, conf_loss:6.387, cls_loss:1.390, lr:7.36e-06, ETA:4:40:52[0m
[32m2026-08-31 20:41:34[0m | [1mINFO    [0m | [36myolox.core.trainer[0m:[36m199[0m - [1mep:1/50, it:300/577, total_loss:12.370, iou_loss:4.109, l1_loss:0.000, conf_loss:6.614, cls_loss:1.647, lr:8.45e-06, ETA:4:36:05[0m
[32m2026-08-31 20:41:43[0m | [1mINFO    [0m | [36myolox.core.trainer[0m:[36m199[0m - [1mep:1/50, it:320/577, total_loss:10.924, iou_loss:3.690, l1_loss:0.000, conf_loss:5.917, cls_loss:1.317, lr:9.61e-06, ETA:4:32:12[0m
[32m2026-08-31 20:41:50[0m | [1mINFO    [0m | [36myolox.core.trainer[0m:[36m199[0m - [1mep:1/50, it:340/577, total_loss:10.275, iou_loss:3.720, l1_loss:0.000, conf_loss:4.743, cls_loss:1.812, lr:1.09e-05, ETA:4:26:54[0m
[32m2026-08-31 20:42:00[0m | [1mINFO    [0m | [36myolox.core.trainer[0m:[36m199[0m - [1mep:1/50, it:360/577, total_loss:10.680, iou_loss:3.626, l1_loss:0.000, conf_loss:5.561, cls_loss:1.493, lr:1.22e-05, ETA:4:24:06[0m
[32m2026-08-31 20:42:07[0m | [1mINFO    [0m | [36myolox.core.trainer[0m:[36m199[0m - [1mep:1/50, it:380/577, total_loss:8.617, iou_loss:3.028, l1_loss:0.000, conf_loss:4.221, cls_loss:1.368, lr:1.36e-05, ETA:4:18:44[0m
[32m2026-08-31 20:42:16[0m | [1mINFO    [0m | [36myolox.core.trainer[0m:[36m199[0m - [1mep:1/50, it:400/577, total_loss:10.553, iou_loss:2.948, l1_loss:0.000, conf_loss:5.756, cls_loss:1.848, lr:1.50e-05, ETA:4:16:31[0m
[32m2026-08-31 20:42:27[0m | [1mINFO    [0m | [36myolox.core.trainer[0m:[36m199[0m - [1mep:1/50, it:420/577, total_loss:8.877, iou_loss:3.482, l1_loss:0.000, conf_loss:4.076, cls_loss:1.319, lr:1.66e-05, ETA:4:16:39[0m
[32m2026-08-31 20:42:35[0m | [1mINFO    [0m | [36myolox.core.trainer[0m:[36m199[0m - [1mep:1/50, it:440/577, total_loss:9.468, iou_loss:3.892, l1_loss:0.000, conf_loss:4.633, cls_loss:0.943, lr:1.82e-05, ETA:4:13:20[0m
[32m2026-08-31 20:42:44[0m | [1mINFO    [0m | [36myolox.core.trainer[0m:[36m199[0m - [1mep:1/50, it:460/577, total_loss:8.605, iou_loss:3.380, l1_loss:0.000, conf_loss:3.956, cls_loss:1.269, lr:1.99e-05, ETA:4:11:06[0m
[32m2026-08-31 20:42:50[0m | [1mINFO    [0m | [36myolox.core.trainer[0m:[36m199[0m - [1mep:1/50, it:480/577, total_loss:10.804, iou_loss:3.731, l1_loss:0.000, conf_loss:5.743, cls_loss:1.330, lr:2.16e-05, ETA:4:06:57[0m
[32m2026-08-31 20:42:58[0m | [1mINFO    [0m | [36myolox.core.trainer[0m:[36m199[0m - [1mep:1/50, it:500/577, total_loss:9.046, iou_loss:3.088, l1_loss:0.000, conf_loss:4.843, cls_loss:1.115, lr:2.35e-05, ETA:4:04:19[0m
[32m2026-08-31 20:43:06[0m | [1mINFO    [0m | [36myolox.core.trainer[0m:[36m199[0m - [1mep:1/50, it:520/577, total_loss:8.413, iou_loss:3.324, l1_loss:0.000, conf_loss:4.157, cls_loss:0.932, lr:2.54e-05, ETA:4:01:57[0m
[32m2026-08-31 20:43:15[0m | [1mINFO    [0m | [36myolox.core.trainer[0m:[36m199[0m - [1mep:1/50, it:540/577, total_loss:9.947, iou_loss:3.733, l1_loss:0.000, conf_loss:5.149, cls_loss:1.065, lr:2.74e-05, ETA:4:00:38[0m
[32m2026-08-31 20:43:23[0m | [1mINFO    [0m | [36myolox.core.trainer[0m:[36m199[0m - [1mep:1/50, it:560/577, total_loss:8.191, iou_loss:3.535, l1_loss:0.000, conf_loss:3.696, cls_loss:0.959, lr:2.94e-05, ETA:3:58:34[0m
[32m2026-08-31 20:43:32[0m | [1mINFO    [0m | [36myolox.core.trainer[0m:[36m259[0m - [1mSave weights to D:\Codes\HDR\Sana\hdr4rtt_rod\cfg_hdr4rtt_rod_dedup[0m
[32m2026-08-31 20:43:32[0m | [1mINFO    [0m | [36myolox.core.trainer[0m:[36m152[0m - [1m---> start train epoch2[0m
[32m2026-08-31 20:43:42[0m | [1mINFO    [0m | [36myolox.core.trainer[0m:[36m199[0m - [1mep:2/50, it:20/577, total_loss:12.057, iou_loss:3.560, l1_loss:0.000, conf_loss:7.041, cls_loss:1.456, lr:3.35e-05, ETA:3:58:27[0m
[32m2026-08-31 20:43:51[0m | [1mINFO    [0m | [36myolox.core.trainer[0m:[36m199[0m - [1mep:2/50, it:40/577, total_loss:9.696, iou_loss:3.620, l1_loss:0.000, conf_loss:5.198, cls_loss:0.878, lr:3.57e-05, ETA:3:57:48[0m
[32m2026-08-31 20:44:01[0m | [1mINFO    [0m | [36myolox.core.trainer[0m:[36m199[0m - [1mep:2/50, it:60/577, total_loss:11.770, iou_loss:3.971, l1_loss:0.000, conf_loss:6.629, cls_loss:1.171, lr:3.81e-05, ETA:3:56:50[0m
[32m2026-08-31 20:44:09[0m | [1mINFO    [0m | [36myolox.core.trainer[0m:[36m199[0m - [1mep:2/50, it:80/577, total_loss:8.209, iou_loss:3.444, l1_loss:0.000, conf_loss:3.883, cls_loss:0.882, lr:4.05e-05, ETA:3:55:39[0m
[32m2026-08-31 20:44:16[0m | [1mINFO    [0m | [36myolox.core.trainer[0m:[36m199[0m - [1mep:2/50, it:100/577, total_loss:8.461, iou_loss:3.528, l1_loss:0.000, conf_loss:3.874, cls_loss:1.059, lr:4.30e-05, ETA:3:52:57[0m
[32m2026-08-31 20:44:23[0m | [1mINFO    [0m | [36myolox.core.trainer[0m:[36m199[0m - [1mep:2/50, it:120/577, total_loss:10.479, iou_loss:3.924, l1_loss:0.000, conf_loss:5.694, cls_loss:0.861, lr:4.56e-05, ETA:3:51:05[0m
[32m2026-08-31 20:44:32[0m | [1mINFO    [0m | [36myolox.core.trainer[0m:[36m199[0m - [1mep:2/50, it:140/577, total_loss:6.842, iou_loss:2.846, l1_loss:0.000, conf_loss:3.230, cls_loss:0.766, lr:4.83e-05, ETA:3:50:29[0m
[32m2026-08-31 20:44:40[0m | [1mINFO    [0m | [36myolox.core.trainer[0m:[36m199[0m - [1mep:2/50, it:160/577, total_loss:7.853, iou_loss:3.059, l1_loss:0.000, conf_loss:3.918, cls_loss:0.875, lr:5.10e-05, ETA:3:49:02[0m
[32m2026-08-31 20:44:48[0m | [1mINFO    [0m | [36myolox.core.trainer[0m:[36m199[0m - [1mep:2/50, it:180/577, total_loss:8.327, iou_loss:3.258, l1_loss:0.000, conf_loss:4.139, cls_loss:0.931, lr:5.38e-05, ETA:3:47:29[0m
[32m2026-08-31 20:44:55[0m | [1mINFO    [0m | [36myolox.core.trainer[0m:[36m199[0m - [1mep:2/50, it:200/577, total_loss:7.679, iou_loss:2.914, l1_loss:0.000, conf_loss:3.713, cls_loss:1.051, lr:5.67e-05, ETA:3:45:41[0m
[32m2026-08-31 20:45:02[0m | [1mINFO    [0m | [36myolox.core.trainer[0m:[36m199[0m - [1mep:2/50, it:220/577, total_loss:8.696, iou_loss:3.452, l1_loss:0.000, conf_loss:4.302, cls_loss:0.942, lr:5.96e-05, ETA:3:44:26[0m
[32m2026-08-31 20:45:09[0m | [1mINFO    [0m | [36myolox.core.trainer[0m:[36m199[0m - [1mep:2/50, it:240/577, total_loss:7.281, iou_loss:3.103, l1_loss:0.000, conf_loss:3.091, cls_loss:1.087, lr:6.27e-05, ETA:3:42:46[0m
[32m2026-08-31 20:45:17[0m | [1mINFO    [0m | [36myolox.core.trainer[0m:[36m199[0m - [1mep:2/50, it:260/577, total_loss:6.920, iou_loss:2.936, l1_loss:0.000, conf_loss:3.159, cls_loss:0.824, lr:6.58e-05, ETA:3:41:45[0m
[32m2026-08-31 20:45:28[0m | [1mINFO    [0m | [36myolox.core.trainer[0m:[36m199[0m - [1mep:2/50, it:280/577, total_loss:7.654, iou_loss:3.023, l1_loss:0.000, conf_loss:3.814, cls_loss:0.817, lr:6.89e-05, ETA:3:42:14[0m
[32m2026-08-31 20:45:38[0m | [1mINFO    [0m | [36myolox.core.trainer[0m:[36m199[0m - [1mep:2/50, it:300/577, total_loss:7.031, iou_loss:3.116, l1_loss:0.000, conf_loss:3.038, cls_loss:0.877, lr:7.22e-05, ETA:3:42:04[0m
[32m2026-08-31 20:45:45[0m | [1mINFO    [0m | [36myolox.core.trainer[0m:[36m199[0m - [1mep:2/50, it:320/577, total_loss:6.492, iou_loss:2.895, l1_loss:0.000, conf_loss:2.682, cls_loss:0.915, lr:7.55e-05, ETA:3:40:48[0m
[32m2026-08-31 20:45:53[0m | [1mINFO    [0m | [36myolox.core.trainer[0m:[36m199[0m - [1mep:2/50, it:340/577, total_loss:8.289, iou_loss:3.462, l1_loss:0.000, conf_loss:4.069, cls_loss:0.758, lr:7.89e-05, ETA:3:39:57[0m
[32m2026-08-31 20:46:01[0m | [1mINFO    [0m | [36myolox.core.trainer[0m:[36m199[0m - [1mep:2/50, it:360/577, total_loss:8.598, iou_loss:3.175, l1_loss:0.000, conf_loss:4.392, cls_loss:1.032, lr:8.24e-05, ETA:3:38:48[0m
[32m2026-08-31 20:46:10[0m | [1mINFO    [0m | [36myolox.core.trainer[0m:[36m199[0m - [1mep:2/50, it:380/577, total_loss:7.487, iou_loss:3.072, l1_loss:0.000, conf_loss:3.454, cls_loss:0.960, lr:8.60e-05, ETA:3:38:48[0m
[32m2026-08-31 20:46:21[0m | [1mINFO    [0m | [36myolox.core.trainer[0m:[36m199[0m - [1mep:2/50, it:400/577, total_loss:8.160, iou_loss:3.323, l1_loss:0.000, conf_loss:4.002, cls_loss:0.835, lr:8.96e-05, ETA:3:39:12[0m
[32m2026-08-31 20:46:32[0m | [1mINFO    [0m | [36myolox.core.trainer[0m:[36m199[0m - [1mep:2/50, it:420/577, total_loss:8.784, iou_loss:3.371, l1_loss:0.000, conf_loss:4.477, cls_loss:0.936, lr:9.33e-05, ETA:3:39:41[0m
[32m2026-08-31 20:46:39[0m | [1mINFO    [0m | [36myolox.core.trainer[0m:[36m199[0m - [1mep:2/50, it:440/577, total_loss:6.420, iou_loss:2.953, l1_loss:0.000, conf_loss:2.749, cls_loss:0.718, lr:9.71e-05, ETA:3:38:45[0m
[32m2026-08-31 20:46:47[0m | [1mINFO    [0m | [36myolox.core.trainer[0m:[36m199[0m - [1mep:2/50, it:460/577, total_loss:7.000, iou_loss:3.009, l1_loss:0.000, conf_loss:2.739, cls_loss:1.251, lr:1.01e-04, ETA:3:37:58[0m
[32m2026-08-31 20:46:57[0m | [1mINFO    [0m | [36myolox.core.trainer[0m:[36m199[0m - [1mep:2/50, it:480/577, total_loss:9.641, iou_loss:3.124, l1_loss:0.000, conf_loss:5.588, cls_loss:0.929, lr:1.05e-04, ETA:3:37:52[0m
[32m2026-08-31 20:47:04[0m | [1mINFO    [0m | [36myolox.core.trainer[0m:[36m199[0m - [1mep:2/50, it:500/577, total_loss:7.382, iou_loss:2.758, l1_loss:0.000, conf_loss:3.357, cls_loss:1.267, lr:1.09e-04, ETA:3:36:40[0m
[32m2026-08-31 20:47:13[0m | [1mINFO    [0m | [36myolox.core.trainer[0m:[36m199[0m - [1mep:2/50, it:520/577, total_loss:6.300, iou_loss:3.109, l1_loss:0.000, conf_loss:2.489, cls_loss:0.702, lr:1.13e-04, ETA:3:36:27[0m
[32m2026-08-31 20:47:23[0m | [1mINFO    [0m | [36myolox.core.trainer[0m:[36m199[0m - [1mep:2/50, it:540/577, total_loss:6.963, iou_loss:2.927, l1_loss:0.000, conf_loss:3.046, cls_loss:0.990, lr:1.17e-04, ETA:3:36:19[0m
[32m2026-08-31 20:47:29[0m | [1mINFO    [0m | [36myolox.core.trainer[0m:[36m199[0m - [1mep:2/50, it:560/577, total_loss:6.422, iou_loss:2.935, l1_loss:0.000, conf_loss:2.688, cls_loss:0.799, lr:1.21e-04, ETA:3:34:56[0m
[32m2026-08-31 20:47:35[0m | [1mINFO    [0m | [36myolox.core.trainer[0m:[36m259[0m - [1mSave weights to D:\Codes\HDR\Sana\hdr4rtt_rod\cfg_hdr4rtt_rod_dedup[0m
[32m2026-08-31 20:47:35[0m | [1mINFO    [0m | [36myolox.core.trainer[0m:[36m152[0m - [1m---> start train epoch3[0m
[32m2026-08-31 20:47:44[0m | [1mINFO    [0m | [36myolox.core.trainer[0m:[36m199[0m - [1mep:3/50, it:20/577, total_loss:9.399, iou_loss:3.330, l1_loss:0.000, conf_loss:5.284, cls_loss:0.785, lr:1.25e-04, ETA:3:33:35[0m
[32m2026-08-31 20:47:52[0m | [1mINFO    [0m | [36myolox.core.trainer[0m:[36m199[0m - [1mep:3/50, it:40/577, total_loss:7.985, iou_loss:3.331, l1_loss:0.000, conf_loss:3.934, cls_loss:0.720, lr:1.25e-04, ETA:3:33:09[0m
[32m2026-08-31 20:48:00[0m | [1mINFO    [0m | [36myolox.core.trainer[0m:[36m199[0m - [1mep:3/50, it:60/577, total_loss:5.772, iou_loss:2.911, l1_loss:0.000, conf_loss:2.116, cls_loss:0.745, lr:1.25e-04, ETA:3:32:31[0m
[32m2026-08-31 20:48:07[0m | [1mINFO    [0m | [36myolox.core.trainer[0m:[36m199[0m - [1mep:3/50, it:80/577, total_loss:7.521, iou_loss:3.683, l1_loss:0.000, conf_loss:3.120, cls_loss:0.717, lr:1.25e-04, ETA:3:31:21[0m
[32m2026-08-31 20:48:16[0m | [1mINFO    [0m | [36myolox.core.trainer[0m:[36m199[0m - [1mep:3/50, it:100/577, total_loss:7.268, iou_loss:3.261, l1_loss:0.000, conf_loss:3.202, cls_loss:0.805, lr:1.25e-04, ETA:3:31:19[0m
[32m2026-08-31 20:48:26[0m | [1mINFO    [0m | [36myolox.core.trainer[0m:[36m199[0m - [1mep:3/50, it:120/577, total_loss:6.135, iou_loss:2.923, l1_loss:0.000, conf_loss:2.523, cls_loss:0.689, lr:1.25e-04, ETA:3:31:16[0m
[32m2026-08-31 20:48:34[0m | [1mINFO    [0m | [36myolox.core.trainer[0m:[36m199[0m - [1mep:3/50, it:140/577, total_loss:7.249, iou_loss:3.306, l1_loss:0.000, conf_loss:3.191, cls_loss:0.752, lr:1.25e-04, ETA:3:30:57[0m
[32m2026-08-31 20:48:45[0m | [1mINFO    [0m | [36myolox.core.trainer[0m:[36m199[0m - [1mep:3/50, it:160/577, total_loss:7.843, iou_loss:3.214, l1_loss:0.000, conf_loss:3.846, cls_loss:0.783, lr:1.25e-04, ETA:3:31:11[0m
[32m2026-08-31 20:48:54[0m | [1mINFO    [0m | [36myolox.core.trainer[0m:[36m199[0m - [1mep:3/50, it:180/577, total_loss:7.860, iou_loss:3.316, l1_loss:0.000, conf_loss:3.692, cls_loss:0.852, lr:1.25e-04, ETA:3:30:56[0m
[32m2026-08-31 20:49:03[0m | [1mINFO    [0m | [36myolox.core.trainer[0m:[36m199[0m - [1mep:3/50, it:200/577, total_loss:6.802, iou_loss:2.779, l1_loss:0.000, conf_loss:3.132, cls_loss:0.891, lr:1.25e-04, ETA:3:30:48[0m
[32m2026-08-31 20:49:12[0m | [1mINFO    [0m | [36myolox.core.trainer[0m:[36m199[0m - [1mep:3/50, it:220/577, total_loss:6.395, iou_loss:2.486, l1_loss:0.000, conf_loss:3.138, cls_loss:0.771, lr:1.25e-04, ETA:3:30:32[0m
[32m2026-08-31 20:49:20[0m | [1mINFO    [0m | [36myolox.core.trainer[0m:[36m199[0m - [1mep:3/50, it:240/577, total_loss:8.857, iou_loss:3.234, l1_loss:0.000, conf_loss:4.774, cls_loss:0.850, lr:1.25e-04, ETA:3:29:55[0m
[32m2026-08-31 20:49:27[0m | [1mINFO    [0m | [36myolox.core.trainer[0m:[36m199[0m - [1mep:3/50, it:260/577, total_loss:8.770, iou_loss:3.102, l1_loss:0.000, conf_loss:4.830, cls_loss:0.839, lr:1.25e-04, ETA:3:29:12[0m
[32m2026-08-31 20:49:35[0m | [1mINFO    [0m | [36myolox.core.trainer[0m:[36m199[0m - [1mep:3/50, it:280/577, total_loss:7.317, iou_loss:2.601, l1_loss:0.000, conf_loss:3.850, cls_loss:0.865, lr:1.25e-04, ETA:3:28:32[0m
[32m2026-08-31 20:49:42[0m | [1mINFO    [0m | [36myolox.core.trainer[0m:[36m199[0m - [1mep:3/50, it:300/577, total_loss:7.756, iou_loss:2.887, l1_loss:0.000, conf_loss:3.866, cls_loss:1.002, lr:1.25e-04, ETA:3:27:44[0m
[32m2026-08-31 20:49:50[0m | [1mINFO    [0m | [36myolox.core.trainer[0m:[36m199[0m - [1mep:3/50, it:320/577, total_loss:8.963, iou_loss:3.145, l1_loss:0.000, conf_loss:5.030, cls_loss:0.787, lr:1.25e-04, ETA:3:27:18[0m
[32m2026-08-31 20:49:58[0m | [1mINFO    [0m | [36myolox.core.trainer[0m:[36m199[0m - [1mep:3/50, it:340/577, total_loss:6.393, iou_loss:3.076, l1_loss:0.000, conf_loss:2.572, cls_loss:0.744, lr:1.25e-04, ETA:3:26:53[0m
[32m2026-08-31 20:50:06[0m | [1mINFO    [0m | [36myolox.core.trainer[0m:[36m199[0m - [1mep:3/50, it:360/577, total_loss:5.638, iou_loss:2.710, l1_loss:0.000, conf_loss:2.224, cls_loss:0.704, lr:1.25e-04, ETA:3:26:21[0m
[32m2026-08-31 20:50:16[0m | [1mINFO    [0m | [36myolox.core.trainer[0m:[36m199[0m - [1mep:3/50, it:380/577, total_loss:9.142, iou_loss:2.885, l1_loss:0.000, conf_loss:5.510, cls_loss:0.748, lr:1.25e-04, ETA:3:26:20[0m
[32m2026-08-31 20:50:24[0m | [1mINFO    [0m | [36myolox.core.trainer[0m:[36m199[0m - [1mep:3/50, it:400/577, total_loss:7.093, iou_loss:2.965, l1_loss:0.000, conf_loss:3.431, cls_loss:0.697, lr:1.25e-04, ETA:3:26:00[0m
[32m2026-08-31 20:50:32[0m | [1mINFO    [0m | [36myolox.core.trainer[0m:[36m199[0m - [1mep:3/50, it:420/577, total_loss:6.430, iou_loss:2.838, l1_loss:0.000, conf_loss:2.773, cls_loss:0.818, lr:1.25e-04, ETA:3:25:40[0m
[32m2026-08-31 20:50:40[0m | [1mINFO    [0m | [36myolox.core.trainer[0m:[36m199[0m - [1mep:3/50, it:440/577, total_loss:7.815, iou_loss:2.955, l1_loss:0.000, conf_loss:4.037, cls_loss:0.823, lr:1.25e-04, ETA:3:25:10[0m
[32m2026-08-31 20:50:47[0m | [1mINFO    [0m | [36myolox.core.trainer[0m:[36m199[0m - [1mep:3/50, it:460/577, total_loss:8.011, iou_loss:2.994, l1_loss:0.000, conf_loss:3.878, cls_loss:1.138, lr:1.25e-04, ETA:3:24:23[0m
[32m2026-08-31 20:50:55[0m | [1mINFO    [0m | [36myolox.core.trainer[0m:[36m199[0m - [1mep:3/50, it:480/577, total_loss:8.031, iou_loss:3.193, l1_loss:0.000, conf_loss:4.104, cls_loss:0.734, lr:1.25e-04, ETA:3:23:57[0m
[32m2026-08-31 20:51:05[0m | [1mINFO    [0m | [36myolox.core.trainer[0m:[36m199[0m - [1mep:3/50, it:500/577, total_loss:8.406, iou_loss:3.182, l1_loss:0.000, conf_loss:4.485, cls_loss:0.739, lr:1.25e-04, ETA:3:24:08[0m
[32m2026-08-31 20:51:14[0m | [1mINFO    [0m | [36myolox.core.trainer[0m:[36m199[0m - [1mep:3/50, it:520/577, total_loss:5.465, iou_loss:2.479, l1_loss:0.000, conf_loss:2.280, cls_loss:0.706, lr:1.25e-04, ETA:3:23:56[0m
[32m2026-08-31 20:51:24[0m | [1mINFO    [0m | [36myolox.core.trainer[0m:[36m199[0m - [1mep:3/50, it:540/577, total_loss:7.446, iou_loss:2.918, l1_loss:0.000, conf_loss:3.783, cls_loss:0.745, lr:1.25e-04, ETA:3:24:09[0m
[32m2026-08-31 20:51:33[0m | [1mINFO    [0m | [36myolox.core.trainer[0m:[36m199[0m - [1mep:3/50, it:560/577, total_loss:7.041, iou_loss:2.725, l1_loss:0.000, conf_loss:3.524, cls_loss:0.793, lr:1.25e-04, ETA:3:23:54[0m
[32m2026-08-31 20:51:40[0m | [1mINFO    [0m | [36myolox.core.trainer[0m:[36m259[0m - [1mSave weights to D:\Codes\HDR\Sana\hdr4rtt_rod\cfg_hdr4rtt_rod_dedup[0m
[32m2026-08-31 20:51:40[0m | [1mINFO    [0m | [36myolox.core.trainer[0m:[36m152[0m - [1m---> start train epoch4[0m
[32m2026-08-31 20:51:47[0m | [1mINFO    [0m | [36myolox.core.trainer[0m:[36m199[0m - [1mep:4/50, it:20/577, total_loss:8.488, iou_loss:3.251, l1_loss:0.000, conf_loss:4.093, cls_loss:1.144, lr:1.25e-04, ETA:3:22:58[0m
[32m2026-08-31 20:51:58[0m | [1mINFO    [0m | [36myolox.core.trainer[0m:[36m199[0m - [1mep:4/50, it:40/577, total_loss:7.827, iou_loss:3.000, l1_loss:0.000, conf_loss:3.979, cls_loss:0.848, lr:1.25e-04, ETA:3:23:12[0m
[32m2026-08-31 20:52:06[0m | [1mINFO    [0m | [36myolox.core.trainer[0m:[36m199[0m - [1mep:4/50, it:60/577, total_loss:7.185, iou_loss:3.230, l1_loss:0.000, conf_loss:3.210, cls_loss:0.745, lr:1.25e-04, ETA:3:22:57[0m
[32m2026-08-31 20:52:14[0m | [1mINFO    [0m | [36myolox.core.trainer[0m:[36m199[0m - [1mep:4/50, it:80/577, total_loss:7.498, iou_loss:3.225, l1_loss:0.000, conf_loss:3.582, cls_loss:0.690, lr:1.25e-04, ETA:3:22:20[0m
[32m2026-08-31 20:52:23[0m | [1mINFO    [0m | [36myolox.core.trainer[0m:[36m199[0m - [1mep:4/50, it:100/577, total_loss:6.571, iou_loss:2.820, l1_loss:0.000, conf_loss:2.795, cls_loss:0.956, lr:1.25e-04, ETA:3:22:14[0m
[32m2026-08-31 20:52:29[0m | [1mINFO    [0m | [36myolox.core.trainer[0m:[36m199[0m - [1mep:4/50, it:120/577, total_loss:6.462, iou_loss:2.883, l1_loss:0.000, conf_loss:2.887, cls_loss:0.691, lr:1.25e-04, ETA:3:21:32[0m
[32m2026-08-31 20:52:38[0m | [1mINFO    [0m | [36myolox.core.trainer[0m:[36m199[0m - [1mep:4/50, it:140/577, total_loss:7.270, iou_loss:2.827, l1_loss:0.000, conf_loss:3.550, cls_loss:0.893, lr:1.25e-04, ETA:3:21:24[0m
[32m2026-08-31 20:52:47[0m | [1mINFO    [0m | [36myolox.core.trainer[0m:[36m199[0m - [1mep:4/50, it:160/577, total_loss:9.363, iou_loss:3.328, l1_loss:0.000, conf_loss:5.208, cls_loss:0.826, lr:1.25e-04, ETA:3:21:04[0m
[32m2026-08-31 20:52:56[0m | [1mINFO    [0m | [36myolox.core.trainer[0m:[36m199[0m - [1mep:4/50, it:180/577, total_loss:5.721, iou_loss:2.471, l1_loss:0.000, conf_loss:2.624, cls_loss:0.625, lr:1.25e-04, ETA:3:20:55[0m
[32m2026-08-31 20:53:05[0m | [1mINFO    [0m | [36myolox.core.trainer[0m:[36m199[0m - [1mep:4/50, it:200/577, total_loss:7.812, iou_loss:3.223, l1_loss:0.000, conf_loss:3.611, cls_loss:0.979, lr:1.25e-04, ETA:3:20:56[0m
[32m2026-08-31 20:53:15[0m | [1mINFO    [0m | [36myolox.core.trainer[0m:[36m199[0m - [1mep:4/50, it:220/577, total_loss:7.205, iou_loss:2.933, l1_loss:0.000, conf_loss:3.223, cls_loss:1.049, lr:1.25e-04, ETA:3:20:51[0m
[32m2026-08-31 20:53:25[0m | [1mINFO    [0m | [36myolox.core.trainer[0m:[36m199[0m - [1mep:4/50, it:240/577, total_loss:6.651, iou_loss:2.842, l1_loss:0.000, conf_loss:3.149, cls_loss:0.660, lr:1.25e-04, ETA:3:21:04[0m
[32m2026-08-31 20:53:35[0m | [1mINFO    [0m | [36myolox.core.trainer[0m:[36m199[0m - [1mep:4/50, it:260/577, total_loss:6.147, iou_loss:2.888, l1_loss:0.000, conf_loss:2.574, cls_loss:0.686, lr:1.25e-04, ETA:3:21:03[0m
[32m2026-08-31 20:53:43[0m | [1mINFO    [0m | [36myolox.core.trainer[0m:[36m199[0m - [1mep:4/50, it:280/577, total_loss:7.553, iou_loss:3.030, l1_loss:0.000, conf_loss:3.793, cls_loss:0.730, lr:1.25e-04, ETA:3:20:50[0m
[32m2026-08-31 20:53:53[0m | [1mINFO    [0m | [36myolox.core.trainer[0m:[36m199[0m - [1mep:4/50, it:300/577, total_loss:5.843, iou_loss:2.318, l1_loss:0.000, conf_loss:2.886, cls_loss:0.639, lr:1.25e-04, ETA:3:20:49[0m
[32m2026-08-31 20:54:00[0m | [1mINFO    [0m | [36myolox.core.trainer[0m:[36m199[0m - [1mep:4/50, it:320/577, total_loss:7.496, iou_loss:2.923, l1_loss:0.000, conf_loss:3.866, cls_loss:0.708, lr:1.25e-04, ETA:3:20:16[0m
[32m2026-08-31 20:54:11[0m | [1mINFO    [0m | [36myolox.core.trainer[0m:[36m199[0m - [1mep:4/50, it:340/577, total_loss:4.550, iou_loss:2.185, l1_loss:0.000, conf_loss:1.759, cls_loss:0.606, lr:1.24e-04, ETA:3:20:27[0m
[32m2026-08-31 20:54:20[0m | [1mINFO    [0m | [36myolox.core.trainer[0m:[36m199[0m - [1mep:4/50, it:360/577, total_loss:9.777, iou_loss:3.793, l1_loss:0.000, conf_loss:5.105, cls_loss:0.878, lr:1.24e-04, ETA:3:20:17[0m
[32m2026-08-31 20:54:26[0m | [1mINFO    [0m | [36myolox.core.trainer[0m:[36m199[0m - [1mep:4/50, it:380/577, total_loss:6.652, iou_loss:2.890, l1_loss:0.000, conf_loss:3.067, cls_loss:0.696, lr:1.24e-04, ETA:3:19:35[0m
[32m2026-08-31 20:54:35[0m | [1mINFO    [0m | [36myolox.core.trainer[0m:[36m199[0m - [1mep:4/50, it:400/577, total_loss:5.526, iou_loss:2.927, l1_loss:0.000, conf_loss:1.918, cls_loss:0.681, lr:1.24e-04, ETA:3:19:30[0m
[32m2026-08-31 20:54:44[0m | [1mINFO    [0m | [36myolox.core.trainer[0m:[36m199[0m - [1mep:4/50, it:420/577, total_loss:6.935, iou_loss:2.935, l1_loss:0.000, conf_loss:3.282, cls_loss:0.718, lr:1.24e-04, ETA:3:19:13[0m
[32m2026-08-31 20:54:52[0m | [1mINFO    [0m | [36myolox.core.trainer[0m:[36m199[0m - [1mep:4/50, it:440/577, total_loss:6.890, iou_loss:2.730, l1_loss:0.000, conf_loss:3.303, cls_loss:0.858, lr:1.24e-04, ETA:3:18:56[0m
[32m2026-08-31 20:55:01[0m | [1mINFO    [0m | [36myolox.core.trainer[0m:[36m199[0m - [1mep:4/50, it:460/577, total_loss:5.837, iou_loss:2.543, l1_loss:0.000, conf_loss:2.649, cls_loss:0.645, lr:1.24e-04, ETA:3:18:54[0m
[32m2026-08-31 20:55:10[0m | [1mINFO    [0m | [36myolox.core.trainer[0m:[36m199[0m - [1mep:4/50, it:480/577, total_loss:6.766, iou_loss:2.812, l1_loss:0.000, conf_loss:3.261, cls_loss:0.693, lr:1.24e-04, ETA:3:18:42[0m
[32m2026-08-31 20:55:18[0m | [1mINFO    [0m | [36myolox.core.trainer[0m:[36m199[0m - [1mep:4/50, it:500/577, total_loss:5.152, iou_loss:2.506, l1_loss:0.000, conf_loss:2.011, cls_loss:0.634, lr:1.24e-04, ETA:3:18:18[0m
[32m2026-08-31 20:55:25[0m | [1mINFO    [0m | [36myolox.core.trainer[0m:[36m199[0m - [1mep:4/50, it:520/577, total_loss:7.353, iou_loss:2.933, l1_loss:0.000, conf_loss:3.717, cls_loss:0.703, lr:1.24e-04, ETA:3:17:51[0m
[32m2026-08-31 20:55:33[0m | [1mINFO    [0m | [36myolox.core.trainer[0m:[36m199[0m - [1mep:4/50, it:540/577, total_loss:6.623, iou_loss:2.806, l1_loss:0.000, conf_loss:3.085, cls_loss:0.732, lr:1.24e-04, ETA:3:17:30[0m
[32m2026-08-31 20:55:43[0m | [1mINFO    [0m | [36myolox.core.trainer[0m:[36m199[0m - [1mep:4/50, it:560/577, total_loss:4.625, iou_loss:2.004, l1_loss:0.000, conf_loss:2.034, cls_loss:0.587, lr:1.24e-04, ETA:3:17:35[0m
[32m2026-08-31 20:55:51[0m | [1mINFO    [0m | [36myolox.core.trainer[0m:[36m259[0m - [1mSave weights to D:\Codes\HDR\Sana\hdr4rtt_rod\cfg_hdr4rtt_rod_dedup[0m
[32m2026-08-31 20:55:51[0m | [1mINFO    [0m | [36myolox.core.trainer[0m:[36m152[0m - [1m---> start train epoch5[0m
[32m2026-08-31 20:55:59[0m | [1mINFO    [0m | [36myolox.core.trainer[0m:[36m199[0m - [1mep:5/50, it:20/577, total_loss:7.927, iou_loss:3.043, l1_loss:0.000, conf_loss:4.181, cls_loss:0.703, lr:1.24e-04, ETA:3:17:09[0m
[32m2026-08-31 20:56:08[0m | [1mINFO    [0m | [36myolox.core.trainer[0m:[36m199[0m - [1mep:5/50, it:40/577, total_loss:4.405, iou_loss:2.217, l1_loss:0.000, conf_loss:1.600, cls_loss:0.588, lr:1.24e-04, ETA:3:17:03[0m
[32m2026-08-31 20:56:17[0m | [1mINFO    [0m | [36myolox.core.trainer[0m:[36m199[0m - [1mep:5/50, it:60/577, total_loss:8.096, iou_loss:2.824, l1_loss:0.000, conf_loss:3.897, cls_loss:1.375, lr:1.24e-04, ETA:3:16:56[0m
[32m2026-08-31 20:56:25[0m | [1mINFO    [0m | [36myolox.core.trainer[0m:[36m199[0m - [1mep:5/50, it:80/577, total_loss:4.458, iou_loss:2.149, l1_loss:0.000, conf_loss:1.670, cls_loss:0.640, lr:1.24e-04, ETA:3:16:38[0m
[32m2026-08-31 20:56:33[0m | [1mINFO    [0m | [36myolox.core.trainer[0m:[36m199[0m - [1mep:5/50, it:100/577, total_loss:6.268, iou_loss:2.268, l1_loss:0.000, conf_loss:3.382, cls_loss:0.618, lr:1.24e-04, ETA:3:16:13[0m
[32m2026-08-31 20:56:41[0m | [1mINFO    [0m | [36myolox.core.trainer[0m:[36m199[0m - [1mep:5/50, it:120/577, total_loss:6.623, iou_loss:3.080, l1_loss:0.000, conf_loss:2.830, cls_loss:0.713, lr:1.24e-04, ETA:3:15:52[0m
[32m2026-08-31 20:56:51[0m | [1mINFO    [0m | [36myolox.core.trainer[0m:[36m199[0m - [1mep:5/50, it:140/577, total_loss:8.216, iou_loss:3.144, l1_loss:0.000, conf_loss:4.321, cls_loss:0.751, lr:1.24e-04, ETA:3:15:55[0m
[32m2026-08-31 20:57:00[0m | [1mINFO    [0m | [36myolox.core.trainer[0m:[36m199[0m - [1mep:5/50, it:160/577, total_loss:6.857, iou_loss:3.139, l1_loss:0.000, conf_loss:3.019, cls_loss:0.699, lr:1.24e-04, ETA:3:15:51[0m
[32m2026-08-31 20:57:08[0m | [1mINFO    [0m | [36myolox.core.trainer[0m:[36m199[0m - [1mep:5/50, it:180/577, total_loss:5.836, iou_loss:2.949, l1_loss:0.000, conf_loss:2.229, cls_loss:0.658, lr:1.24e-04, ETA:3:15:33[0m
[32m2026-08-31 20:57:38[0m | [1mINFO    [0m | [36myolox.core.trainer[0m:[36m199[0m - [1mep:5/50, it:200/577, total_loss:5.930, iou_loss:2.706, l1_loss:0.000, conf_loss:2.558, cls_loss:0.667, lr:1.24e-04, ETA:3:19:00[0m
[32m2026-08-31 20:57:51[0m | [1mINFO    [0m | [36myolox.core.trainer[0m:[36m199[0m - [1mep:5/50, it:220/577, total_loss:8.513, iou_loss:3.485, l1_loss:0.000, conf_loss:4.063, cls_loss:0.965, lr:1.24e-04, ETA:3:19:41[0m
[32m2026-08-31 20:58:01[0m | [1mINFO    [0m | [36myolox.core.trainer[0m:[36m199[0m - [1mep:5/50, it:240/577, total_loss:6.718, iou_loss:2.863, l1_loss:0.000, conf_loss:3.122, cls_loss:0.733, lr:1.24e-04, ETA:3:19:39[0m
[32m2026-08-31 20:58:10[0m | [1mINFO    [0m | [36myolox.core.trainer[0m:[36m199[0m - [1mep:5/50, it:260/577, total_loss:7.466, iou_loss:3.097, l1_loss:0.000, conf_loss:3.640, cls_loss:0.729, lr:1.24e-04, ETA:3:19:22[0m
[32m2026-08-31 20:58:17[0m | [1mINFO    [0m | [36myolox.core.trainer[0m:[36m199[0m - [1mep:5/50, it:280/577, total_loss:5.777, iou_loss:2.612, l1_loss:0.000, conf_loss:2.514, cls_loss:0.651, lr:1.24e-04, ETA:3:19:00[0m
[32m2026-08-31 20:58:25[0m | [1mINFO    [0m | [36myolox.core.trainer[0m:[36m199[0m - [1mep:5/50, it:300/577, total_loss:4.799, iou_loss:2.278, l1_loss:0.000, conf_loss:1.911, cls_loss:0.610, lr:1.24e-04, ETA:3:18:36[0m
[32m2026-08-31 20:58:34[0m | [1mINFO    [0m | [36myolox.core.trainer[0m:[36m199[0m - [1mep:5/50, it:320/577, total_loss:4.275, iou_loss:2.109, l1_loss:0.000, conf_loss:1.589, cls_loss:0.577, lr:1.24e-04, ETA:3:18:26[0m
[32m2026-08-31 20:58:42[0m | [1mINFO    [0m | [36myolox.core.trainer[0m:[36m199[0m - [1mep:5/50, it:340/577, total_loss:6.814, iou_loss:2.914, l1_loss:0.000, conf_loss:2.989, cls_loss:0.911, lr:1.24e-04, ETA:3:18:01[0m
[32m2026-08-31 20:58:52[0m | [1mINFO    [0m | [36myolox.core.trainer[0m:[36m199[0m - [1mep:5/50, it:360/577, total_loss:7.728, iou_loss:3.066, l1_loss:0.000, conf_loss:3.863, cls_loss:0.799, lr:1.24e-04, ETA:3:18:05[0m
[32m2026-08-31 20:58:59[0m | [1mINFO    [0m | [36myolox.core.trainer[0m:[36m199[0m - [1mep:5/50, it:380/577, total_loss:6.560, iou_loss:3.173, l1_loss:0.000, conf_loss:2.686, cls_loss:0.700, lr:1.24e-04, ETA:3:17:40[0m
[32m2026-08-31 20:59:09[0m | [1mINFO    [0m | [36myolox.core.trainer[0m:[36m199[0m - [1mep:5/50, it:400/577, total_loss:5.809, iou_loss:2.613, l1_loss:0.000, conf_loss:2.464, cls_loss:0.731, lr:1.24e-04, ETA:3:17:35[0m
[32m2026-08-31 20:59:19[0m | [1mINFO    [0m | [36myolox.core.trainer[0m:[36m199[0m - [1mep:5/50, it:420/577, total_loss:7.387, iou_loss:3.134, l1_loss:0.000, conf_loss:3.454, cls_loss:0.799, lr:1.23e-04, ETA:3:17:34[0m
[32m2026-08-31 20:59:27[0m | [1mINFO    [0m | [36myolox.core.trainer[0m:[36m199[0m - [1mep:5/50, it:440/577, total_loss:4.609, iou_loss:2.316, l1_loss:0.000, conf_loss:1.687, cls_loss:0.606, lr:1.23e-04, ETA:3:17:13[0m
[32m2026-08-31 20:59:35[0m | [1mINFO    [0m | [36myolox.core.trainer[0m:[36m199[0m - [1mep:5/50, it:460/577, total_loss:7.868, iou_loss:2.874, l1_loss:0.000, conf_loss:4.301, cls_loss:0.694, lr:1.23e-04, ETA:3:16:54[0m
[32m2026-08-31 20:59:43[0m | [1mINFO    [0m | [36myolox.core.trainer[0m:[36m199[0m - [1mep:5/50, it:480/577, total_loss:5.802, iou_loss:2.384, l1_loss:0.000, conf_loss:2.677, cls_loss:0.741, lr:1.23e-04, ETA:3:16:38[0m
[32m2026-08-31 20:59:54[0m | [1mINFO    [0m | [36myolox.core.trainer[0m:[36m199[0m - [1mep:5/50, it:500/577, total_loss:4.658, iou_loss:2.306, l1_loss:0.000, conf_loss:1.744, cls_loss:0.608, lr:1.23e-04, ETA:3:16:48[0m
[32m2026-08-31 21:00:02[0m | [1mINFO    [0m | [36myolox.core.trainer[0m:[36m199[0m - [1mep:5/50, it:520/577, total_loss:5.728, iou_loss:2.947, l1_loss:0.000, conf_loss:2.117, cls_loss:0.664, lr:1.23e-04, ETA:3:16:31[0m
[32m2026-08-31 21:00:09[0m | [1mINFO    [0m | [36myolox.core.trainer[0m:[36m199[0m - [1mep:5/50, it:540/577, total_loss:5.485, iou_loss:3.066, l1_loss:0.000, conf_loss:1.748, cls_loss:0.671, lr:1.23e-04, ETA:3:16:03[0m
[32m2026-08-31 21:00:18[0m | [1mINFO    [0m | [36myolox.core.trainer[0m:[36m199[0m - [1mep:5/50, it:560/577, total_loss:5.275, iou_loss:2.824, l1_loss:0.000, conf_loss:1.791, cls_loss:0.660, lr:1.23e-04, ETA:3:15:50[0m
[32m2026-08-31 21:00:25[0m | [1mINFO    [0m | [36myolox.core.trainer[0m:[36m259[0m - [1mSave weights to D:\Codes\HDR\Sana\hdr4rtt_rod\cfg_hdr4rtt_rod_dedup[0m
[32m2026-08-31 21:00:25[0m | [1mINFO    [0m | [36myolox.core.trainer[0m:[36m259[0m - [1mSave weights to D:\Codes\HDR\Sana\hdr4rtt_rod\cfg_hdr4rtt_rod_dedup[0m
[32m2026-08-31 21:00:52[0m | [1mINFO    [0m | [36myolox.evaluators.coco_evaluator[0m:[36m142[0m - [1mEvaluate in main process...[0m
[32m2026-08-31 21:00:53[0m | [1mINFO    [0m | [36myolox.evaluators.coco_evaluator[0m:[36m176[0m - [1mLoading and preparing results...[0m
[32m2026-08-31 21:00:54[0m | [1mINFO    [0m | [36myolox.evaluators.coco_evaluator[0m:[36m176[0m - [1mDONE (t=0.55s)[0m
[32m2026-08-31 21:00:54[0m | [1mINFO    [0m | [36mpycocotools.coco[0m:[36m367[0m - [1mcreating index...[0m
[32m2026-08-31 21:00:54[0m | [1mINFO    [0m | [36mpycocotools.coco[0m:[36m367[0m - [1mindex created![0m
[32m2026-08-31 21:00:54[0m | [33m[1mWARNING [0m | [36myolox.evaluators.coco_evaluator[0m:[36m182[0m - [33m[1mUse standard COCOeval.[0m
[32m2026-08-31 21:00:54[0m | [1mINFO    [0m | [36myolox.evaluators.coco_evaluator[0m:[36m185[0m - [1mRunning per image evaluation...[0m
[32m2026-08-31 21:00:54[0m | [1mINFO    [0m | [36myolox.evaluators.coco_evaluator[0m:[36m185[0m - [1mEvaluate annotation type *bbox*[0m
[32m2026-08-31 21:00:56[0m | [1mINFO    [0m | [36myolox.evaluators.coco_evaluator[0m:[36m185[0m - [1mDONE (t=2.33s).[0m
[32m2026-08-31 21:00:56[0m | [1mINFO    [0m | [36myolox.evaluators.coco_evaluator[0m:[36m186[0m - [1mAccumulating evaluation results...[0m
[32m2026-08-31 21:00:57[0m | [1mINFO    [0m | [36myolox.evaluators.coco_evaluator[0m:[36m186[0m - [1mDONE (t=0.20s).[0m
[32m2026-08-31 21:00:57[0m | [1mINFO    [0m | [36myolox.core.trainer[0m:[36m250[0m - [1m
Average forward time: 15.16 ms, Average NMS time: 0.95 ms, Average inference time: 16.11 ms
 Average Precision  (AP) @[ IoU=0.50:0.95 | area=   all | maxDets=100 ] = 0.177
 Average Precision  (AP) @[ IoU=0.50      | area=   all | maxDets=100 ] = 0.410
 Average Precision  (AP) @[ IoU=0.75      | area=   all | maxDets=100 ] = 0.131
 Average Precision  (AP) @[ IoU=0.50:0.95 | area= small | maxDets=100 ] = 0.015
 Average Precision  (AP) @[ IoU=0.50:0.95 | area=medium | maxDets=100 ] = 0.073
 Average Precision  (AP) @[ IoU=0.50:0.95 | area= large | maxDets=100 ] = 0.290
 Average Recall     (AR) @[ IoU=0.50:0.95 | area=   all | maxDets=  1 ] = 0.081
 Average Recall     (AR) @[ IoU=0.50:0.95 | area=   all | maxDets= 10 ] = 0.219
 Average Recall     (AR) @[ IoU=0.50:0.95 | area=   all | maxDets=100 ] = 0.296
 Average Recall     (AR) @[ IoU=0.50:0.95 | area= small | maxDets=100 ] = 0.044
 Average Recall     (AR) @[ IoU=0.50:0.95 | area=medium | maxDets=100 ] = 0.218
 Average Recall     (AR) @[ IoU=0.50:0.95 | area= large | maxDets=100 ] = 0.409
[0m
[32m2026-08-31 21:00:57[0m | [1mINFO    [0m | [36myolox.core.trainer[0m:[36m259[0m - [1mSave weights to D:\Codes\HDR\Sana\hdr4rtt_rod\cfg_hdr4rtt_rod_dedup[0m
[32m2026-08-31 21:00:57[0m | [1mINFO    [0m | [36myolox.core.trainer[0m:[36m152[0m - [1m---> start train epoch6[0m
[32m2026-08-31 21:01:05[0m | [1mINFO    [0m | [36myolox.core.trainer[0m:[36m199[0m - [1mep:6/50, it:20/577, total_loss:6.279, iou_loss:2.932, l1_loss:0.000, conf_loss:2.614, cls_loss:0.733, lr:1.23e-04, ETA:3:15:16[0m
[32m2026-08-31 21:01:14[0m | [1mINFO    [0m | [36myolox.core.trainer[0m:[36m199[0m - [1mep:6/50, it:40/577, total_loss:8.272, iou_loss:3.065, l1_loss:0.000, conf_loss:4.517, cls_loss:0.690, lr:1.23e-04, ETA:3:15:11[0m
[32m2026-08-31 21:01:25[0m | [1mINFO    [0m | [36myolox.core.trainer[0m:[36m199[0m - [1mep:6/50, it:60/577, total_loss:7.148, iou_loss:3.252, l1_loss:0.000, conf_loss:3.008, cls_loss:0.888, lr:1.23e-04, ETA:3:15:14[0m
[32m2026-08-31 21:01:34[0m | [1mINFO    [0m | [36myolox.core.trainer[0m:[36m199[0m - [1mep:6/50, it:80/577, total_loss:8.267, iou_loss:3.141, l1_loss:0.000, conf_loss:4.371, cls_loss:0.755, lr:1.23e-04, ETA:3:15:04[0m
[32m2026-08-31 21:01:42[0m | [1mINFO    [0m | [36myolox.core.trainer[0m:[36m199[0m - [1mep:6/50, it:100/577, total_loss:6.161, iou_loss:3.170, l1_loss:0.000, conf_loss:2.285, cls_loss:0.706, lr:1.23e-04, ETA:3:14:48[0m
[32m2026-08-31 21:01:52[0m | [1mINFO    [0m | [36myolox.core.trainer[0m:[36m199[0m - [1mep:6/50, it:120/577, total_loss:7.753, iou_loss:3.288, l1_loss:0.000, conf_loss:3.751, cls_loss:0.714, lr:1.23e-04, ETA:3:14:44[0m
[32m2026-08-31 21:01:59[0m | [1mINFO    [0m | [36myolox.core.trainer[0m:[36m199[0m - [1mep:6/50, it:140/577, total_loss:7.011, iou_loss:3.015, l1_loss:0.000, conf_loss:3.316, cls_loss:0.679, lr:1.23e-04, ETA:3:14:23[0m
[32m2026-08-31 21:02:09[0m | [1mINFO    [0m | [36myolox.core.trainer[0m:[36m199[0m - [1mep:6/50, it:160/577, total_loss:5.598, iou_loss:2.558, l1_loss:0.000, conf_loss:2.417, cls_loss:0.623, lr:1.23e-04, ETA:3:14:24[0m
[32m2026-08-31 21:02:20[0m | [1mINFO    [0m | [36myolox.core.trainer[0m:[36m199[0m - [1mep:6/50, it:180/577, total_loss:7.574, iou_loss:3.097, l1_loss:0.000, conf_loss:3.788, cls_loss:0.689, lr:1.23e-04, ETA:3:14:24[0m
[32m2026-08-31 21:02:27[0m | [1mINFO    [0m | [36myolox.core.trainer[0m:[36m199[0m - [1mep:6/50, it:200/577, total_loss:5.787, iou_loss:2.749, l1_loss:0.000, conf_loss:2.351, cls_loss:0.688, lr:1.23e-04, ETA:3:14:00[0m
[32m2026-08-31 21:02:36[0m | [1mINFO    [0m | [36myolox.core.trainer[0m:[36m199[0m - [1mep:6/50, it:220/577, total_loss:5.885, iou_loss:2.526, l1_loss:0.000, conf_loss:2.650, cls_loss:0.709, lr:1.23e-04, ETA:3:13:50[0m
[32m2026-08-31 21:02:44[0m | [1mINFO    [0m | [36myolox.core.trainer[0m:[36m199[0m - [1mep:6/50, it:240/577, total_loss:6.077, iou_loss:2.714, l1_loss:0.000, conf_loss:2.725, cls_loss:0.638, lr:1.23e-04, ETA:3:13:37[0m
[32m2026-08-31 21:02:52[0m | [1mINFO    [0m | [36myolox.core.trainer[0m:[36m199[0m - [1mep:6/50, it:260/577, total_loss:8.080, iou_loss:3.116, l1_loss:0.000, conf_loss:4.165, cls_loss:0.800, lr:1.23e-04, ETA:3:13:18[0m
[32m2026-08-31 21:03:00[0m | [1mINFO    [0m | [36myolox.core.trainer[0m:[36m199[0m - [1mep:6/50, it:280/577, total_loss:6.433, iou_loss:2.761, l1_loss:0.000, conf_loss:2.955, cls_loss:0.716, lr:1.23e-04, ETA:3:13:03[0m
[32m2026-08-31 21:03:11[0m | [1mINFO    [0m | [36myolox.core.trainer[0m:[36m199[0m - [1mep:6/50, it:300/577, total_loss:6.123, iou_loss:3.035, l1_loss:0.000, conf_loss:2.369, cls_loss:0.719, lr:1.23e-04, ETA:3:13:08[0m
[32m2026-08-31 21:03:20[0m | [1mINFO    [0m | [36myolox.core.trainer[0m:[36m199[0m - [1mep:6/50, it:320/577, total_loss:5.918, iou_loss:2.582, l1_loss:0.000, conf_loss:2.628, cls_loss:0.708, lr:1.22e-04, ETA:3:12:53[0m
[32m2026-08-31 21:03:27[0m | [1mINFO    [0m | [36myolox.core.trainer[0m:[36m199[0m - [1mep:6/50, it:340/577, total_loss:6.234, iou_loss:2.938, l1_loss:0.000, conf_loss:2.515, cls_loss:0.781, lr:1.22e-04, ETA:3:12:35[0m
[32m2026-08-31 21:03:35[0m | [1mINFO    [0m | [36myolox.core.trainer[0m:[36m199[0m - [1mep:6/50, it:360/577, total_loss:3.736, iou_loss:2.066, l1_loss:0.000, conf_loss:1.098, cls_loss:0.572, lr:1.22e-04, ETA:3:12:15[0m
[32m2026-08-31 21:03:43[0m | [1mINFO    [0m | [36myolox.core.trainer[0m:[36m199[0m - [1mep:6/50, it:380/577, total_loss:7.133, iou_loss:3.228, l1_loss:0.000, conf_loss:3.008, cls_loss:0.897, lr:1.22e-04, ETA:3:11:58[0m
[32m2026-08-31 21:03:50[0m | [1mINFO    [0m | [36myolox.core.trainer[0m:[36m199[0m - [1mep:6/50, it:400/577, total_loss:5.444, iou_loss:2.905, l1_loss:0.000, conf_loss:1.894, cls_loss:0.644, lr:1.22e-04, ETA:3:11:32[0m
[32m2026-08-31 21:03:59[0m | [1mINFO    [0m | [36myolox.core.trainer[0m:[36m199[0m - [1mep:6/50, it:420/577, total_loss:5.626, iou_loss:2.537, l1_loss:0.000, conf_loss:2.458, cls_loss:0.631, lr:1.22e-04, ETA:3:11:27[0m
[32m2026-08-31 21:04:09[0m | [1mINFO    [0m | [36myolox.core.trainer[0m:[36m199[0m - [1mep:6/50, it:440/577, total_loss:8.549, iou_loss:3.171, l1_loss:0.000, conf_loss:4.565, cls_loss:0.813, lr:1.22e-04, ETA:3:11:19[0m
[32m2026-08-31 21:04:17[0m | [1mINFO    [0m | [36myolox.core.trainer[0m:[36m199[0m - [1mep:6/50, it:460/577, total_loss:4.852, iou_loss:2.445, l1_loss:0.000, conf_loss:1.798, cls_loss:0.610, lr:1.22e-04, ETA:3:11:03[0m
[32m2026-08-31 21:04:24[0m | [1mINFO    [0m | [36myolox.core.trainer[0m:[36m199[0m - [1mep:6/50, it:480/577, total_loss:5.796, iou_loss:2.644, l1_loss:0.000, conf_loss:2.431, cls_loss:0.721, lr:1.22e-04, ETA:3:10:43[0m
[32m2026-08-31 21:04:31[0m | [1mINFO    [0m | [36myolox.core.trainer[0m:[36m199[0m - [1mep:6/50, it:500/577, total_loss:5.198, iou_loss:2.289, l1_loss:0.000, conf_loss:2.297, cls_loss:0.612, lr:1.22e-04, ETA:3:10:19[0m
[32m2026-08-31 21:04:39[0m | [1mINFO    [0m | [36myolox.core.trainer[0m:[36m199[0m - [1mep:6/50, it:520/577, total_loss:7.119, iou_loss:2.668, l1_loss:0.000, conf_loss:3.338, cls_loss:1.114, lr:1.22e-04, ETA:3:10:00[0m
[32m2026-08-31 21:04:47[0m | [1mINFO    [0m | [36myolox.core.trainer[0m:[36m199[0m - [1mep:6/50, it:540/577, total_loss:6.671, iou_loss:2.834, l1_loss:0.000, conf_loss:3.144, cls_loss:0.693, lr:1.22e-04, ETA:3:09:48[0m
[32m2026-08-31 21:04:56[0m | [1mINFO    [0m | [36myolox.core.trainer[0m:[36m199[0m - [1mep:6/50, it:560/577, total_loss:5.665, iou_loss:2.582, l1_loss:0.000, conf_loss:2.438, cls_loss:0.645, lr:1.22e-04, ETA:3:09:37[0m
[32m2026-08-31 21:05:03[0m | [1mINFO    [0m | [36myolox.core.trainer[0m:[36m259[0m - [1mSave weights to D:\Codes\HDR\Sana\hdr4rtt_rod\cfg_hdr4rtt_rod_dedup[0m
[32m2026-08-31 21:05:03[0m | [1mINFO    [0m | [36myolox.core.trainer[0m:[36m152[0m - [1m---> start train epoch7[0m
[32m2026-08-31 21:05:11[0m | [1mINFO    [0m | [36myolox.core.trainer[0m:[36m199[0m - [1mep:7/50, it:20/577, total_loss:5.184, iou_loss:2.734, l1_loss:0.000, conf_loss:1.828, cls_loss:0.622, lr:1.22e-04, ETA:3:09:10[0m
[32m2026-08-31 21:05:18[0m | [1mINFO    [0m | [36myolox.core.trainer[0m:[36m199[0m - [1mep:7/50, it:40/577, total_loss:5.112, iou_loss:2.350, l1_loss:0.000, conf_loss:2.138, cls_loss:0.624, lr:1.22e-04, ETA:3:08:47[0m
[32m2026-08-31 21:05:25[0m | [1mINFO    [0m | [36myolox.core.trainer[0m:[36m199[0m - [1mep:7/50, it:60/577, total_loss:5.443, iou_loss:2.574, l1_loss:0.000, conf_loss:2.206, cls_loss:0.664, lr:1.22e-04, ETA:3:08:24[0m
[32m2026-08-31 21:05:34[0m | [1mINFO    [0m | [36myolox.core.trainer[0m:[36m199[0m - [1mep:7/50, it:80/577, total_loss:7.063, iou_loss:3.390, l1_loss:0.000, conf_loss:2.977, cls_loss:0.696, lr:1.22e-04, ETA:3:08:10[0m
[32m2026-08-31 21:05:43[0m | [1mINFO    [0m | [36myolox.core.trainer[0m:[36m199[0m - [1mep:7/50, it:100/577, total_loss:6.500, iou_loss:2.673, l1_loss:0.000, conf_loss:3.147, cls_loss:0.681, lr:1.22e-04, ETA:3:08:03[0m
[32m2026-08-31 21:05:52[0m | [1mINFO    [0m | [36myolox.core.trainer[0m:[36m199[0m - [1mep:7/50, it:120/577, total_loss:5.558, iou_loss:2.331, l1_loss:0.000, conf_loss:2.579, cls_loss:0.647, lr:1.21e-04, ETA:3:07:55[0m
[32m2026-08-31 21:06:03[0m | [1mINFO    [0m | [36myolox.core.trainer[0m:[36m199[0m - [1mep:7/50, it:140/577, total_loss:5.938, iou_loss:2.658, l1_loss:0.000, conf_loss:2.463, cls_loss:0.817, lr:1.21e-04, ETA:3:08:01[0m
[32m2026-08-31 21:06:12[0m | [1mINFO    [0m | [36myolox.core.trainer[0m:[36m199[0m - [1mep:7/50, it:160/577, total_loss:6.743, iou_loss:2.984, l1_loss:0.000, conf_loss:3.064, cls_loss:0.696, lr:1.21e-04, ETA:3:07:54[0m
[32m2026-08-31 21:06:24[0m | [1mINFO    [0m | [36myolox.core.trainer[0m:[36m199[0m - [1mep:7/50, it:180/577, total_loss:6.205, iou_loss:2.800, l1_loss:0.000, conf_loss:2.689, cls_loss:0.715, lr:1.21e-04, ETA:3:08:08[0m
[32m2026-08-31 21:06:32[0m | [1mINFO    [0m | [36myolox.core.trainer[0m:[36m199[0m - [1mep:7/50, it:200/577, total_loss:8.467, iou_loss:3.071, l1_loss:0.000, conf_loss:4.588, cls_loss:0.808, lr:1.21e-04, ETA:3:07:48[0m
[32m2026-08-31 21:06:41[0m | [1mINFO    [0m | [36myolox.core.trainer[0m:[36m199[0m - [1mep:7/50, it:220/577, total_loss:6.186, iou_loss:2.700, l1_loss:0.000, conf_loss:2.815, cls_loss:0.671, lr:1.21e-04, ETA:3:07:41[0m
[32m2026-08-31 21:06:51[0m | [1mINFO    [0m | [36myolox.core.trainer[0m:[36m199[0m - [1mep:7/50, it:240/577, total_loss:5.847, iou_loss:2.746, l1_loss:0.000, conf_loss:2.442, cls_loss:0.659, lr:1.21e-04, ETA:3:07:40[0m
[32m2026-08-31 21:06:57[0m | [1mINFO    [0m | [36myolox.core.trainer[0m:[36m199[0m - [1mep:7/50, it:260/577, total_loss:5.642, iou_loss:2.650, l1_loss:0.000, conf_loss:2.352, cls_loss:0.641, lr:1.21e-04, ETA:3:07:14[0m
[32m2026-08-31 21:07:07[0m | [1mINFO    [0m | [36myolox.core.trainer[0m:[36m199[0m - [1mep:7/50, it:280/577, total_loss:5.640, iou_loss:2.315, l1_loss:0.000, conf_loss:2.694, cls_loss:0.632, lr:1.21e-04, ETA:3:07:07[0m
[32m2026-08-31 21:07:17[0m | [1mINFO    [0m | [36myolox.core.trainer[0m:[36m199[0m - [1mep:7/50, it:300/577, total_loss:4.933, iou_loss:2.469, l1_loss:0.000, conf_loss:1.826, cls_loss:0.637, lr:1.21e-04, ETA:3:07:08[0m
[32m2026-08-31 21:07:24[0m | [1mINFO    [0m | [36myolox.core.trainer[0m:[36m199[0m - [1mep:7/50, it:320/577, total_loss:7.265, iou_loss:2.807, l1_loss:0.000, conf_loss:3.701, cls_loss:0.757, lr:1.21e-04, ETA:3:06:47[0m
[32m2026-08-31 21:07:33[0m | [1mINFO    [0m | [36myolox.core.trainer[0m:[36m199[0m - [1mep:7/50, it:340/577, total_loss:9.215, iou_loss:3.391, l1_loss:0.000, conf_loss:5.084, cls_loss:0.740, lr:1.21e-04, ETA:3:06:38[0m
[32m2026-08-31 21:07:41[0m | [1mINFO    [0m | [36myolox.core.trainer[0m:[36m199[0m - [1mep:7/50, it:360/577, total_loss:6.626, iou_loss:3.196, l1_loss:0.000, conf_loss:2.720, cls_loss:0.711, lr:1.21e-04, ETA:3:06:24[0m
[32m2026-08-31 21:07:50[0m | [1mINFO    [0m | [36myolox.core.trainer[0m:[36m199[0m - [1mep:7/50, it:380/577, total_loss:5.781, iou_loss:2.925, l1_loss:0.000, conf_loss:2.186, cls_loss:0.670, lr:1.21e-04, ETA:3:06:13[0m
[32m2026-08-31 21:07:59[0m | [1mINFO    [0m | [36myolox.core.trainer[0m:[36m199[0m - [1mep:7/50, it:400/577, total_loss:4.519, iou_loss:2.376, l1_loss:0.000, conf_loss:1.534, cls_loss:0.609, lr:1.21e-04, ETA:3:06:05[0m
[32m2026-08-31 21:08:07[0m | [1mINFO    [0m | [36myolox.core.trainer[0m:[36m199[0m - [1mep:7/50, it:420/577, total_loss:5.768, iou_loss:2.567, l1_loss:0.000, conf_loss:2.498, cls_loss:0.703, lr:1.21e-04, ETA:3:05:50[0m
[32m2026-08-31 21:08:17[0m | [1mINFO    [0m | [36myolox.core.trainer[0m:[36m199[0m - [1mep:7/50, it:440/577, total_loss:5.619, iou_loss:2.709, l1_loss:0.000, conf_loss:2.181, cls_loss:0.729, lr:1.20e-04, ETA:3:05:49[0m
[32m2026-08-31 21:08:25[0m | [1mINFO    [0m | [36myolox.core.trainer[0m:[36m199[0m - [1mep:7/50, it:460/577, total_loss:8.209, iou_loss:2.793, l1_loss:0.000, conf_loss:4.544, cls_loss:0.873, lr:1.20e-04, ETA:3:05:31[0m
[32m2026-08-31 21:08:33[0m | [1mINFO    [0m | [36myolox.core.trainer[0m:[36m199[0m - [1mep:7/50, it:480/577, total_loss:6.877, iou_loss:2.341, l1_loss:0.000, conf_loss:3.836, cls_loss:0.700, lr:1.20e-04, ETA:3:05:20[0m
[32m2026-08-31 21:08:42[0m | [1mINFO    [0m | [36myolox.core.trainer[0m:[36m199[0m - [1mep:7/50, it:500/577, total_loss:5.998, iou_loss:2.879, l1_loss:0.000, conf_loss:2.375, cls_loss:0.744, lr:1.20e-04, ETA:3:05:09[0m
[32m2026-08-31 21:08:50[0m | [1mINFO    [0m | [36myolox.core.trainer[0m:[36m199[0m - [1mep:7/50, it:520/577, total_loss:8.624, iou_loss:2.995, l1_loss:0.000, conf_loss:4.869, cls_loss:0.759, lr:1.20e-04, ETA:3:04:55[0m
[32m2026-08-31 21:08:57[0m | [1mINFO    [0m | [36myolox.core.trainer[0m:[36m199[0m - [1mep:7/50, it:540/577, total_loss:4.578, iou_loss:2.360, l1_loss:0.000, conf_loss:1.569, cls_loss:0.648, lr:1.20e-04, ETA:3:04:32[0m
[32m2026-08-31 21:09:03[0m | [1mINFO    [0m | [36myolox.core.trainer[0m:[36m199[0m - [1mep:7/50, it:560/577, total_loss:8.624, iou_loss:3.416, l1_loss:0.000, conf_loss:4.418, cls_loss:0.789, lr:1.20e-04, ETA:3:04:08[0m
[32m2026-08-31 21:09:10[0m | [1mINFO    [0m | [36myolox.core.trainer[0m:[36m259[0m - [1mSave weights to D:\Codes\HDR\Sana\hdr4rtt_rod\cfg_hdr4rtt_rod_dedup[0m
[32m2026-08-31 21:09:11[0m | [1mINFO    [0m | [36myolox.core.trainer[0m:[36m152[0m - [1m---> start train epoch8[0m
[32m2026-08-31 21:09:18[0m | [1mINFO    [0m | [36myolox.core.trainer[0m:[36m199[0m - [1mep:8/50, it:20/577, total_loss:5.607, iou_loss:2.647, l1_loss:0.000, conf_loss:2.309, cls_loss:0.651, lr:1.20e-04, ETA:3:03:41[0m
[32m2026-08-31 21:09:27[0m | [1mINFO    [0m | [36myolox.core.trainer[0m:[36m199[0m - [1mep:8/50, it:40/577, total_loss:6.119, iou_loss:2.431, l1_loss:0.000, conf_loss:3.037, cls_loss:0.652, lr:1.20e-04, ETA:3:03:30[0m
[32m2026-08-31 21:09:35[0m | [1mINFO    [0m | [36myolox.core.trainer[0m:[36m199[0m - [1mep:8/50, it:60/577, total_loss:6.743, iou_loss:2.966, l1_loss:0.000, conf_loss:3.049, cls_loss:0.727, lr:1.20e-04, ETA:3:03:15[0m
[32m2026-08-31 21:09:41[0m | [1mINFO    [0m | [36myolox.core.trainer[0m:[36m199[0m - [1mep:8/50, it:80/577, total_loss:7.948, iou_loss:3.869, l1_loss:0.000, conf_loss:3.413, cls_loss:0.666, lr:1.20e-04, ETA:3:02:53[0m
[32m2026-08-31 21:09:50[0m | [1mINFO    [0m | [36myolox.core.trainer[0m:[36m199[0m - [1mep:8/50, it:100/577, total_loss:5.470, iou_loss:2.606, l1_loss:0.000, conf_loss:2.257, cls_loss:0.607, lr:1.20e-04, ETA:3:02:46[0m
[32m2026-08-31 21:09:58[0m | [1mINFO    [0m | [36myolox.core.trainer[0m:[36m199[0m - [1mep:8/50, it:120/577, total_loss:5.971, iou_loss:2.764, l1_loss:0.000, conf_loss:2.539, cls_loss:0.669, lr:1.20e-04, ETA:3:02:32[0m
[32m2026-08-31 21:10:08[0m | [1mINFO    [0m | [36myolox.core.trainer[0m:[36m199[0m - [1mep:8/50, it:140/577, total_loss:4.908, iou_loss:2.323, l1_loss:0.000, conf_loss:1.993, cls_loss:0.593, lr:1.20e-04, ETA:3:02:25[0m
[32m2026-08-31 21:10:16[0m | [1mINFO    [0m | [36myolox.core.trainer[0m:[36m199[0m - [1mep:8/50, it:160/577, total_loss:4.844, iou_loss:2.565, l1_loss:0.000, conf_loss:1.636, cls_loss:0.643, lr:1.19e-04, ETA:3:02:11[0m
[32m2026-08-31 21:10:25[0m | [1mINFO    [0m | [36myolox.core.trainer[0m:[36m199[0m - [1mep:8/50, it:180/577, total_loss:6.001, iou_loss:2.752, l1_loss:0.000, conf_loss:2.595, cls_loss:0.654, lr:1.19e-04, ETA:3:02:05[0m
[32m2026-08-31 21:10:34[0m | [1mINFO    [0m | [36myolox.core.trainer[0m:[36m199[0m - [1mep:8/50, it:200/577, total_loss:6.505, iou_loss:2.853, l1_loss:0.000, conf_loss:2.676, cls_loss:0.976, lr:1.19e-04, ETA:3:01:55[0m
[32m2026-08-31 21:10:43[0m | [1mINFO    [0m | [36myolox.core.trainer[0m:[36m199[0m - [1mep:8/50, it:220/577, total_loss:5.973, iou_loss:2.743, l1_loss:0.000, conf_loss:2.586, cls_loss:0.644, lr:1.19e-04, ETA:3:01:48[0m
[32m2026-08-31 21:10:51[0m | [1mINFO    [0m | [36myolox.core.trainer[0m:[36m199[0m - [1mep:8/50, it:240/577, total_loss:5.906, iou_loss:2.767, l1_loss:0.000, conf_loss:2.395, cls_loss:0.744, lr:1.19e-04, ETA:3:01:35[0m
[32m2026-08-31 21:10:59[0m | [1mINFO    [0m | [36myolox.core.trainer[0m:[36m199[0m - [1mep:8/50, it:260/577, total_loss:6.715, iou_loss:2.975, l1_loss:0.000, conf_loss:3.036, cls_loss:0.704, lr:1.19e-04, ETA:3:01:23[0m
[32m2026-08-31 21:11:07[0m | [1mINFO    [0m | [36myolox.core.trainer[0m:[36m199[0m - [1mep:8/50, it:280/577, total_loss:5.276, iou_loss:2.241, l1_loss:0.000, conf_loss:2.457, cls_loss:0.578, lr:1.19e-04, ETA:3:01:09[0m
[32m2026-08-31 21:11:15[0m | [1mINFO    [0m | [36myolox.core.trainer[0m:[36m199[0m - [1mep:8/50, it:300/577, total_loss:7.648, iou_loss:3.176, l1_loss:0.000, conf_loss:3.660, cls_loss:0.811, lr:1.19e-04, ETA:3:00:55[0m
[32m2026-08-31 21:11:22[0m | [1mINFO    [0m | [36myolox.core.trainer[0m:[36m199[0m - [1mep:8/50, it:320/577, total_loss:6.147, iou_loss:2.994, l1_loss:0.000, conf_loss:2.486, cls_loss:0.668, lr:1.19e-04, ETA:3:00:36[0m
[32m2026-08-31 21:11:32[0m | [1mINFO    [0m | [36myolox.core.trainer[0m:[36m199[0m - [1mep:8/50, it:340/577, total_loss:4.482, iou_loss:2.503, l1_loss:0.000, conf_loss:1.356, cls_loss:0.623, lr:1.19e-04, ETA:3:00:34[0m
[32m2026-08-31 21:11:42[0m | [1mINFO    [0m | [36myolox.core.trainer[0m:[36m199[0m - [1mep:8/50, it:360/577, total_loss:5.716, iou_loss:2.631, l1_loss:0.000, conf_loss:2.442, cls_loss:0.642, lr:1.19e-04, ETA:3:00:30[0m
[32m2026-08-31 21:11:50[0m | [1mINFO    [0m | [36myolox.core.trainer[0m:[36m199[0m - [1mep:8/50, it:380/577, total_loss:5.518, iou_loss:2.350, l1_loss:0.000, conf_loss:2.509, cls_loss:0.658, lr:1.19e-04, ETA:3:00:14[0m
[32m2026-08-31 21:11:58[0m | [1mINFO    [0m | [36myolox.core.trainer[0m:[36m199[0m - [1mep:8/50, it:400/577, total_loss:6.389, iou_loss:2.846, l1_loss:0.000, conf_loss:2.866, cls_loss:0.677, lr:1.19e-04, ETA:3:00:03[0m
[32m2026-08-31 21:12:06[0m | [1mINFO    [0m | [36myolox.core.trainer[0m:[36m199[0m - [1mep:8/50, it:420/577, total_loss:6.974, iou_loss:3.728, l1_loss:0.000, conf_loss:2.403, cls_loss:0.843, lr:1.18e-04, ETA:2:59:46[0m
[32m2026-08-31 21:12:13[0m | [1mINFO    [0m | [36myolox.core.trainer[0m:[36m199[0m - [1mep:8/50, it:440/577, total_loss:4.376, iou_loss:2.505, l1_loss:0.000, conf_loss:1.219, cls_loss:0.652, lr:1.18e-04, ETA:2:59:29[0m
[32m2026-08-31 21:12:23[0m | [1mINFO    [0m | [36myolox.core.trainer[0m:[36m199[0m - [1mep:8/50, it:460/577, total_loss:6.298, iou_loss:2.664, l1_loss:0.000, conf_loss:2.848, cls_loss:0.786, lr:1.18e-04, ETA:2:59:25[0m
[32m2026-08-31 21:12:31[0m | [1mINFO    [0m | [36myolox.core.trainer[0m:[36m199[0m - [1mep:8/50, it:480/577, total_loss:7.343, iou_loss:3.192, l1_loss:0.000, conf_loss:3.452, cls_loss:0.699, lr:1.18e-04, ETA:2:59:14[0m
[32m2026-08-31 21:12:41[0m | [1mINFO    [0m | [36myolox.core.trainer[0m:[36m199[0m - [1mep:8/50, it:500/577, total_loss:5.567, iou_loss:2.861, l1_loss:0.000, conf_loss:2.012, cls_loss:0.694, lr:1.18e-04, ETA:2:59:11[0m
[32m2026-08-31 21:12:48[0m | [1mINFO    [0m | [36myolox.core.trainer[0m:[36m199[0m - [1mep:8/50, it:520/577, total_loss:6.513, iou_loss:3.063, l1_loss:0.000, conf_loss:2.767, cls_loss:0.683, lr:1.18e-04, ETA:2:58:53[0m
[32m2026-08-31 21:12:56[0m | [1mINFO    [0m | [36myolox.core.trainer[0m:[36m199[0m - [1mep:8/50, it:540/577, total_loss:6.141, iou_loss:2.905, l1_loss:0.000, conf_loss:2.400, cls_loss:0.836, lr:1.18e-04, ETA:2:58:41[0m
[32m2026-08-31 21:13:04[0m | [1mINFO    [0m | [36myolox.core.trainer[0m:[36m199[0m - [1mep:8/50, it:560/577, total_loss:5.089, iou_loss:2.266, l1_loss:0.000, conf_loss:2.228, cls_loss:0.595, lr:1.18e-04, ETA:2:58:27[0m
[32m2026-08-31 21:13:13[0m | [1mINFO    [0m | [36myolox.core.trainer[0m:[36m259[0m - [1mSave weights to D:\Codes\HDR\Sana\hdr4rtt_rod\cfg_hdr4rtt_rod_dedup[0m
[32m2026-08-31 21:13:13[0m | [1mINFO    [0m | [36myolox.core.trainer[0m:[36m152[0m - [1m---> start train epoch9[0m
[32m2026-08-31 21:13:22[0m | [1mINFO    [0m | [36myolox.core.trainer[0m:[36m199[0m - [1mep:9/50, it:20/577, total_loss:5.824, iou_loss:3.163, l1_loss:0.000, conf_loss:1.988, cls_loss:0.673, lr:1.18e-04, ETA:2:58:16[0m
[32m2026-08-31 21:13:29[0m | [1mINFO    [0m | [36myolox.core.trainer[0m:[36m199[0m - [1mep:9/50, it:40/577, total_loss:6.838, iou_loss:3.333, l1_loss:0.000, conf_loss:2.749, cls_loss:0.756, lr:1.18e-04, ETA:2:57:58[0m
[32m2026-08-31 21:13:37[0m | [1mINFO    [0m | [36myolox.core.trainer[0m:[36m199[0m - [1mep:9/50, it:60/577, total_loss:6.504, iou_loss:2.621, l1_loss:0.000, conf_loss:2.886, cls_loss:0.996, lr:1.18e-04, ETA:2:57:43[0m
[32m2026-08-31 21:13:44[0m | [1mINFO    [0m | [36myolox.core.trainer[0m:[36m199[0m - [1mep:9/50, it:80/577, total_loss:5.289, iou_loss:2.490, l1_loss:0.000, conf_loss:2.161, cls_loss:0.639, lr:1.18e-04, ETA:2:57:27[0m
[32m2026-08-31 21:13:53[0m | [1mINFO    [0m | [36myolox.core.trainer[0m:[36m199[0m - [1mep:9/50, it:100/577, total_loss:7.643, iou_loss:3.304, l1_loss:0.000, conf_loss:3.591, cls_loss:0.748, lr:1.17e-04, ETA:2:57:21[0m
[32m2026-08-31 21:14:01[0m | [1mINFO    [0m | [36myolox.core.trainer[0m:[36m199[0m - [1mep:9/50, it:120/577, total_loss:4.965, iou_loss:2.762, l1_loss:0.000, conf_loss:1.560, cls_loss:0.643, lr:1.17e-04, ETA:2:57:06[0m
[32m2026-08-31 21:14:07[0m | [1mINFO    [0m | [36myolox.core.trainer[0m:[36m199[0m - [1mep:9/50, it:140/577, total_loss:5.703, iou_loss:2.834, l1_loss:0.000, conf_loss:2.228, cls_loss:0.640, lr:1.17e-04, ETA:2:56:44[0m
[32m2026-08-31 21:14:17[0m | [1mINFO    [0m | [36myolox.core.trainer[0m:[36m199[0m - [1mep:9/50, it:160/577, total_loss:4.146, iou_loss:2.102, l1_loss:0.000, conf_loss:1.457, cls_loss:0.587, lr:1.17e-04, ETA:2:56:38[0m
[32m2026-08-31 21:14:25[0m | [1mINFO    [0m | [36myolox.core.trainer[0m:[36m199[0m - [1mep:9/50, it:180/577, total_loss:5.410, iou_loss:2.823, l1_loss:0.000, conf_loss:1.893, cls_loss:0.694, lr:1.17e-04, ETA:2:56:25[0m
[32m2026-08-31 21:14:33[0m | [1mINFO    [0m | [36myolox.core.trainer[0m:[36m199[0m - [1mep:9/50, it:200/577, total_loss:5.964, iou_loss:2.938, l1_loss:0.000, conf_loss:2.361, cls_loss:0.665, lr:1.17e-04, ETA:2:56:16[0m
[32m2026-08-31 21:14:42[0m | [1mINFO    [0m | [36myolox.core.trainer[0m:[36m199[0m - [1mep:9/50, it:220/577, total_loss:4.893, iou_loss:2.612, l1_loss:0.000, conf_loss:1.671, cls_loss:0.610, lr:1.17e-04, ETA:2:56:05[0m
[32m2026-08-31 21:14:50[0m | [1mINFO    [0m | [36myolox.core.trainer[0m:[36m199[0m - [1mep:9/50, it:240/577, total_loss:8.718, iou_loss:3.490, l1_loss:0.000, conf_loss:4.393, cls_loss:0.834, lr:1.17e-04, ETA:2:55:52[0m
[32m2026-08-31 21:14:59[0m | [1mINFO    [0m | [36myolox.core.trainer[0m:[36m199[0m - [1mep:9/50, it:260/577, total_loss:7.210, iou_loss:3.025, l1_loss:0.000, conf_loss:3.481, cls_loss:0.703, lr:1.17e-04, ETA:2:55:45[0m
[32m2026-08-31 21:15:09[0m | [1mINFO    [0m | [36myolox.core.trainer[0m:[36m199[0m - [1mep:9/50, it:280/577, total_loss:5.894, iou_loss:2.598, l1_loss:0.000, conf_loss:2.616, cls_loss:0.680, lr:1.17e-04, ETA:2:55:44[0m
[32m2026-08-31 21:15:19[0m | [1mINFO    [0m | [36myolox.core.trainer[0m:[36m199[0m - [1mep:9/50, it:300/577, total_loss:7.056, iou_loss:2.782, l1_loss:0.000, conf_loss:3.568, cls_loss:0.706, lr:1.17e-04, ETA:2:55:42[0m
[32m2026-08-31 21:15:27[0m | [1mINFO    [0m | [36myolox.core.trainer[0m:[36m199[0m - [1mep:9/50, it:320/577, total_loss:4.755, iou_loss:2.296, l1_loss:0.000, conf_loss:1.878, cls_loss:0.582, lr:1.16e-04, ETA:2:55:27[0m
[32m2026-08-31 21:15:34[0m | [1mINFO    [0m | [36myolox.core.trainer[0m:[36m199[0m - [1mep:9/50, it:340/577, total_loss:5.059, iou_loss:2.497, l1_loss:0.000, conf_loss:1.948, cls_loss:0.615, lr:1.16e-04, ETA:2:55:10[0m
[32m2026-08-31 21:15:41[0m | [1mINFO    [0m | [36myolox.core.trainer[0m:[36m199[0m - [1mep:9/50, it:360/577, total_loss:5.764, iou_loss:2.689, l1_loss:0.000, conf_loss:2.474, cls_loss:0.601, lr:1.16e-04, ETA:2:54:53[0m
[32m2026-08-31 21:15:49[0m | [1mINFO    [0m | [36myolox.core.trainer[0m:[36m199[0m - [1mep:9/50, it:380/577, total_loss:6.708, iou_loss:2.984, l1_loss:0.000, conf_loss:3.014, cls_loss:0.710, lr:1.16e-04, ETA:2:54:42[0m
[32m2026-08-31 21:15:58[0m | [1mINFO    [0m | [36myolox.core.trainer[0m:[36m199[0m - [1mep:9/50, it:400/577, total_loss:4.464, iou_loss:2.292, l1_loss:0.000, conf_loss:1.563, cls_loss:0.608, lr:1.16e-04, ETA:2:54:34[0m
[32m2026-08-31 21:16:05[0m | [1mINFO    [0m | [36myolox.core.trainer[0m:[36m199[0m - [1mep:9/50, it:420/577, total_loss:4.910, iou_loss:2.276, l1_loss:0.000, conf_loss:2.043, cls_loss:0.591, lr:1.16e-04, ETA:2:54:15[0m
[32m2026-08-31 21:16:13[0m | [1mINFO    [0m | [36myolox.core.trainer[0m:[36m199[0m - [1mep:9/50, it:440/577, total_loss:5.173, iou_loss:2.327, l1_loss:0.000, conf_loss:2.266, cls_loss:0.581, lr:1.16e-04, ETA:2:54:01[0m
[32m2026-08-31 21:16:22[0m | [1mINFO    [0m | [36myolox.core.trainer[0m:[36m199[0m - [1mep:9/50, it:460/577, total_loss:4.873, iou_loss:2.137, l1_loss:0.000, conf_loss:2.098, cls_loss:0.638, lr:1.16e-04, ETA:2:53:54[0m
[32m2026-08-31 21:16:31[0m | [1mINFO    [0m | [36myolox.core.trainer[0m:[36m199[0m - [1mep:9/50, it:480/577, total_loss:3.545, iou_loss:1.929, l1_loss:0.000, conf_loss:1.071, cls_loss:0.544, lr:1.16e-04, ETA:2:53:46[0m
[32m2026-08-31 21:16:40[0m | [1mINFO    [0m | [36myolox.core.trainer[0m:[36m199[0m - [1mep:9/50, it:500/577, total_loss:7.816, iou_loss:3.073, l1_loss:0.000, conf_loss:4.048, cls_loss:0.696, lr:1.16e-04, ETA:2:53:39[0m
[32m2026-08-31 21:16:49[0m | [1mINFO    [0m | [36myolox.core.trainer[0m:[36m199[0m - [1mep:9/50, it:520/577, total_loss:5.989, iou_loss:2.512, l1_loss:0.000, conf_loss:2.852, cls_loss:0.625, lr:1.16e-04, ETA:2:53:32[0m
[32m2026-08-31 21:16:56[0m | [1mINFO    [0m | [36myolox.core.trainer[0m:[36m199[0m - [1mep:9/50, it:540/577, total_loss:6.362, iou_loss:2.987, l1_loss:0.000, conf_loss:2.699, cls_loss:0.677, lr:1.16e-04, ETA:2:53:15[0m
[32m2026-08-31 21:17:07[0m | [1mINFO    [0m | [36myolox.core.trainer[0m:[36m199[0m - [1mep:9/50, it:560/577, total_loss:4.197, iou_loss:2.175, l1_loss:0.000, conf_loss:1.446, cls_loss:0.577, lr:1.15e-04, ETA:2:53:15[0m
[32m2026-08-31 21:17:14[0m | [1mINFO    [0m | [36myolox.core.trainer[0m:[36m259[0m - [1mSave weights to D:\Codes\HDR\Sana\hdr4rtt_rod\cfg_hdr4rtt_rod_dedup[0m
[32m2026-08-31 21:17:14[0m | [1mINFO    [0m | [36myolox.core.trainer[0m:[36m152[0m - [1m---> start train epoch10[0m
[32m2026-08-31 21:17:21[0m | [1mINFO    [0m | [36myolox.core.trainer[0m:[36m199[0m - [1mep:10/50, it:20/577, total_loss:5.655, iou_loss:2.718, l1_loss:0.000, conf_loss:2.247, cls_loss:0.690, lr:1.15e-04, ETA:2:52:48[0m
[32m2026-08-31 21:17:29[0m | [1mINFO    [0m | [36myolox.core.trainer[0m:[36m199[0m - [1mep:10/50, it:40/577, total_loss:5.782, iou_loss:2.615, l1_loss:0.000, conf_loss:2.520, cls_loss:0.647, lr:1.15e-04, ETA:2:52:35[0m
[32m2026-08-31 21:17:38[0m | [1mINFO    [0m | [36myolox.core.trainer[0m:[36m199[0m - [1mep:10/50, it:60/577, total_loss:4.788, iou_loss:2.146, l1_loss:0.000, conf_loss:2.029, cls_loss:0.613, lr:1.15e-04, ETA:2:52:30[0m
[32m2026-08-31 21:17:47[0m | [1mINFO    [0m | [36myolox.core.trainer[0m:[36m199[0m - [1mep:10/50, it:80/577, total_loss:6.909, iou_loss:3.032, l1_loss:0.000, conf_loss:3.174, cls_loss:0.702, lr:1.15e-04, ETA:2:52:21[0m
[32m2026-08-31 21:17:55[0m | [1mINFO    [0m | [36myolox.core.trainer[0m:[36m199[0m - [1mep:10/50, it:100/577, total_loss:6.275, iou_loss:2.786, l1_loss:0.000, conf_loss:2.709, cls_loss:0.781, lr:1.15e-04, ETA:2:52:08[0m
[32m2026-08-31 21:18:02[0m | [1mINFO    [0m | [36myolox.core.trainer[0m:[36m199[0m - [1mep:10/50, it:120/577, total_loss:5.823, iou_loss:2.648, l1_loss:0.000, conf_loss:2.382, cls_loss:0.793, lr:1.15e-04, ETA:2:51:50[0m
[32m2026-08-31 21:18:10[0m | [1mINFO    [0m | [36myolox.core.trainer[0m:[36m199[0m - [1mep:10/50, it:140/577, total_loss:5.918, iou_loss:2.734, l1_loss:0.000, conf_loss:2.299, cls_loss:0.885, lr:1.15e-04, ETA:2:51:39[0m
[32m2026-08-31 21:18:18[0m | [1mINFO    [0m | [36myolox.core.trainer[0m:[36m199[0m - [1mep:10/50, it:160/577, total_loss:6.153, iou_loss:2.720, l1_loss:0.000, conf_loss:2.654, cls_loss:0.779, lr:1.15e-04, ETA:2:51:26[0m
[32m2026-08-31 21:18:25[0m | [1mINFO    [0m | [36myolox.core.trainer[0m:[36m199[0m - [1mep:10/50, it:180/577, total_loss:8.426, iou_loss:2.914, l1_loss:0.000, conf_loss:4.521, cls_loss:0.992, lr:1.14e-04, ETA:2:51:11[0m
[32m2026-08-31 21:18:34[0m | [1mINFO    [0m | [36myolox.core.trainer[0m:[36m199[0m - [1mep:10/50, it:200/577, total_loss:5.435, iou_loss:2.826, l1_loss:0.000, conf_loss:1.941, cls_loss:0.668, lr:1.14e-04, ETA:2:51:03[0m
[32m2026-08-31 21:18:42[0m | [1mINFO    [0m | [36myolox.core.trainer[0m:[36m199[0m - [1mep:10/50, it:220/577, total_loss:4.287, iou_loss:1.717, l1_loss:0.000, conf_loss:2.033, cls_loss:0.537, lr:1.14e-04, ETA:2:50:50[0m
[32m2026-08-31 21:18:48[0m | [1mINFO    [0m | [36myolox.core.trainer[0m:[36m199[0m - [1mep:10/50, it:240/577, total_loss:5.390, iou_loss:2.725, l1_loss:0.000, conf_loss:2.025, cls_loss:0.640, lr:1.14e-04, ETA:2:50:33[0m
[32m2026-08-31 21:18:57[0m | [1mINFO    [0m | [36myolox.core.trainer[0m:[36m199[0m - [1mep:10/50, it:260/577, total_loss:5.604, iou_loss:2.716, l1_loss:0.000, conf_loss:2.251, cls_loss:0.637, lr:1.14e-04, ETA:2:50:25[0m
[32m2026-08-31 21:19:06[0m | [1mINFO    [0m | [36myolox.core.trainer[0m:[36m199[0m - [1mep:10/50, it:280/577, total_loss:6.813, iou_loss:2.921, l1_loss:0.000, conf_loss:3.200, cls_loss:0.692, lr:1.14e-04, ETA:2:50:17[0m
[32m2026-08-31 21:19:15[0m | [1mINFO    [0m | [36myolox.core.trainer[0m:[36m199[0m - [1mep:10/50, it:300/577, total_loss:6.419, iou_loss:2.879, l1_loss:0.000, conf_loss:2.846, cls_loss:0.694, lr:1.14e-04, ETA:2:50:08[0m
[32m2026-08-31 21:19:23[0m | [1mINFO    [0m | [36myolox.core.trainer[0m:[36m199[0m - [1mep:10/50, it:320/577, total_loss:6.520, iou_loss:3.047, l1_loss:0.000, conf_loss:2.764, cls_loss:0.709, lr:1.14e-04, ETA:2:49:55[0m
[32m2026-08-31 21:19:34[0m | [1mINFO    [0m | [36myolox.core.trainer[0m:[36m199[0m - [1mep:10/50, it:340/577, total_loss:7.104, iou_loss:3.263, l1_loss:0.000, conf_loss:3.059, cls_loss:0.782, lr:1.14e-04, ETA:2:49:56[0m
[32m2026-08-31 21:19:43[0m | [1mINFO    [0m | [36myolox.core.trainer[0m:[36m199[0m - [1mep:10/50, it:360/577, total_loss:6.249, iou_loss:3.114, l1_loss:0.000, conf_loss:2.434, cls_loss:0.701, lr:1.14e-04, ETA:2:49:49[0m
[32m2026-08-31 21:19:53[0m | [1mINFO    [0m | [36myolox.core.trainer[0m:[36m199[0m - [1mep:10/50, it:380/577, total_loss:5.813, iou_loss:2.656, l1_loss:0.000, conf_loss:2.415, cls_loss:0.742, lr:1.13e-04, ETA:2:49:44[0m
[32m2026-08-31 21:20:00[0m | [1mINFO    [0m | [36myolox.core.trainer[0m:[36m199[0m - [1mep:10/50, it:400/577, total_loss:5.882, iou_loss:2.527, l1_loss:0.000, conf_loss:2.599, cls_loss:0.756, lr:1.13e-04, ETA:2:49:31[0m
[32m2026-08-31 21:20:10[0m | [1mINFO    [0m | [36myolox.core.trainer[0m:[36m199[0m - [1mep:10/50, it:420/577, total_loss:4.751, iou_loss:2.676, l1_loss:0.000, conf_loss:1.428, cls_loss:0.646, lr:1.13e-04, ETA:2:49:24[0m
[32m2026-08-31 21:20:17[0m | [1mINFO    [0m | [36myolox.core.trainer[0m:[36m199[0m - [1mep:10/50, it:440/577, total_loss:3.929, iou_loss:1.974, l1_loss:0.000, conf_loss:1.430, cls_loss:0.524, lr:1.13e-04, ETA:2:49:10[0m
[32m2026-08-31 21:20:28[0m | [1mINFO    [0m | [36myolox.core.trainer[0m:[36m199[0m - [1mep:10/50, it:460/577, total_loss:6.534, iou_loss:2.983, l1_loss:0.000, conf_loss:2.801, cls_loss:0.750, lr:1.13e-04, ETA:2:49:08[0m
[32m2026-08-31 21:20:34[0m | [1mINFO    [0m | [36myolox.core.trainer[0m:[36m199[0m - [1mep:10/50, it:480/577, total_loss:4.450, iou_loss:2.445, l1_loss:0.000, conf_loss:1.408, cls_loss:0.596, lr:1.13e-04, ETA:2:48:52[0m
[32m2026-08-31 21:20:41[0m | [1mINFO    [0m | [36myolox.core.trainer[0m:[36m199[0m - [1mep:10/50, it:500/577, total_loss:9.304, iou_loss:3.437, l1_loss:0.000, conf_loss:5.071, cls_loss:0.796, lr:1.13e-04, ETA:2:48:34[0m
[32m2026-08-31 21:20:48[0m | [1mINFO    [0m | [36myolox.core.trainer[0m:[36m199[0m - [1mep:10/50, it:520/577, total_loss:5.307, iou_loss:2.621, l1_loss:0.000, conf_loss:2.056, cls_loss:0.630, lr:1.13e-04, ETA:2:48:20[0m
[32m2026-08-31 21:20:58[0m | [1mINFO    [0m | [36myolox.core.trainer[0m:[36m199[0m - [1mep:10/50, it:540/577, total_loss:5.200, iou_loss:2.516, l1_loss:0.000, conf_loss:2.027, cls_loss:0.657, lr:1.13e-04, ETA:2:48:15[0m
[32m2026-08-31 21:21:06[0m | [1mINFO    [0m | [36myolox.core.trainer[0m:[36m199[0m - [1mep:10/50, it:560/577, total_loss:8.217, iou_loss:3.193, l1_loss:0.000, conf_loss:4.222, cls_loss:0.802, lr:1.13e-04, ETA:2:48:02[0m
[32m2026-08-31 21:21:13[0m | [1mINFO    [0m | [36myolox.core.trainer[0m:[36m259[0m - [1mSave weights to D:\Codes\HDR\Sana\hdr4rtt_rod\cfg_hdr4rtt_rod_dedup[0m
[32m2026-08-31 21:21:13[0m | [1mINFO    [0m | [36myolox.core.trainer[0m:[36m259[0m - [1mSave weights to D:\Codes\HDR\Sana\hdr4rtt_rod\cfg_hdr4rtt_rod_dedup[0m
gamma range: [7.0, 10.5]
C:\Users\OGAM\miniconda3\envs\hs-ml\Lib\site-packages\torch\functional.py:554: UserWarning: torch.meshgrid: in an upcoming release, it will be required to pass the indexing argument. (Triggered internally at C:\actions-runner\_work\pytorch\pytorch\pytorch\aten\src\ATen\native\TensorShape.cpp:4324.)
  return _VF.meshgrid(tensors, **kwargs)  # type: ignore[attr-defined]
D:\Codes\HDR\Sana\RAOD\RAOD\yolox\core\trainer.py:81: FutureWarning: `torch.cuda.amp.autocast(args...)` is deprecated. Please use `torch.amp.autocast('cuda', args...)` instead.
  with torch.cuda.amp.autocast(enabled=self.amp_training):
D:\Codes\HDR\Sana\RAOD\RAOD\models\yolo_head.py:278: FutureWarning: `torch.cuda.amp.autocast(args...)` is deprecated. Please use `torch.amp.autocast('cuda', args...)` instead.
  with torch.cuda.amp.autocast(enabled=False):
  0%|          | 0/144 [00:00<?, ?it/s]  1%|          | 1/144 [00:09<23:36,  9.90s/it]  1%|1         | 2/144 [00:10<09:50,  4.16s/it]  3%|2         | 4/144 [00:10<03:45,  1.61s/it]  4%|4         | 6/144 [00:10<02:03,  1.12it/s]  5%|4         | 7/144 [00:10<01:35,  1.44it/s]  6%|5         | 8/144 [00:10<01:13,  1.86it/s]  7%|6         | 10/144 [00:10<00:46,  2.87it/s]  8%|8         | 12/144 [00:11<00:33,  3.93it/s]  9%|9         | 13/144 [00:11<00:29,  4.50it/s] 10%|9         | 14/144 [00:11<00:25,  5.17it/s] 11%|#1        | 16/144 [00:11<00:19,  6.42it/s] 12%|#1        | 17/144 [00:11<00:18,  6.92it/s] 12%|#2        | 18/144 [00:11<00:16,  7.47it/s] 13%|#3        | 19/144 [00:11<00:16,  7.78it/s] 15%|#4        | 21/144 [00:11<00:14,  8.74it/s] 15%|#5        | 22/144 [00:12<00:13,  8.96it/s] 16%|#5        | 23/144 [00:12<00:13,  8.91it/s] 17%|#6        | 24/144 [00:12<00:13,  9.15it/s] 18%|#8        | 26/144 [00:12<00:12,  9.26it/s] 19%|#8        | 27/144 [00:12<00:12,  9.10it/s] 19%|#9        | 28/144 [00:12<00:12,  9.29it/s] 20%|##        | 29/144 [00:12<00:12,  9.11it/s] 21%|##        | 30/144 [00:12<00:12,  9.30it/s] 22%|##1       | 31/144 [00:13<00:12,  8.73it/s] 22%|##2       | 32/144 [00:13<00:12,  8.84it/s] 23%|##2       | 33/144 [00:13<00:16,  6.88it/s] 24%|##4       | 35/144 [00:13<00:13,  8.02it/s] 25%|##5       | 36/144 [00:13<00:13,  8.15it/s] 26%|##6       | 38/144 [00:13<00:12,  8.52it/s] 28%|##7       | 40/144 [00:14<00:12,  8.51it/s] 29%|##9       | 42/144 [00:14<00:11,  9.05it/s] 30%|##9       | 43/144 [00:14<00:11,  8.66it/s] 31%|###       | 44/144 [00:14<00:11,  8.66it/s] 31%|###1      | 45/144 [00:14<00:11,  8.60it/s] 33%|###2      | 47/144 [00:14<00:11,  8.62it/s] 33%|###3      | 48/144 [00:15<00:11,  8.09it/s] 34%|###4      | 49/144 [00:15<00:11,  8.28it/s] 35%|###4      | 50/144 [00:15<00:10,  8.57it/s] 35%|###5      | 51/144 [00:15<00:10,  8.59it/s] 36%|###6      | 52/144 [00:15<00:10,  8.59it/s] 37%|###6      | 53/144 [00:15<00:11,  8.17it/s] 38%|###7      | 54/144 [00:15<00:10,  8.57it/s] 38%|###8      | 55/144 [00:15<00:10,  8.70it/s] 39%|###8      | 56/144 [00:16<00:10,  8.66it/s] 40%|###9      | 57/144 [00:16<00:13,  6.32it/s] 40%|####      | 58/144 [00:16<00:12,  6.99it/s] 41%|####      | 59/144 [00:16<00:11,  7.46it/s] 42%|####1     | 60/144 [00:16<00:10,  8.02it/s] 42%|####2     | 61/144 [00:16<00:09,  8.34it/s] 43%|####3     | 62/144 [00:16<00:09,  8.59it/s] 44%|####3     | 63/144 [00:16<00:09,  8.59it/s] 45%|####5     | 65/144 [00:17<00:08,  9.18it/s] 47%|####6     | 67/144 [00:17<00:08,  9.21it/s] 47%|####7     | 68/144 [00:17<00:08,  8.85it/s] 48%|####7     | 69/144 [00:17<00:08,  9.00it/s] 49%|####8     | 70/144 [00:17<00:08,  9.22it/s] 49%|####9     | 71/144 [00:17<00:08,  8.88it/s] 50%|#####     | 72/144 [00:17<00:07,  9.12it/s] 51%|#####     | 73/144 [00:18<00:08,  8.47it/s] 51%|#####1    | 74/144 [00:18<00:08,  8.30it/s] 53%|#####2    | 76/144 [00:18<00:07,  8.83it/s] 53%|#####3    | 77/144 [00:18<00:08,  8.21it/s] 54%|#####4    | 78/144 [00:18<00:08,  8.06it/s] 55%|#####4    | 79/144 [00:18<00:07,  8.22it/s] 56%|#####5    | 80/144 [00:18<00:07,  8.55it/s] 56%|#####6    | 81/144 [00:18<00:07,  8.61it/s] 57%|#####6    | 82/144 [00:19<00:06,  8.91it/s] 58%|#####7    | 83/144 [00:19<00:07,  8.47it/s] 58%|#####8    | 84/144 [00:19<00:06,  8.84it/s] 59%|#####9    | 85/144 [00:19<00:09,  6.12it/s] 60%|######    | 87/144 [00:19<00:07,  7.45it/s] 61%|######1   | 88/144 [00:19<00:07,  7.84it/s] 62%|######2   | 90/144 [00:20<00:06,  8.63it/s] 63%|######3   | 91/144 [00:20<00:06,  8.73it/s] 64%|######3   | 92/144 [00:20<00:05,  8.98it/s] 65%|######5   | 94/144 [00:20<00:05,  9.39it/s] 66%|######5   | 95/144 [00:20<00:05,  9.19it/s] 67%|######7   | 97/144 [00:20<00:05,  8.93it/s] 68%|######8   | 98/144 [00:20<00:05,  8.84it/s] 69%|######8   | 99/144 [00:21<00:05,  8.77it/s] 69%|######9   | 100/144 [00:21<00:04,  8.81it/s] 70%|#######   | 101/144 [00:21<00:05,  8.05it/s] 72%|#######1  | 103/144 [00:21<00:04,  8.26it/s] 72%|#######2  | 104/144 [00:21<00:04,  8.61it/s] 73%|#######2  | 105/144 [00:21<00:04,  8.31it/s] 74%|#######3  | 106/144 [00:21<00:04,  8.70it/s] 74%|#######4  | 107/144 [00:22<00:04,  8.67it/s] 75%|#######5  | 108/144 [00:22<00:04,  8.99it/s] 76%|#######5  | 109/144 [00:22<00:04,  8.06it/s] 77%|#######7  | 111/144 [00:22<00:03,  8.38it/s] 78%|#######7  | 112/144 [00:22<00:03,  8.43it/s] 78%|#######8  | 113/144 [00:22<00:04,  7.63it/s] 79%|#######9  | 114/144 [00:22<00:03,  8.15it/s] 80%|#######9  | 115/144 [00:23<00:03,  8.59it/s] 81%|########  | 116/144 [00:23<00:03,  8.63it/s] 81%|########1 | 117/144 [00:23<00:03,  7.92it/s] 82%|########1 | 118/144 [00:23<00:03,  8.30it/s] 83%|########3 | 120/144 [00:23<00:02,  9.11it/s] 84%|########4 | 121/144 [00:23<00:02,  8.08it/s] 85%|########5 | 123/144 [00:23<00:02,  8.54it/s] 87%|########6 | 125/144 [00:24<00:02,  8.26it/s] 88%|########8 | 127/144 [00:24<00:02,  8.41it/s] 90%|########9 | 129/144 [00:24<00:01,  8.27it/s] 91%|######### | 131/144 [00:24<00:01,  8.37it/s] 92%|#########1| 132/144 [00:25<00:01,  8.63it/s] 92%|#########2| 133/144 [00:25<00:01,  8.38it/s] 93%|#########3| 134/144 [00:25<00:01,  8.61it/s] 94%|#########3| 135/144 [00:25<00:01,  8.10it/s] 95%|#########5| 137/144 [00:25<00:00,  8.29it/s] 97%|#########6| 139/144 [00:25<00:00,  8.17it/s] 98%|#########7| 141/144 [00:26<00:00,  8.47it/s] 99%|#########8| 142/144 [00:26<00:00,  8.64it/s] 99%|#########9| 143/144 [00:26<00:00,  8.79it/s]100%|##########| 144/144 [00:26<00:00,  9.03it/s]100%|##########| 144/144 [00:26<00:00,  5.35it/s]
D:\Codes\HDR\Sana\RAOD\RAOD\yolox\evaluators\coco_evaluator.py:100: UserWarning: The torch.cuda.*DtypeTensor constructors are no longer recommended. It's best to use methods such as torch.tensor(data, dtype=*, device='cuda') to create tensors. (Triggered internally at C:\actions-runner\_work\pytorch\pytorch\pytorch\torch\csrc\tensor\python_tensor.cpp:80.)
  statistics = torch.cuda.FloatTensor([inference_time, nms_time, n_samples])
  0%|          | 0/144 [00:00<?, ?it/s]  1%|          | 1/144 [00:09<22:43,  9.53s/it]  2%|2         | 3/144 [00:09<05:58,  2.54s/it]  3%|2         | 4/144 [00:09<03:58,  1.70s/it]  4%|4         | 6/144 [00:10<02:04,  1.11it/s]  5%|4         | 7/144 [00:10<01:35,  1.44it/s]  6%|5         | 8/144 [00:10<01:12,  1.88it/s]  6%|6         | 9/144 [00:10<00:56,  2.41it/s]  8%|7         | 11/144 [00:10<00:36,  3.63it/s]  8%|8         | 12/144 [00:10<00:30,  4.29it/s]  9%|9         | 13/144 [00:10<00:29,  4.37it/s] 10%|9         | 14/144 [00:11<00:28,  4.52it/s] 11%|#1        | 16/144 [00:11<00:21,  5.90it/s] 12%|#2        | 18/144 [00:11<00:18,  6.99it/s] 14%|#3        | 20/144 [00:11<00:15,  7.87it/s] 15%|#4        | 21/144 [00:11<00:16,  7.48it/s] 16%|#5        | 23/144 [00:12<00:14,  8.17it/s] 17%|#6        | 24/144 [00:12<00:14,  8.49it/s] 17%|#7        | 25/144 [00:12<00:15,  7.52it/s] 18%|#8        | 26/144 [00:12<00:15,  7.86it/s] 19%|#9        | 28/144 [00:12<00:13,  8.61it/s] 20%|##        | 29/144 [00:12<00:15,  7.62it/s] 22%|##1       | 31/144 [00:12<00:13,  8.55it/s] 22%|##2       | 32/144 [00:13<00:12,  8.80it/s] 23%|##2       | 33/144 [00:13<00:14,  7.85it/s][32m2026-08-31 21:21:40[0m | [1mINFO    [0m | [36myolox.evaluators.coco_evaluator[0m:[36m142[0m - [1mEvaluate in main process...[0m
[32m2026-08-31 21:21:42[0m | [1mINFO    [0m | [36myolox.evaluators.coco_evaluator[0m:[36m176[0m - [1mLoading and preparing results...[0m
[32m2026-08-31 21:21:42[0m | [1mINFO    [0m | [36myolox.evaluators.coco_evaluator[0m:[36m176[0m - [1mDONE (t=0.52s)[0m
[32m2026-08-31 21:21:42[0m | [1mINFO    [0m | [36mpycocotools.coco[0m:[36m367[0m - [1mcreating index...[0m
[32m2026-08-31 21:21:42[0m | [1mINFO    [0m | [36mpycocotools.coco[0m:[36m367[0m - [1mindex created![0m
[32m2026-08-31 21:21:42[0m | [33m[1mWARNING [0m | [36myolox.evaluators.coco_evaluator[0m:[36m182[0m - [33m[1mUse standard COCOeval.[0m
[32m2026-08-31 21:21:42[0m | [1mINFO    [0m | [36myolox.evaluators.coco_evaluator[0m:[36m185[0m - [1mRunning per image evaluation...[0m
[32m2026-08-31 21:21:42[0m | [1mINFO    [0m | [36myolox.evaluators.coco_evaluator[0m:[36m185[0m - [1mEvaluate annotation type *bbox*[0m
[32m2026-08-31 21:21:44[0m | [1mINFO    [0m | [36myolox.evaluators.coco_evaluator[0m:[36m185[0m - [1mDONE (t=2.13s).[0m
[32m2026-08-31 21:21:44[0m | [1mINFO    [0m | [36myolox.evaluators.coco_evaluator[0m:[36m186[0m - [1mAccumulating evaluation results...[0m
[32m2026-08-31 21:21:45[0m | [1mINFO    [0m | [36myolox.evaluators.coco_evaluator[0m:[36m186[0m - [1mDONE (t=0.17s).[0m
[32m2026-08-31 21:21:45[0m | [1mINFO    [0m | [36myolox.core.trainer[0m:[36m250[0m - [1m
Average forward time: 14.57 ms, Average NMS time: 0.74 ms, Average inference time: 15.31 ms
 Average Precision  (AP) @[ IoU=0.50:0.95 | area=   all | maxDets=100 ] = 0.213
 Average Precision  (AP) @[ IoU=0.50      | area=   all | maxDets=100 ] = 0.474
 Average Precision  (AP) @[ IoU=0.75      | area=   all | maxDets=100 ] = 0.162
 Average Precision  (AP) @[ IoU=0.50:0.95 | area= small | maxDets=100 ] = 0.022
 Average Precision  (AP) @[ IoU=0.50:0.95 | area=medium | maxDets=100 ] = 0.094
 Average Precision  (AP) @[ IoU=0.50:0.95 | area= large | maxDets=100 ] = 0.338
 Average Recall     (AR) @[ IoU=0.50:0.95 | area=   all | maxDets=  1 ] = 0.092
 Average Recall     (AR) @[ IoU=0.50:0.95 | area=   all | maxDets= 10 ] = 0.249
 Average Recall     (AR) @[ IoU=0.50:0.95 | area=   all | maxDets=100 ] = 0.330
 Average Recall     (AR) @[ IoU=0.50:0.95 | area= small | maxDets=100 ] = 0.079
 Average Recall     (AR) @[ IoU=0.50:0.95 | area=medium | maxDets=100 ] = 0.239
 Average Recall     (AR) @[ IoU=0.50:0.95 | area= large | maxDets=100 ] = 0.451
[0m
[32m2026-08-31 21:21:45[0m | [1mINFO    [0m | [36myolox.core.trainer[0m:[36m259[0m - [1mSave weights to D:\Codes\HDR\Sana\hdr4rtt_rod\cfg_hdr4rtt_rod_dedup[0m
[32m2026-08-31 21:21:45[0m | [1mINFO    [0m | [36myolox.core.trainer[0m:[36m152[0m - [1m---> start train epoch11[0m
[32m2026-08-31 21:21:53[0m | [1mINFO    [0m | [36myolox.core.trainer[0m:[36m199[0m - [1mep:11/50, it:20/577, total_loss:7.700, iou_loss:3.144, l1_loss:0.000, conf_loss:3.831, cls_loss:0.726, lr:1.12e-04, ETA:2:47:46[0m
[32m2026-08-31 21:22:03[0m | [1mINFO    [0m | [36myolox.core.trainer[0m:[36m199[0m - [1mep:11/50, it:40/577, total_loss:6.392, iou_loss:2.785, l1_loss:0.000, conf_loss:2.920, cls_loss:0.688, lr:1.12e-04, ETA:2:47:42[0m
[32m2026-08-31 21:22:10[0m | [1mINFO    [0m | [36myolox.core.trainer[0m:[36m199[0m - [1mep:11/50, it:60/577, total_loss:6.007, iou_loss:2.758, l1_loss:0.000, conf_loss:2.523, cls_loss:0.726, lr:1.12e-04, ETA:2:47:24[0m
[32m2026-08-31 21:22:17[0m | [1mINFO    [0m | [36myolox.core.trainer[0m:[36m199[0m - [1mep:11/50, it:80/577, total_loss:5.317, iou_loss:2.851, l1_loss:0.000, conf_loss:1.793, cls_loss:0.673, lr:1.12e-04, ETA:2:47:08[0m
[32m2026-08-31 21:22:26[0m | [1mINFO    [0m | [36myolox.core.trainer[0m:[36m199[0m - [1mep:11/50, it:100/577, total_loss:5.407, iou_loss:2.737, l1_loss:0.000, conf_loss:2.015, cls_loss:0.655, lr:1.12e-04, ETA:2:47:02[0m
[32m2026-08-31 21:22:33[0m | [1mINFO    [0m | [36myolox.core.trainer[0m:[36m199[0m - [1mep:11/50, it:120/577, total_loss:5.283, iou_loss:2.336, l1_loss:0.000, conf_loss:2.296, cls_loss:0.651, lr:1.12e-04, ETA:2:46:47[0m
[32m2026-08-31 21:22:42[0m | [1mINFO    [0m | [36myolox.core.trainer[0m:[36m199[0m - [1mep:11/50, it:140/577, total_loss:9.825, iou_loss:3.521, l1_loss:0.000, conf_loss:5.487, cls_loss:0.818, lr:1.12e-04, ETA:2:46:37[0m
[32m2026-08-31 21:22:50[0m | [1mINFO    [0m | [36myolox.core.trainer[0m:[36m199[0m - [1mep:11/50, it:160/577, total_loss:7.043, iou_loss:3.068, l1_loss:0.000, conf_loss:3.241, cls_loss:0.734, lr:1.12e-04, ETA:2:46:26[0m
[32m2026-08-31 21:22:58[0m | [1mINFO    [0m | [36myolox.core.trainer[0m:[36m199[0m - [1mep:11/50, it:180/577, total_loss:5.436, iou_loss:2.636, l1_loss:0.000, conf_loss:2.147, cls_loss:0.653, lr:1.12e-04, ETA:2:46:17[0m
[32m2026-08-31 21:23:07[0m | [1mINFO    [0m | [36myolox.core.trainer[0m:[36m199[0m - [1mep:11/50, it:200/577, total_loss:6.481, iou_loss:3.130, l1_loss:0.000, conf_loss:2.647, cls_loss:0.704, lr:1.11e-04, ETA:2:46:07[0m
[32m2026-08-31 21:23:14[0m | [1mINFO    [0m | [36myolox.core.trainer[0m:[36m199[0m - [1mep:11/50, it:220/577, total_loss:3.325, iou_loss:1.679, l1_loss:0.000, conf_loss:1.080, cls_loss:0.566, lr:1.11e-04, ETA:2:45:53[0m
[32m2026-08-31 21:23:20[0m | [1mINFO    [0m | [36myolox.core.trainer[0m:[36m199[0m - [1mep:11/50, it:240/577, total_loss:6.072, iou_loss:2.854, l1_loss:0.000, conf_loss:2.561, cls_loss:0.656, lr:1.11e-04, ETA:2:45:35[0m
[32m2026-08-31 21:23:30[0m | [1mINFO    [0m | [36myolox.core.trainer[0m:[36m199[0m - [1mep:11/50, it:260/577, total_loss:5.511, iou_loss:2.632, l1_loss:0.000, conf_loss:2.239, cls_loss:0.640, lr:1.11e-04, ETA:2:45:29[0m
[32m2026-08-31 21:23:36[0m | [1mINFO    [0m | [36myolox.core.trainer[0m:[36m199[0m - [1mep:11/50, it:280/577, total_loss:5.984, iou_loss:3.082, l1_loss:0.000, conf_loss:2.156, cls_loss:0.745, lr:1.11e-04, ETA:2:45:12[0m
[32m2026-08-31 21:23:46[0m | [1mINFO    [0m | [36myolox.core.trainer[0m:[36m199[0m - [1mep:11/50, it:300/577, total_loss:5.442, iou_loss:2.606, l1_loss:0.000, conf_loss:2.200, cls_loss:0.636, lr:1.11e-04, ETA:2:45:07[0m
[32m2026-08-31 21:23:54[0m | [1mINFO    [0m | [36myolox.core.trainer[0m:[36m199[0m - [1mep:11/50, it:320/577, total_loss:5.412, iou_loss:2.615, l1_loss:0.000, conf_loss:2.170, cls_loss:0.627, lr:1.11e-04, ETA:2:44:57[0m
[32m2026-08-31 21:24:04[0m | [1mINFO    [0m | [36myolox.core.trainer[0m:[36m199[0m - [1mep:11/50, it:340/577, total_loss:6.560, iou_loss:2.611, l1_loss:0.000, conf_loss:3.284, cls_loss:0.666, lr:1.11e-04, ETA:2:44:51[0m
[32m2026-08-31 21:24:12[0m | [1mINFO    [0m | [36myolox.core.trainer[0m:[36m199[0m - [1mep:11/50, it:360/577, total_loss:5.801, iou_loss:2.771, l1_loss:0.000, conf_loss:2.342, cls_loss:0.688, lr:1.11e-04, ETA:2:44:42[0m
[32m2026-08-31 21:24:23[0m | [1mINFO    [0m | [36myolox.core.trainer[0m:[36m199[0m - [1mep:11/50, it:380/577, total_loss:5.735, iou_loss:2.550, l1_loss:0.000, conf_loss:2.555, cls_loss:0.630, lr:1.10e-04, ETA:2:44:41[0m
[32m2026-08-31 21:24:32[0m | [1mINFO    [0m | [36myolox.core.trainer[0m:[36m199[0m - [1mep:11/50, it:400/577, total_loss:4.686, iou_loss:2.166, l1_loss:0.000, conf_loss:1.876, cls_loss:0.644, lr:1.10e-04, ETA:2:44:34[0m
[32m2026-08-31 21:24:40[0m | [1mINFO    [0m | [36myolox.core.trainer[0m:[36m199[0m - [1mep:11/50, it:420/577, total_loss:5.158, iou_loss:2.324, l1_loss:0.000, conf_loss:2.092, cls_loss:0.741, lr:1.10e-04, ETA:2:44:22[0m
[32m2026-08-31 21:24:46[0m | [1mINFO    [0m | [36myolox.core.trainer[0m:[36m199[0m - [1mep:11/50, it:440/577, total_loss:6.366, iou_loss:2.911, l1_loss:0.000, conf_loss:2.717, cls_loss:0.738, lr:1.10e-04, ETA:2:44:04[0m
[32m2026-08-31 21:24:54[0m | [1mINFO    [0m | [36myolox.core.trainer[0m:[36m199[0m - [1mep:11/50, it:460/577, total_loss:6.363, iou_loss:3.084, l1_loss:0.000, conf_loss:2.499, cls_loss:0.780, lr:1.10e-04, ETA:2:43:52[0m
[32m2026-08-31 21:25:03[0m | [1mINFO    [0m | [36myolox.core.trainer[0m:[36m199[0m - [1mep:11/50, it:480/577, total_loss:6.821, iou_loss:3.016, l1_loss:0.000, conf_loss:3.080, cls_loss:0.726, lr:1.10e-04, ETA:2:43:42[0m
[32m2026-08-31 21:25:09[0m | [1mINFO    [0m | [36myolox.core.trainer[0m:[36m199[0m - [1mep:11/50, it:500/577, total_loss:3.897, iou_loss:2.153, l1_loss:0.000, conf_loss:1.179, cls_loss:0.565, lr:1.10e-04, ETA:2:43:26[0m
[32m2026-08-31 21:25:17[0m | [1mINFO    [0m | [36myolox.core.trainer[0m:[36m199[0m - [1mep:11/50, it:520/577, total_loss:7.457, iou_loss:3.075, l1_loss:0.000, conf_loss:3.682, cls_loss:0.701, lr:1.10e-04, ETA:2:43:13[0m
[32m2026-08-31 21:25:26[0m | [1mINFO    [0m | [36myolox.core.trainer[0m:[36m199[0m - [1mep:11/50, it:540/577, total_loss:5.752, iou_loss:2.558, l1_loss:0.000, conf_loss:2.467, cls_loss:0.727, lr:1.10e-04, ETA:2:43:08[0m
[32m2026-08-31 21:25:35[0m | [1mINFO    [0m | [36myolox.core.trainer[0m:[36m199[0m - [1mep:11/50, it:560/577, total_loss:5.304, iou_loss:2.712, l1_loss:0.000, conf_loss:1.973, cls_loss:0.618, lr:1.09e-04, ETA:2:42:58[0m
[32m2026-08-31 21:25:42[0m | [1mINFO    [0m | [36myolox.core.trainer[0m:[36m259[0m - [1mSave weights to D:\Codes\HDR\Sana\hdr4rtt_rod\cfg_hdr4rtt_rod_dedup[0m
[32m2026-08-31 21:25:42[0m | [1mINFO    [0m | [36myolox.core.trainer[0m:[36m152[0m - [1m---> start train epoch12[0m
[32m2026-08-31 21:25:51[0m | [1mINFO    [0m | [36myolox.core.trainer[0m:[36m199[0m - [1mep:12/50, it:20/577, total_loss:5.351, iou_loss:2.562, l1_loss:0.000, conf_loss:2.194, cls_loss:0.595, lr:1.09e-04, ETA:2:42:41[0m
[32m2026-08-31 21:25:59[0m | [1mINFO    [0m | [36myolox.core.trainer[0m:[36m199[0m - [1mep:12/50, it:40/577, total_loss:6.646, iou_loss:2.869, l1_loss:0.000, conf_loss:3.049, cls_loss:0.728, lr:1.09e-04, ETA:2:42:30[0m
[32m2026-08-31 21:26:08[0m | [1mINFO    [0m | [36myolox.core.trainer[0m:[36m199[0m - [1mep:12/50, it:60/577, total_loss:6.564, iou_loss:2.581, l1_loss:0.000, conf_loss:3.338, cls_loss:0.645, lr:1.09e-04, ETA:2:42:22[0m
[32m2026-08-31 21:26:15[0m | [1mINFO    [0m | [36myolox.core.trainer[0m:[36m199[0m - [1mep:12/50, it:80/577, total_loss:6.073, iou_loss:2.861, l1_loss:0.000, conf_loss:2.516, cls_loss:0.696, lr:1.09e-04, ETA:2:42:09[0m
[32m2026-08-31 21:26:23[0m | [1mINFO    [0m | [36myolox.core.trainer[0m:[36m199[0m - [1mep:12/50, it:100/577, total_loss:5.994, iou_loss:2.642, l1_loss:0.000, conf_loss:2.704, cls_loss:0.649, lr:1.09e-04, ETA:2:41:58[0m
[32m2026-08-31 21:26:32[0m | [1mINFO    [0m | [36myolox.core.trainer[0m:[36m199[0m - [1mep:12/50, it:120/577, total_loss:6.153, iou_loss:2.906, l1_loss:0.000, conf_loss:2.543, cls_loss:0.704, lr:1.09e-04, ETA:2:41:49[0m
[32m2026-08-31 21:26:39[0m | [1mINFO    [0m | [36myolox.core.trainer[0m:[36m199[0m - [1mep:12/50, it:140/577, total_loss:5.100, iou_loss:2.368, l1_loss:0.000, conf_loss:2.125, cls_loss:0.606, lr:1.08e-04, ETA:2:41:36[0m
[32m2026-08-31 21:26:48[0m | [1mINFO    [0m | [36myolox.core.trainer[0m:[36m199[0m - [1mep:12/50, it:160/577, total_loss:5.087, iou_loss:2.290, l1_loss:0.000, conf_loss:2.072, cls_loss:0.725, lr:1.08e-04, ETA:2:41:28[0m
[32m2026-08-31 21:26:57[0m | [1mINFO    [0m | [36myolox.core.trainer[0m:[36m199[0m - [1mep:12/50, it:180/577, total_loss:4.599, iou_loss:2.016, l1_loss:0.000, conf_loss:1.979, cls_loss:0.604, lr:1.08e-04, ETA:2:41:19[0m
[32m2026-08-31 21:27:05[0m | [1mINFO    [0m | [36myolox.core.trainer[0m:[36m199[0m - [1mep:12/50, it:200/577, total_loss:5.732, iou_loss:2.671, l1_loss:0.000, conf_loss:2.360, cls_loss:0.700, lr:1.08e-04, ETA:2:41:10[0m
[32m2026-08-31 21:27:14[0m | [1mINFO    [0m | [36myolox.core.trainer[0m:[36m199[0m - [1mep:12/50, it:220/577, total_loss:5.079, iou_loss:2.305, l1_loss:0.000, conf_loss:2.178, cls_loss:0.596, lr:1.08e-04, ETA:2:41:01[0m
[32m2026-08-31 21:27:23[0m | [1mINFO    [0m | [36myolox.core.trainer[0m:[36m199[0m - [1mep:12/50, it:240/577, total_loss:4.966, iou_loss:2.403, l1_loss:0.000, conf_loss:1.976, cls_loss:0.587, lr:1.08e-04, ETA:2:40:55[0m
[32m2026-08-31 21:27:34[0m | [1mINFO    [0m | [36myolox.core.trainer[0m:[36m199[0m - [1mep:12/50, it:260/577, total_loss:8.237, iou_loss:3.345, l1_loss:0.000, conf_loss:4.098, cls_loss:0.794, lr:1.08e-04, ETA:2:40:54[0m
[32m2026-08-31 21:27:42[0m | [1mINFO    [0m | [36myolox.core.trainer[0m:[36m199[0m - [1mep:12/50, it:280/577, total_loss:4.895, iou_loss:2.535, l1_loss:0.000, conf_loss:1.727, cls_loss:0.633, lr:1.08e-04, ETA:2:40:43[0m
[32m2026-08-31 21:27:50[0m | [1mINFO    [0m | [36myolox.core.trainer[0m:[36m199[0m - [1mep:12/50, it:300/577, total_loss:6.040, iou_loss:2.976, l1_loss:0.000, conf_loss:2.367, cls_loss:0.697, lr:1.08e-04, ETA:2:40:30[0m
[32m2026-08-31 21:27:59[0m | [1mINFO    [0m | [36myolox.core.trainer[0m:[36m199[0m - [1mep:12/50, it:320/577, total_loss:5.612, iou_loss:2.625, l1_loss:0.000, conf_loss:2.303, cls_loss:0.684, lr:1.07e-04, ETA:2:40:24[0m
[32m2026-08-31 21:28:15[0m | [1mINFO    [0m | [36myolox.core.trainer[0m:[36m199[0m - [1mep:12/50, it:340/577, total_loss:4.741, iou_loss:1.846, l1_loss:0.000, conf_loss:2.366, cls_loss:0.529, lr:1.07e-04, ETA:2:40:40[0m
[32m2026-08-31 21:28:22[0m | [1mINFO    [0m | [36myolox.core.trainer[0m:[36m199[0m - [1mep:12/50, it:360/577, total_loss:4.099, iou_loss:2.130, l1_loss:0.000, conf_loss:1.361, cls_loss:0.608, lr:1.07e-04, ETA:2:40:25[0m
[32m2026-08-31 21:28:29[0m | [1mINFO    [0m | [36myolox.core.trainer[0m:[36m199[0m - [1mep:12/50, it:380/577, total_loss:4.101, iou_loss:1.991, l1_loss:0.000, conf_loss:1.574, cls_loss:0.537, lr:1.07e-04, ETA:2:40:11[0m
[32m2026-08-31 21:28:38[0m | [1mINFO    [0m | [36myolox.core.trainer[0m:[36m199[0m - [1mep:12/50, it:400/577, total_loss:5.256, iou_loss:2.741, l1_loss:0.000, conf_loss:1.876, cls_loss:0.639, lr:1.07e-04, ETA:2:40:03[0m
[32m2026-08-31 21:28:48[0m | [1mINFO    [0m | [36myolox.core.trainer[0m:[36m199[0m - [1mep:12/50, it:420/577, total_loss:5.485, iou_loss:2.331, l1_loss:0.000, conf_loss:2.518, cls_loss:0.637, lr:1.07e-04, ETA:2:40:00[0m
[32m2026-08-31 21:28:56[0m | [1mINFO    [0m | [36myolox.core.trainer[0m:[36m199[0m - [1mep:12/50, it:440/577, total_loss:7.245, iou_loss:2.917, l1_loss:0.000, conf_loss:3.628, cls_loss:0.701, lr:1.07e-04, ETA:2:39:50[0m
[32m2026-08-31 21:29:07[0m | [1mINFO    [0m | [36myolox.core.trainer[0m:[36m199[0m - [1mep:12/50, it:460/577, total_loss:5.991, iou_loss:2.844, l1_loss:0.000, conf_loss:2.380, cls_loss:0.767, lr:1.07e-04, ETA:2:39:47[0m
[32m2026-08-31 21:29:17[0m | [1mINFO    [0m | [36myolox.core.trainer[0m:[36m199[0m - [1mep:12/50, it:480/577, total_loss:6.537, iou_loss:2.904, l1_loss:0.000, conf_loss:2.928, cls_loss:0.705, lr:1.06e-04, ETA:2:39:43[0m
[32m2026-08-31 21:29:27[0m | [1mINFO    [0m | [36myolox.core.trainer[0m:[36m199[0m - [1mep:12/50, it:500/577, total_loss:5.687, iou_loss:2.597, l1_loss:0.000, conf_loss:2.428, cls_loss:0.662, lr:1.06e-04, ETA:2:39:37[0m
[32m2026-08-31 21:29:35[0m | [1mINFO    [0m | [36myolox.core.trainer[0m:[36m199[0m - [1mep:12/50, it:520/577, total_loss:5.938, iou_loss:2.854, l1_loss:0.000, conf_loss:2.291, cls_loss:0.793, lr:1.06e-04, ETA:2:39:26[0m
[32m2026-08-31 21:29:44[0m | [1mINFO    [0m | [36myolox.core.trainer[0m:[36m199[0m - [1mep:12/50, it:540/577, total_loss:5.806, iou_loss:2.639, l1_loss:0.000, conf_loss:2.321, cls_loss:0.847, lr:1.06e-04, ETA:2:39:18[0m
[32m2026-08-31 21:29:53[0m | [1mINFO    [0m | [36myolox.core.trainer[0m:[36m199[0m - [1mep:12/50, it:560/577, total_loss:6.069, iou_loss:2.559, l1_loss:0.000, conf_loss:2.889, cls_loss:0.620, lr:1.06e-04, ETA:2:39:11[0m
[32m2026-08-31 21:30:00[0m | [1mINFO    [0m | [36myolox.core.trainer[0m:[36m259[0m - [1mSave weights to D:\Codes\HDR\Sana\hdr4rtt_rod\cfg_hdr4rtt_rod_dedup[0m
[32m2026-08-31 21:30:00[0m | [1mINFO    [0m | [36myolox.core.trainer[0m:[36m152[0m - [1m---> start train epoch13[0m
[32m2026-08-31 21:30:09[0m | [1mINFO    [0m | [36myolox.core.trainer[0m:[36m199[0m - [1mep:13/50, it:20/577, total_loss:6.260, iou_loss:2.792, l1_loss:0.000, conf_loss:2.820, cls_loss:0.648, lr:1.06e-04, ETA:2:38:55[0m
[32m2026-08-31 21:30:16[0m | [1mINFO    [0m | [36myolox.core.trainer[0m:[36m199[0m - [1mep:13/50, it:40/577, total_loss:4.008, iou_loss:2.199, l1_loss:0.000, conf_loss:1.245, cls_loss:0.564, lr:1.06e-04, ETA:2:38:40[0m
[32m2026-08-31 21:30:23[0m | [1mINFO    [0m | [36myolox.core.trainer[0m:[36m199[0m - [1mep:13/50, it:60/577, total_loss:5.992, iou_loss:2.666, l1_loss:0.000, conf_loss:2.678, cls_loss:0.648, lr:1.05e-04, ETA:2:38:25[0m
[32m2026-08-31 21:30:32[0m | [1mINFO    [0m | [36myolox.core.trainer[0m:[36m199[0m - [1mep:13/50, it:80/577, total_loss:5.460, iou_loss:2.561, l1_loss:0.000, conf_loss:2.238, cls_loss:0.661, lr:1.05e-04, ETA:2:38:18[0m
[32m2026-08-31 21:30:41[0m | [1mINFO    [0m | [36myolox.core.trainer[0m:[36m199[0m - [1mep:13/50, it:100/577, total_loss:5.299, iou_loss:2.537, l1_loss:0.000, conf_loss:2.106, cls_loss:0.656, lr:1.05e-04, ETA:2:38:10[0m
[32m2026-08-31 21:30:49[0m | [1mINFO    [0m | [36myolox.core.trainer[0m:[36m199[0m - [1mep:13/50, it:120/577, total_loss:4.784, iou_loss:2.480, l1_loss:0.000, conf_loss:1.700, cls_loss:0.604, lr:1.05e-04, ETA:2:38:01[0m
[32m2026-08-31 21:30:57[0m | [1mINFO    [0m | [36myolox.core.trainer[0m:[36m199[0m - [1mep:13/50, it:140/577, total_loss:6.094, iou_loss:3.279, l1_loss:0.000, conf_loss:2.143, cls_loss:0.672, lr:1.05e-04, ETA:2:37:49[0m
[32m2026-08-31 21:31:06[0m | [1mINFO    [0m | [36myolox.core.trainer[0m:[36m199[0m - [1mep:13/50, it:160/577, total_loss:5.532, iou_loss:2.418, l1_loss:0.000, conf_loss:2.508, cls_loss:0.607, lr:1.05e-04, ETA:2:37:40[0m
[32m2026-08-31 21:31:16[0m | [1mINFO    [0m | [36myolox.core.trainer[0m:[36m199[0m - [1mep:13/50, it:180/577, total_loss:6.382, iou_loss:3.187, l1_loss:0.000, conf_loss:2.510, cls_loss:0.685, lr:1.05e-04, ETA:2:37:37[0m
[32m2026-08-31 21:31:25[0m | [1mINFO    [0m | [36myolox.core.trainer[0m:[36m199[0m - [1mep:13/50, it:200/577, total_loss:5.053, iou_loss:2.606, l1_loss:0.000, conf_loss:1.829, cls_loss:0.618, lr:1.05e-04, ETA:2:37:28[0m
[32m2026-08-31 21:31:32[0m | [1mINFO    [0m | [36myolox.core.trainer[0m:[36m199[0m - [1mep:13/50, it:220/577, total_loss:6.617, iou_loss:2.983, l1_loss:0.000, conf_loss:2.941, cls_loss:0.692, lr:1.04e-04, ETA:2:37:15[0m
[32m2026-08-31 21:31:40[0m | [1mINFO    [0m | [36myolox.core.trainer[0m:[36m199[0m - [1mep:13/50, it:240/577, total_loss:4.090, iou_loss:2.352, l1_loss:0.000, conf_loss:1.146, cls_loss:0.591, lr:1.04e-04, ETA:2:37:04[0m
[32m2026-08-31 21:31:49[0m | [1mINFO    [0m | [36myolox.core.trainer[0m:[36m199[0m - [1mep:13/50, it:260/577, total_loss:5.203, iou_loss:2.562, l1_loss:0.000, conf_loss:1.948, cls_loss:0.692, lr:1.04e-04, ETA:2:36:57[0m
[32m2026-08-31 21:31:57[0m | [1mINFO    [0m | [36myolox.core.trainer[0m:[36m199[0m - [1mep:13/50, it:280/577, total_loss:4.207, iou_loss:2.361, l1_loss:0.000, conf_loss:1.264, cls_loss:0.582, lr:1.04e-04, ETA:2:36:47[0m
[32m2026-08-31 21:32:08[0m | [1mINFO    [0m | [36myolox.core.trainer[0m:[36m199[0m - [1mep:13/50, it:300/577, total_loss:7.312, iou_loss:2.988, l1_loss:0.000, conf_loss:3.640, cls_loss:0.684, lr:1.04e-04, ETA:2:36:43[0m
[32m2026-08-31 21:32:17[0m | [1mINFO    [0m | [36myolox.core.trainer[0m:[36m199[0m - [1mep:13/50, it:320/577, total_loss:5.167, iou_loss:2.755, l1_loss:0.000, conf_loss:1.777, cls_loss:0.635, lr:1.04e-04, ETA:2:36:37[0m
[32m2026-08-31 21:32:26[0m | [1mINFO    [0m | [36myolox.core.trainer[0m:[36m199[0m - [1mep:13/50, it:340/577, total_loss:5.783, iou_loss:2.329, l1_loss:0.000, conf_loss:2.583, cls_loss:0.871, lr:1.04e-04, ETA:2:36:29[0m
[32m2026-08-31 21:32:34[0m | [1mINFO    [0m | [36myolox.core.trainer[0m:[36m199[0m - [1mep:13/50, it:360/577, total_loss:5.871, iou_loss:2.853, l1_loss:0.000, conf_loss:2.371, cls_loss:0.647, lr:1.04e-04, ETA:2:36:16[0m
[32m2026-08-31 21:32:42[0m | [1mINFO    [0m | [36myolox.core.trainer[0m:[36m199[0m - [1mep:13/50, it:380/577, total_loss:6.516, iou_loss:2.536, l1_loss:0.000, conf_loss:3.011, cls_loss:0.969, lr:1.03e-04, ETA:2:36:07[0m
[32m2026-08-31 21:32:52[0m | [1mINFO    [0m | [36myolox.core.trainer[0m:[36m199[0m - [1mep:13/50, it:400/577, total_loss:4.942, iou_loss:2.511, l1_loss:0.000, conf_loss:1.796, cls_loss:0.635, lr:1.03e-04, ETA:2:36:02[0m
[32m2026-08-31 21:33:02[0m | [1mINFO    [0m | [36myolox.core.trainer[0m:[36m199[0m - [1mep:13/50, it:420/577, total_loss:5.352, iou_loss:2.454, l1_loss:0.000, conf_loss:2.250, cls_loss:0.648, lr:1.03e-04, ETA:2:35:56[0m
[32m2026-08-31 21:33:11[0m | [1mINFO    [0m | [36myolox.core.trainer[0m:[36m199[0m - [1mep:13/50, it:440/577, total_loss:3.753, iou_loss:1.837, l1_loss:0.000, conf_loss:1.413, cls_loss:0.503, lr:1.03e-04, ETA:2:35:47[0m
[32m2026-08-31 21:33:18[0m | [1mINFO    [0m | [36myolox.core.trainer[0m:[36m199[0m - [1mep:13/50, it:460/577, total_loss:6.632, iou_loss:2.998, l1_loss:0.000, conf_loss:2.943, cls_loss:0.691, lr:1.03e-04, ETA:2:35:35[0m
[32m2026-08-31 21:33:27[0m | [1mINFO    [0m | [36myolox.core.trainer[0m:[36m199[0m - [1mep:13/50, it:480/577, total_loss:5.758, iou_loss:2.585, l1_loss:0.000, conf_loss:2.535, cls_loss:0.638, lr:1.03e-04, ETA:2:35:27[0m
[32m2026-08-31 21:33:35[0m | [1mINFO    [0m | [36myolox.core.trainer[0m:[36m199[0m - [1mep:13/50, it:500/577, total_loss:4.062, iou_loss:2.314, l1_loss:0.000, conf_loss:1.162, cls_loss:0.586, lr:1.03e-04, ETA:2:35:17[0m
[32m2026-08-31 21:33:43[0m | [1mINFO    [0m | [36myolox.core.trainer[0m:[36m199[0m - [1mep:13/50, it:520/577, total_loss:6.810, iou_loss:2.906, l1_loss:0.000, conf_loss:3.202, cls_loss:0.702, lr:1.02e-04, ETA:2:35:06[0m
[32m2026-08-31 21:33:52[0m | [1mINFO    [0m | [36myolox.core.trainer[0m:[36m199[0m - [1mep:13/50, it:540/577, total_loss:6.250, iou_loss:2.887, l1_loss:0.000, conf_loss:2.696, cls_loss:0.667, lr:1.02e-04, ETA:2:34:57[0m
[32m2026-08-31 21:34:01[0m | [1mINFO    [0m | [36myolox.core.trainer[0m:[36m199[0m - [1mep:13/50, it:560/577, total_loss:5.710, iou_loss:2.419, l1_loss:0.000, conf_loss:2.647, cls_loss:0.644, lr:1.02e-04, ETA:2:34:49[0m
[32m2026-08-31 21:34:07[0m | [1mINFO    [0m | [36myolox.core.trainer[0m:[36m259[0m - [1mSave weights to D:\Codes\HDR\Sana\hdr4rtt_rod\cfg_hdr4rtt_rod_dedup[0m
[32m2026-08-31 21:34:07[0m | [1mINFO    [0m | [36myolox.core.trainer[0m:[36m152[0m - [1m---> start train epoch14[0m
[32m2026-08-31 21:34:15[0m | [1mINFO    [0m | [36myolox.core.trainer[0m:[36m199[0m - [1mep:14/50, it:20/577, total_loss:6.931, iou_loss:3.207, l1_loss:0.000, conf_loss:3.005, cls_loss:0.719, lr:1.02e-04, ETA:2:34:28[0m
[32m2026-08-31 21:34:22[0m | [1mINFO    [0m | [36myolox.core.trainer[0m:[36m199[0m - [1mep:14/50, it:40/577, total_loss:5.732, iou_loss:2.537, l1_loss:0.000, conf_loss:2.539, cls_loss:0.657, lr:1.02e-04, ETA:2:34:14[0m
[32m2026-08-31 21:34:30[0m | [1mINFO    [0m | [36myolox.core.trainer[0m:[36m199[0m - [1mep:14/50, it:60/577, total_loss:4.626, iou_loss:2.262, l1_loss:0.000, conf_loss:1.764, cls_loss:0.600, lr:1.02e-04, ETA:2:34:02[0m
[32m2026-08-31 21:34:36[0m | [1mINFO    [0m | [36myolox.core.trainer[0m:[36m199[0m - [1mep:14/50, it:80/577, total_loss:4.575, iou_loss:2.470, l1_loss:0.000, conf_loss:1.490, cls_loss:0.616, lr:1.02e-04, ETA:2:33:48[0m
[32m2026-08-31 21:34:45[0m | [1mINFO    [0m | [36myolox.core.trainer[0m:[36m199[0m - [1mep:14/50, it:100/577, total_loss:5.409, iou_loss:2.625, l1_loss:0.000, conf_loss:2.135, cls_loss:0.649, lr:1.01e-04, ETA:2:33:39[0m
[32m2026-08-31 21:34:52[0m | [1mINFO    [0m | [36myolox.core.trainer[0m:[36m199[0m - [1mep:14/50, it:120/577, total_loss:4.889, iou_loss:2.533, l1_loss:0.000, conf_loss:1.756, cls_loss:0.601, lr:1.01e-04, ETA:2:33:27[0m
[32m2026-08-31 21:35:00[0m | [1mINFO    [0m | [36myolox.core.trainer[0m:[36m199[0m - [1mep:14/50, it:140/577, total_loss:3.482, iou_loss:1.629, l1_loss:0.000, conf_loss:1.341, cls_loss:0.512, lr:1.01e-04, ETA:2:33:14[0m
[32m2026-08-31 21:35:06[0m | [1mINFO    [0m | [36myolox.core.trainer[0m:[36m199[0m - [1mep:14/50, it:160/577, total_loss:5.998, iou_loss:2.702, l1_loss:0.000, conf_loss:2.609, cls_loss:0.687, lr:1.01e-04, ETA:2:33:00[0m
[32m2026-08-31 21:35:15[0m | [1mINFO    [0m | [36myolox.core.trainer[0m:[36m199[0m - [1mep:14/50, it:180/577, total_loss:7.076, iou_loss:2.911, l1_loss:0.000, conf_loss:3.420, cls_loss:0.745, lr:1.01e-04, ETA:2:32:52[0m
[32m2026-08-31 21:35:24[0m | [1mINFO    [0m | [36myolox.core.trainer[0m:[36m199[0m - [1mep:14/50, it:200/577, total_loss:4.964, iou_loss:1.908, l1_loss:0.000, conf_loss:2.514, cls_loss:0.542, lr:1.01e-04, ETA:2:32:45[0m
[32m2026-08-31 21:35:33[0m | [1mINFO    [0m | [36myolox.core.trainer[0m:[36m199[0m - [1mep:14/50, it:220/577, total_loss:4.255, iou_loss:2.171, l1_loss:0.000, conf_loss:1.515, cls_loss:0.569, lr:1.01e-04, ETA:2:32:37[0m
[32m2026-08-31 21:35:42[0m | [1mINFO    [0m | [36myolox.core.trainer[0m:[36m199[0m - [1mep:14/50, it:240/577, total_loss:5.284, iou_loss:2.788, l1_loss:0.000, conf_loss:1.849, cls_loss:0.647, lr:1.00e-04, ETA:2:32:29[0m
[32m2026-08-31 21:35:50[0m | [1mINFO    [0m | [36myolox.core.trainer[0m:[36m199[0m - [1mep:14/50, it:260/577, total_loss:5.057, iou_loss:2.393, l1_loss:0.000, conf_loss:2.068, cls_loss:0.595, lr:1.00e-04, ETA:2:32:17[0m
[32m2026-08-31 21:35:57[0m | [1mINFO    [0m | [36myolox.core.trainer[0m:[36m199[0m - [1mep:14/50, it:280/577, total_loss:6.947, iou_loss:3.144, l1_loss:0.000, conf_loss:3.109, cls_loss:0.694, lr:1.00e-04, ETA:2:32:05[0m
[32m2026-08-31 21:36:07[0m | [1mINFO    [0m | [36myolox.core.trainer[0m:[36m199[0m - [1mep:14/50, it:300/577, total_loss:6.425, iou_loss:3.117, l1_loss:0.000, conf_loss:2.599, cls_loss:0.709, lr:1.00e-04, ETA:2:31:59[0m
[32m2026-08-31 21:36:14[0m | [1mINFO    [0m | [36myolox.core.trainer[0m:[36m199[0m - [1mep:14/50, it:320/577, total_loss:5.943, iou_loss:2.827, l1_loss:0.000, conf_loss:2.457, cls_loss:0.660, lr:9.99e-05, ETA:2:31:47[0m
[32m2026-08-31 21:36:23[0m | [1mINFO    [0m | [36myolox.core.trainer[0m:[36m199[0m - [1mep:14/50, it:340/577, total_loss:4.803, iou_loss:2.183, l1_loss:0.000, conf_loss:1.933, cls_loss:0.687, lr:9.98e-05, ETA:2:31:38[0m
[32m2026-08-31 21:36:32[0m | [1mINFO    [0m | [36myolox.core.trainer[0m:[36m199[0m - [1mep:14/50, it:360/577, total_loss:8.995, iou_loss:2.971, l1_loss:0.000, conf_loss:5.230, cls_loss:0.794, lr:9.96e-05, ETA:2:31:31[0m
[32m2026-08-31 21:36:41[0m | [1mINFO    [0m | [36myolox.core.trainer[0m:[36m199[0m - [1mep:14/50, it:380/577, total_loss:4.248, iou_loss:1.835, l1_loss:0.000, conf_loss:1.540, cls_loss:0.873, lr:9.95e-05, ETA:2:31:24[0m
[32m2026-08-31 21:36:49[0m | [1mINFO    [0m | [36myolox.core.trainer[0m:[36m199[0m - [1mep:14/50, it:400/577, total_loss:5.513, iou_loss:2.722, l1_loss:0.000, conf_loss:2.147, cls_loss:0.644, lr:9.94e-05, ETA:2:31:13[0m
[32m2026-08-31 21:36:59[0m | [1mINFO    [0m | [36myolox.core.trainer[0m:[36m199[0m - [1mep:14/50, it:420/577, total_loss:5.890, iou_loss:2.566, l1_loss:0.000, conf_loss:2.689, cls_loss:0.635, lr:9.92e-05, ETA:2:31:06[0m
[32m2026-08-31 21:37:09[0m | [1mINFO    [0m | [36myolox.core.trainer[0m:[36m199[0m - [1mep:14/50, it:440/577, total_loss:5.804, iou_loss:2.866, l1_loss:0.000, conf_loss:2.239, cls_loss:0.700, lr:9.91e-05, ETA:2:31:02[0m
[32m2026-08-31 21:37:17[0m | [1mINFO    [0m | [36myolox.core.trainer[0m:[36m199[0m - [1mep:14/50, it:460/577, total_loss:5.848, iou_loss:2.747, l1_loss:0.000, conf_loss:2.420, cls_loss:0.681, lr:9.89e-05, ETA:2:30:53[0m
[32m2026-08-31 21:37:26[0m | [1mINFO    [0m | [36myolox.core.trainer[0m:[36m199[0m - [1mep:14/50, it:480/577, total_loss:5.136, iou_loss:2.619, l1_loss:0.000, conf_loss:1.856, cls_loss:0.661, lr:9.88e-05, ETA:2:30:43[0m
[32m2026-08-31 21:37:36[0m | [1mINFO    [0m | [36myolox.core.trainer[0m:[36m199[0m - [1mep:14/50, it:500/577, total_loss:5.472, iou_loss:2.551, l1_loss:0.000, conf_loss:2.217, cls_loss:0.704, lr:9.86e-05, ETA:2:30:40[0m
[32m2026-08-31 21:37:51[0m | [1mINFO    [0m | [36myolox.core.trainer[0m:[36m199[0m - [1mep:14/50, it:520/577, total_loss:4.856, iou_loss:2.227, l1_loss:0.000, conf_loss:2.041, cls_loss:0.588, lr:9.85e-05, ETA:2:30:47[0m
[32m2026-08-31 21:37:59[0m | [1mINFO    [0m | [36myolox.core.trainer[0m:[36m199[0m - [1mep:14/50, it:540/577, total_loss:4.918, iou_loss:2.404, l1_loss:0.000, conf_loss:1.916, cls_loss:0.598, lr:9.84e-05, ETA:2:30:35[0m
[32m2026-08-31 21:38:06[0m | [1mINFO    [0m | [36myolox.core.trainer[0m:[36m199[0m - [1mep:14/50, it:560/577, total_loss:3.612, iou_loss:1.857, l1_loss:0.000, conf_loss:1.086, cls_loss:0.669, lr:9.82e-05, ETA:2:30:22[0m
[32m2026-08-31 21:38:11[0m | [1mINFO    [0m | [36myolox.core.trainer[0m:[36m259[0m - [1mSave weights to D:\Codes\HDR\Sana\hdr4rtt_rod\cfg_hdr4rtt_rod_dedup[0m
[32m2026-08-31 21:38:11[0m | [1mINFO    [0m | [36myolox.core.trainer[0m:[36m152[0m - [1m---> start train epoch15[0m
[32m2026-08-31 21:38:19[0m | [1mINFO    [0m | [36myolox.core.trainer[0m:[36m199[0m - [1mep:15/50, it:20/577, total_loss:6.264, iou_loss:2.503, l1_loss:0.000, conf_loss:3.113, cls_loss:0.647, lr:9.80e-05, ETA:2:30:00[0m
[32m2026-08-31 21:38:29[0m | [1mINFO    [0m | [36myolox.core.trainer[0m:[36m199[0m - [1mep:15/50, it:40/577, total_loss:4.735, iou_loss:2.302, l1_loss:0.000, conf_loss:1.823, cls_loss:0.609, lr:9.78e-05, ETA:2:29:53[0m
[32m2026-08-31 21:38:38[0m | [1mINFO    [0m | [36myolox.core.trainer[0m:[36m199[0m - [1mep:15/50, it:60/577, total_loss:5.507, iou_loss:2.508, l1_loss:0.000, conf_loss:2.386, cls_loss:0.613, lr:9.77e-05, ETA:2:29:47[0m
[32m2026-08-31 21:38:49[0m | [1mINFO    [0m | [36myolox.core.trainer[0m:[36m199[0m - [1mep:15/50, it:80/577, total_loss:5.371, iou_loss:2.709, l1_loss:0.000, conf_loss:2.032, cls_loss:0.630, lr:9.75e-05, ETA:2:29:42[0m
[32m2026-08-31 21:39:00[0m | [1mINFO    [0m | [36myolox.core.trainer[0m:[36m199[0m - [1mep:15/50, it:100/577, total_loss:6.488, iou_loss:2.983, l1_loss:0.000, conf_loss:2.703, cls_loss:0.802, lr:9.74e-05, ETA:2:29:39[0m
[32m2026-08-31 21:39:09[0m | [1mINFO    [0m | [36myolox.core.trainer[0m:[36m199[0m - [1mep:15/50, it:120/577, total_loss:4.881, iou_loss:2.603, l1_loss:0.000, conf_loss:1.648, cls_loss:0.629, lr:9.72e-05, ETA:2:29:31[0m
[32m2026-08-31 21:39:17[0m | [1mINFO    [0m | [36myolox.core.trainer[0m:[36m199[0m - [1mep:15/50, it:140/577, total_loss:6.366, iou_loss:2.761, l1_loss:0.000, conf_loss:2.948, cls_loss:0.657, lr:9.71e-05, ETA:2:29:23[0m
[32m2026-08-31 21:39:25[0m | [1mINFO    [0m | [36myolox.core.trainer[0m:[36m199[0m - [1mep:15/50, it:160/577, total_loss:3.650, iou_loss:2.026, l1_loss:0.000, conf_loss:1.084, cls_loss:0.539, lr:9.70e-05, ETA:2:29:12[0m
[32m2026-08-31 21:39:32[0m | [1mINFO    [0m | [36myolox.core.trainer[0m:[36m199[0m - [1mep:15/50, it:180/577, total_loss:3.424, iou_loss:1.757, l1_loss:0.000, conf_loss:1.118, cls_loss:0.549, lr:9.68e-05, ETA:2:28:57[0m
[32m2026-08-31 21:39:40[0m | [1mINFO    [0m | [36myolox.core.trainer[0m:[36m199[0m - [1mep:15/50, it:200/577, total_loss:3.943, iou_loss:1.782, l1_loss:0.000, conf_loss:1.649, cls_loss:0.513, lr:9.67e-05, ETA:2:28:47[0m
[32m2026-08-31 21:39:49[0m | [1mINFO    [0m | [36myolox.core.trainer[0m:[36m199[0m - [1mep:15/50, it:220/577, total_loss:6.164, iou_loss:2.897, l1_loss:0.000, conf_loss:2.559, cls_loss:0.708, lr:9.65e-05, ETA:2:28:39[0m
[32m2026-08-31 21:39:56[0m | [1mINFO    [0m | [36myolox.core.trainer[0m:[36m199[0m - [1mep:15/50, it:240/577, total_loss:5.695, iou_loss:2.688, l1_loss:0.000, conf_loss:2.368, cls_loss:0.639, lr:9.64e-05, ETA:2:28:26[0m
[32m2026-08-31 21:40:03[0m | [1mINFO    [0m | [36myolox.core.trainer[0m:[36m199[0m - [1mep:15/50, it:260/577, total_loss:5.493, iou_loss:2.577, l1_loss:0.000, conf_loss:2.286, cls_loss:0.630, lr:9.62e-05, ETA:2:28:14[0m
[32m2026-08-31 21:40:10[0m | [1mINFO    [0m | [36myolox.core.trainer[0m:[36m199[0m - [1mep:15/50, it:280/577, total_loss:5.094, iou_loss:2.555, l1_loss:0.000, conf_loss:1.810, cls_loss:0.729, lr:9.61e-05, ETA:2:28:03[0m
[32m2026-08-31 21:40:20[0m | [1mINFO    [0m | [36myolox.core.trainer[0m:[36m199[0m - [1mep:15/50, it:300/577, total_loss:5.667, iou_loss:2.547, l1_loss:0.000, conf_loss:2.495, cls_loss:0.625, lr:9.59e-05, ETA:2:27:56[0m
[32m2026-08-31 21:40:29[0m | [1mINFO    [0m | [36myolox.core.trainer[0m:[36m199[0m - [1mep:15/50, it:320/577, total_loss:5.512, iou_loss:2.867, l1_loss:0.000, conf_loss:1.987, cls_loss:0.658, lr:9.58e-05, ETA:2:27:48[0m
[32m2026-08-31 21:40:37[0m | [1mINFO    [0m | [36myolox.core.trainer[0m:[36m199[0m - [1mep:15/50, it:340/577, total_loss:5.197, iou_loss:2.352, l1_loss:0.000, conf_loss:2.246, cls_loss:0.598, lr:9.56e-05, ETA:2:27:39[0m
[32m2026-08-31 21:40:45[0m | [1mINFO    [0m | [36myolox.core.trainer[0m:[36m199[0m - [1mep:15/50, it:360/577, total_loss:6.002, iou_loss:2.794, l1_loss:0.000, conf_loss:2.586, cls_loss:0.622, lr:9.55e-05, ETA:2:27:27[0m
[32m2026-08-31 21:40:54[0m | [1mINFO    [0m | [36myolox.core.trainer[0m:[36m199[0m - [1mep:15/50, it:380/577, total_loss:4.884, iou_loss:2.299, l1_loss:0.000, conf_loss:1.916, cls_loss:0.670, lr:9.53e-05, ETA:2:27:19[0m
[32m2026-08-31 21:41:02[0m | [1mINFO    [0m | [36myolox.core.trainer[0m:[36m199[0m - [1mep:15/50, it:400/577, total_loss:4.941, iou_loss:2.764, l1_loss:0.000, conf_loss:1.540, cls_loss:0.637, lr:9.52e-05, ETA:2:27:09[0m
[32m2026-08-31 21:41:13[0m | [1mINFO    [0m | [36myolox.core.trainer[0m:[36m199[0m - [1mep:15/50, it:420/577, total_loss:5.722, iou_loss:2.506, l1_loss:0.000, conf_loss:2.598, cls_loss:0.618, lr:9.51e-05, ETA:2:27:05[0m
[32m2026-08-31 21:41:21[0m | [1mINFO    [0m | [36myolox.core.trainer[0m:[36m199[0m - [1mep:15/50, it:440/577, total_loss:4.353, iou_loss:2.418, l1_loss:0.000, conf_loss:1.332, cls_loss:0.603, lr:9.49e-05, ETA:2:26:57[0m
[32m2026-08-31 21:41:31[0m | [1mINFO    [0m | [36myolox.core.trainer[0m:[36m199[0m - [1mep:15/50, it:460/577, total_loss:6.320, iou_loss:2.655, l1_loss:0.000, conf_loss:3.011, cls_loss:0.654, lr:9.48e-05, ETA:2:26:51[0m
[32m2026-08-31 21:41:39[0m | [1mINFO    [0m | [36myolox.core.trainer[0m:[36m199[0m - [1mep:15/50, it:480/577, total_loss:5.419, iou_loss:2.887, l1_loss:0.000, conf_loss:1.891, cls_loss:0.641, lr:9.46e-05, ETA:2:26:41[0m
[32m2026-08-31 21:41:49[0m | [1mINFO    [0m | [36myolox.core.trainer[0m:[36m199[0m - [1mep:15/50, it:500/577, total_loss:5.930, iou_loss:2.935, l1_loss:0.000, conf_loss:2.309, cls_loss:0.686, lr:9.45e-05, ETA:2:26:34[0m
[32m2026-08-31 21:41:56[0m | [1mINFO    [0m | [36myolox.core.trainer[0m:[36m199[0m - [1mep:15/50, it:520/577, total_loss:6.119, iou_loss:3.006, l1_loss:0.000, conf_loss:2.428, cls_loss:0.685, lr:9.43e-05, ETA:2:26:22[0m
[32m2026-08-31 21:42:05[0m | [1mINFO    [0m | [36myolox.core.trainer[0m:[36m199[0m - [1mep:15/50, it:540/577, total_loss:6.844, iou_loss:3.397, l1_loss:0.000, conf_loss:2.696, cls_loss:0.750, lr:9.42e-05, ETA:2:26:14[0m
[32m2026-08-31 21:42:13[0m | [1mINFO    [0m | [36myolox.core.trainer[0m:[36m199[0m - [1mep:15/50, it:560/577, total_loss:6.478, iou_loss:2.802, l1_loss:0.000, conf_loss:2.792, cls_loss:0.885, lr:9.40e-05, ETA:2:26:04[0m
[32m2026-08-31 21:42:20[0m | [1mINFO    [0m | [36myolox.core.trainer[0m:[36m259[0m - [1mSave weights to D:\Codes\HDR\Sana\hdr4rtt_rod\cfg_hdr4rtt_rod_dedup[0m
[32m2026-08-31 21:42:20[0m | [1mINFO    [0m | [36myolox.core.trainer[0m:[36m259[0m - [1mSave weights to D:\Codes\HDR\Sana\hdr4rtt_rod\cfg_hdr4rtt_rod_dedup[0m
 24%|##4       | 35/144 [00:13<00:12,  8.51it/s] 25%|##5       | 36/144 [00:13<00:12,  8.73it/s] 26%|##5       | 37/144 [00:13<00:13,  7.85it/s] 26%|##6       | 38/144 [00:13<00:12,  8.16it/s] 28%|##7       | 40/144 [00:14<00:11,  8.74it/s] 28%|##8       | 41/144 [00:14<00:13,  7.46it/s] 30%|##9       | 43/144 [00:14<00:12,  8.31it/s] 31%|###       | 44/144 [00:14<00:11,  8.60it/s] 31%|###1      | 45/144 [00:14<00:15,  6.33it/s] 33%|###2      | 47/144 [00:15<00:12,  7.51it/s] 33%|###3      | 48/144 [00:15<00:12,  7.73it/s] 34%|###4      | 49/144 [00:15<00:11,  7.95it/s] 35%|###4      | 50/144 [00:15<00:11,  8.35it/s] 36%|###6      | 52/144 [00:15<00:10,  9.01it/s] 37%|###6      | 53/144 [00:15<00:10,  8.58it/s] 38%|###7      | 54/144 [00:15<00:10,  8.90it/s] 38%|###8      | 55/144 [00:15<00:09,  9.15it/s] 39%|###8      | 56/144 [00:16<00:09,  9.24it/s] 40%|###9      | 57/144 [00:16<00:11,  7.83it/s] 40%|####      | 58/144 [00:16<00:10,  8.16it/s] 41%|####      | 59/144 [00:16<00:10,  8.48it/s] 42%|####1     | 60/144 [00:16<00:09,  8.86it/s] 42%|####2     | 61/144 [00:16<00:10,  7.77it/s] 43%|####3     | 62/144 [00:16<00:10,  8.00it/s] 44%|####3     | 63/144 [00:16<00:09,  8.50it/s] 45%|####5     | 65/144 [00:17<00:09,  8.00it/s] 46%|####5     | 66/144 [00:17<00:09,  8.32it/s] 47%|####6     | 67/144 [00:17<00:09,  8.42it/s] 47%|####7     | 68/144 [00:17<00:08,  8.55it/s] 48%|####7     | 69/144 [00:17<00:09,  8.23it/s] 49%|####8     | 70/144 [00:17<00:08,  8.59it/s] 49%|####9     | 71/144 [00:17<00:08,  8.87it/s] 51%|#####     | 73/144 [00:18<00:09,  7.82it/s] 51%|#####1    | 74/144 [00:18<00:08,  7.97it/s] 53%|#####2    | 76/144 [00:18<00:09,  7.20it/s] 53%|#####3    | 77/144 [00:18<00:08,  7.48it/s] 54%|#####4    | 78/144 [00:18<00:08,  7.72it/s] 55%|#####4    | 79/144 [00:18<00:08,  7.93it/s] 56%|#####5    | 80/144 [00:19<00:07,  8.08it/s] 57%|#####6    | 82/144 [00:19<00:07,  8.82it/s] 58%|#####7    | 83/144 [00:19<00:06,  8.98it/s] 59%|#####9    | 85/144 [00:19<00:07,  8.16it/s] 60%|######    | 87/144 [00:19<00:06,  8.74it/s] 62%|######1   | 89/144 [00:20<00:06,  8.48it/s] 62%|######2   | 90/144 [00:20<00:06,  8.70it/s] 63%|######3   | 91/144 [00:20<00:06,  8.74it/s] 64%|######3   | 92/144 [00:20<00:05,  8.99it/s] 65%|######4   | 93/144 [00:20<00:06,  7.92it/s] 66%|######5   | 95/144 [00:20<00:05,  8.72it/s] 67%|######6   | 96/144 [00:20<00:05,  8.91it/s] 67%|######7   | 97/144 [00:21<00:06,  7.77it/s] 69%|######8   | 99/144 [00:21<00:05,  8.51it/s] 70%|#######   | 101/144 [00:21<00:05,  8.14it/s] 72%|#######1  | 103/144 [00:21<00:04,  8.93it/s] 72%|#######2  | 104/144 [00:21<00:04,  8.82it/s] 73%|#######2  | 105/144 [00:21<00:04,  8.01it/s] 74%|#######4  | 107/144 [00:22<00:04,  8.69it/s] 75%|#######5  | 108/144 [00:22<00:04,  8.66it/s] 76%|#######5  | 109/144 [00:22<00:04,  7.68it/s] 76%|#######6  | 110/144 [00:22<00:04,  8.07it/s] 78%|#######7  | 112/144 [00:22<00:03,  8.78it/s] 78%|#######8  | 113/144 [00:22<00:04,  7.71it/s] 79%|#######9  | 114/144 [00:23<00:03,  8.09it/s] 80%|#######9  | 115/144 [00:23<00:03,  8.30it/s] 81%|########1 | 117/144 [00:23<00:03,  7.95it/s] 82%|########1 | 118/144 [00:23<00:03,  8.34it/s] 83%|########3 | 120/144 [00:23<00:02,  8.95it/s] 84%|########4 | 121/144 [00:23<00:02,  8.04it/s] 85%|########5 | 123/144 [00:24<00:02,  8.69it/s] 86%|########6 | 124/144 [00:24<00:02,  8.84it/s] 87%|########6 | 125/144 [00:24<00:02,  8.04it/s] 88%|########7 | 126/144 [00:24<00:02,  8.44it/s] 89%|########8 | 128/144 [00:24<00:02,  7.23it/s] 90%|######### | 130/144 [00:24<00:01,  8.07it/s] 91%|######### | 131/144 [00:25<00:01,  8.40it/s] 92%|#########1| 132/144 [00:25<00:01,  8.72it/s] 92%|#########2| 133/144 [00:25<00:01,  8.41it/s] 93%|#########3| 134/144 [00:25<00:01,  8.72it/s] 94%|#########4| 136/144 [00:25<00:00,  9.22it/s] 95%|#########5| 137/144 [00:25<00:00,  7.99it/s] 97%|#########6| 139/144 [00:26<00:00,  8.68it/s] 98%|#########7| 141/144 [00:26<00:00,  8.40it/s] 99%|#########9| 143/144 [00:26<00:00,  8.97it/s]100%|##########| 144/144 [00:27<00:00,  5.32it/s]
  0%|          | 0/144 [00:00<?, ?it/s]  1%|          | 1/144 [00:09<22:15,  9.34s/it]  1%|1         | 2/144 [00:09<09:14,  3.91s/it]  3%|2         | 4/144 [00:09<03:32,  1.52s/it]  4%|4         | 6/144 [00:09<01:56,  1.19it/s]  5%|4         | 7/144 [00:09<01:29,  1.52it/s]  6%|6         | 9/144 [00:10<00:57,  2.36it/s]  8%|7         | 11/144 [00:10<00:40,  3.32it/s]  8%|8         | 12/144 [00:10<00:34,  3.82it/s] 10%|9         | 14/144 [00:10<00:25,  5.04it/s] 10%|#         | 15/144 [00:10<00:22,  5.63it/s] 12%|#1        | 17/144 [00:11<00:21,  5.98it/s] 12%|#2        | 18/144 [00:11<00:19,  6.54it/s] 13%|#3        | 19/144 [00:11<00:17,  7.09it/s] 15%|#4        | 21/144 [00:11<00:17,  6.94it/s] 16%|#5        | 23/144 [00:11<00:15,  7.80it/s] 17%|#6        | 24/144 [00:11<00:14,  8.06it/s] 17%|#7        | 25/144 [00:11<00:15,  7.70it/s] 18%|#8        | 26/144 [00:12<00:14,  8.03it/s] 19%|#8        | 27/144 [00:12<00:13,  8.45it/s] 20%|##        | 29/144 [00:12<00:14,  7.71it/s] 21%|##        | 30/144 [00:12<00:14,  8.12it/s] 22%|##2       | 32/144 [00:12<00:12,  8.64it/s] 23%|##2       | 33/144 [00:12<00:14,  7.88it/s] 24%|##3       | 34/144 [00:13<00:13,  8.30it/s] 25%|##5       | 36/144 [00:13<00:12,  8.66it/s] 26%|##5       | 37/144 [00:13<00:13,  7.99it/s] 27%|##7       | 39/144 [00:13<00:11,  8.81it/s] 28%|##7       | 40/144 [00:13<00:12,  8.52it/s] 28%|##8       | 41/144 [00:13<00:13,  7.70it/s] 30%|##9       | 43/144 [00:14<00:11,  8.50it/s] 31%|###       | 44/144 [00:14<00:11,  8.40it/s] 31%|###1      | 45/144 [00:14<00:13,  7.53it/s] 32%|###1      | 46/144 [00:14<00:12,  7.95it/s] 33%|###2      | 47/144 [00:14<00:13,  7.15it/s] 33%|###3      | 48/144 [00:14<00:13,  7.24it/s] 34%|###4      | 49/144 [00:14<00:12,  7.86it/s] 35%|###5      | 51/144 [00:15<00:10,  8.98it/s] 36%|###6      | 52/144 [00:15<00:10,  9.03it/s] 37%|###6      | 53/144 [00:15<00:11,  8.09it/s] 38%|###7      | 54/144 [00:15<00:10,  8.31it/s] 38%|###8      | 55/144 [00:15<00:10,  8.68it/s] 39%|###8      | 56/144 [00:15<00:09,  9.01it/s] 40%|###9      | 57/144 [00:15<00:11,  7.63it/s] 41%|####      | 59/144 [00:16<00:09,  8.50it/s] 42%|####1     | 60/144 [00:16<00:09,  8.52it/s] 42%|####2     | 61/144 [00:16<00:10,  7.80it/s] 43%|####3     | 62/144 [00:16<00:10,  7.96it/s] 44%|####4     | 64/144 [00:16<00:09,  8.66it/s] 45%|####5     | 65/144 [00:16<00:10,  7.83it/s] 47%|####6     | 67/144 [00:17<00:08,  8.57it/s] 47%|####7     | 68/144 [00:17<00:08,  8.57it/s] 48%|####7     | 69/144 [00:17<00:09,  7.72it/s] 49%|####8     | 70/144 [00:17<00:09,  8.17it/s] 50%|#####     | 72/144 [00:17<00:08,  8.95it/s] 51%|#####     | 73/144 [00:17<00:09,  7.75it/s] 51%|#####1    | 74/144 [00:17<00:08,  7.98it/s] 52%|#####2    | 75/144 [00:18<00:08,  8.37it/s] 53%|#####2    | 76/144 [00:18<00:07,  8.50it/s] 53%|#####3    | 77/144 [00:18<00:08,  7.61it/s] 54%|#####4    | 78/144 [00:18<00:08,  7.71it/s] 55%|#####4    | 79/144 [00:18<00:07,  8.17it/s] 56%|#####5    | 80/144 [00:18<00:07,  8.55it/s] 56%|#####6    | 81/144 [00:18<00:10,  6.02it/s] 58%|#####7    | 83/144 [00:19<00:08,  7.37it/s] 59%|#####9    | 85/144 [00:19<00:07,  7.92it/s] 60%|#####9    | 86/144 [00:19<00:07,  8.21it/s] 60%|######    | 87/144 [00:19<00:06,  8.47it/s] 62%|######1   | 89/144 [00:19<00:06,  8.93it/s] 63%|######3   | 91/144 [00:19<00:05,  9.10it/s] 65%|######4   | 93/144 [00:20<00:06,  8.32it/s] 65%|######5   | 94/144 [00:20<00:05,  8.61it/s] 67%|######6   | 96/144 [00:20<00:05,  9.06it/s] 67%|######7   | 97/144 [00:20<00:05,  8.05it/s] 69%|######8   | 99/144 [00:20<00:05,  8.83it/s] 69%|######9   | 100/144 [00:21<00:04,  8.88it/s] 70%|#######   | 101/144 [00:21<00:05,  7.85it/s] 72%|#######1  | 103/144 [00:21<00:04,  8.57it/s] 72%|#######2  | 104/144 [00:21<00:04,  8.85it/s] 73%|#######2  | 105/144 [00:21<00:04,  8.05it/s] 74%|#######3  | 106/144 [00:21<00:04,  8.44it/s] 74%|#######4  | 107/144 [00:21<00:04,  8.79it/s] 76%|#######5  | 109/144 [00:22<00:04,  7.96it/s][32m2026-08-31 21:42:47[0m | [1mINFO    [0m | [36myolox.evaluators.coco_evaluator[0m:[36m142[0m - [1mEvaluate in main process...[0m
[32m2026-08-31 21:42:48[0m | [1mINFO    [0m | [36myolox.evaluators.coco_evaluator[0m:[36m176[0m - [1mLoading and preparing results...[0m
[32m2026-08-31 21:42:48[0m | [1mINFO    [0m | [36myolox.evaluators.coco_evaluator[0m:[36m176[0m - [1mDONE (t=0.35s)[0m
[32m2026-08-31 21:42:48[0m | [1mINFO    [0m | [36mpycocotools.coco[0m:[36m367[0m - [1mcreating index...[0m
[32m2026-08-31 21:42:48[0m | [1mINFO    [0m | [36mpycocotools.coco[0m:[36m367[0m - [1mindex created![0m
[32m2026-08-31 21:42:48[0m | [33m[1mWARNING [0m | [36myolox.evaluators.coco_evaluator[0m:[36m182[0m - [33m[1mUse standard COCOeval.[0m
[32m2026-08-31 21:42:48[0m | [1mINFO    [0m | [36myolox.evaluators.coco_evaluator[0m:[36m185[0m - [1mRunning per image evaluation...[0m
[32m2026-08-31 21:42:48[0m | [1mINFO    [0m | [36myolox.evaluators.coco_evaluator[0m:[36m185[0m - [1mEvaluate annotation type *bbox*[0m
[32m2026-08-31 21:42:50[0m | [1mINFO    [0m | [36myolox.evaluators.coco_evaluator[0m:[36m185[0m - [1mDONE (t=2.06s).[0m
[32m2026-08-31 21:42:50[0m | [1mINFO    [0m | [36myolox.evaluators.coco_evaluator[0m:[36m186[0m - [1mAccumulating evaluation results...[0m
[32m2026-08-31 21:42:50[0m | [1mINFO    [0m | [36myolox.evaluators.coco_evaluator[0m:[36m186[0m - [1mDONE (t=0.18s).[0m
[32m2026-08-31 21:42:50[0m | [1mINFO    [0m | [36myolox.core.trainer[0m:[36m250[0m - [1m
Average forward time: 14.34 ms, Average NMS time: 0.75 ms, Average inference time: 15.09 ms
 Average Precision  (AP) @[ IoU=0.50:0.95 | area=   all | maxDets=100 ] = 0.239
 Average Precision  (AP) @[ IoU=0.50      | area=   all | maxDets=100 ] = 0.508
 Average Precision  (AP) @[ IoU=0.75      | area=   all | maxDets=100 ] = 0.198
 Average Precision  (AP) @[ IoU=0.50:0.95 | area= small | maxDets=100 ] = 0.026
 Average Precision  (AP) @[ IoU=0.50:0.95 | area=medium | maxDets=100 ] = 0.108
 Average Precision  (AP) @[ IoU=0.50:0.95 | area= large | maxDets=100 ] = 0.378
 Average Recall     (AR) @[ IoU=0.50:0.95 | area=   all | maxDets=  1 ] = 0.101
 Average Recall     (AR) @[ IoU=0.50:0.95 | area=   all | maxDets= 10 ] = 0.266
 Average Recall     (AR) @[ IoU=0.50:0.95 | area=   all | maxDets=100 ] = 0.354
 Average Recall     (AR) @[ IoU=0.50:0.95 | area= small | maxDets=100 ] = 0.088
 Average Recall     (AR) @[ IoU=0.50:0.95 | area=medium | maxDets=100 ] = 0.258
 Average Recall     (AR) @[ IoU=0.50:0.95 | area= large | maxDets=100 ] = 0.480
[0m
[32m2026-08-31 21:42:50[0m | [1mINFO    [0m | [36myolox.core.trainer[0m:[36m259[0m - [1mSave weights to D:\Codes\HDR\Sana\hdr4rtt_rod\cfg_hdr4rtt_rod_dedup[0m
[32m2026-08-31 21:42:51[0m | [1mINFO    [0m | [36myolox.core.trainer[0m:[36m152[0m - [1m---> start train epoch16[0m
[32m2026-08-31 21:42:59[0m | [1mINFO    [0m | [36myolox.core.trainer[0m:[36m199[0m - [1mep:16/50, it:20/577, total_loss:6.084, iou_loss:2.788, l1_loss:0.000, conf_loss:2.634, cls_loss:0.662, lr:9.37e-05, ETA:2:25:45[0m
[32m2026-08-31 21:43:07[0m | [1mINFO    [0m | [36myolox.core.trainer[0m:[36m199[0m - [1mep:16/50, it:40/577, total_loss:5.620, iou_loss:2.942, l1_loss:0.000, conf_loss:2.020, cls_loss:0.658, lr:9.36e-05, ETA:2:25:35[0m
[32m2026-08-31 21:43:14[0m | [1mINFO    [0m | [36myolox.core.trainer[0m:[36m199[0m - [1mep:16/50, it:60/577, total_loss:4.294, iou_loss:1.968, l1_loss:0.000, conf_loss:1.780, cls_loss:0.545, lr:9.34e-05, ETA:2:25:22[0m
[32m2026-08-31 21:43:24[0m | [1mINFO    [0m | [36myolox.core.trainer[0m:[36m199[0m - [1mep:16/50, it:80/577, total_loss:4.864, iou_loss:2.495, l1_loss:0.000, conf_loss:1.767, cls_loss:0.602, lr:9.33e-05, ETA:2:25:16[0m
[32m2026-08-31 21:43:32[0m | [1mINFO    [0m | [36myolox.core.trainer[0m:[36m199[0m - [1mep:16/50, it:100/577, total_loss:4.384, iou_loss:1.963, l1_loss:0.000, conf_loss:1.890, cls_loss:0.531, lr:9.31e-05, ETA:2:25:07[0m
[32m2026-08-31 21:43:40[0m | [1mINFO    [0m | [36myolox.core.trainer[0m:[36m199[0m - [1mep:16/50, it:120/577, total_loss:4.162, iou_loss:2.228, l1_loss:0.000, conf_loss:1.355, cls_loss:0.578, lr:9.30e-05, ETA:2:24:56[0m
[32m2026-08-31 21:43:50[0m | [1mINFO    [0m | [36myolox.core.trainer[0m:[36m199[0m - [1mep:16/50, it:140/577, total_loss:6.230, iou_loss:2.931, l1_loss:0.000, conf_loss:2.602, cls_loss:0.697, lr:9.28e-05, ETA:2:24:51[0m
[32m2026-08-31 21:44:00[0m | [1mINFO    [0m | [36myolox.core.trainer[0m:[36m199[0m - [1mep:16/50, it:160/577, total_loss:5.427, iou_loss:2.736, l1_loss:0.000, conf_loss:2.051, cls_loss:0.639, lr:9.27e-05, ETA:2:24:44[0m
[32m2026-08-31 21:44:09[0m | [1mINFO    [0m | [36myolox.core.trainer[0m:[36m199[0m - [1mep:16/50, it:180/577, total_loss:5.707, iou_loss:2.965, l1_loss:0.000, conf_loss:2.071, cls_loss:0.671, lr:9.25e-05, ETA:2:24:37[0m
[32m2026-08-31 21:44:18[0m | [1mINFO    [0m | [36myolox.core.trainer[0m:[36m199[0m - [1mep:16/50, it:200/577, total_loss:4.064, iou_loss:2.020, l1_loss:0.000, conf_loss:1.496, cls_loss:0.547, lr:9.24e-05, ETA:2:24:29[0m
[32m2026-08-31 21:44:27[0m | [1mINFO    [0m | [36myolox.core.trainer[0m:[36m199[0m - [1mep:16/50, it:220/577, total_loss:7.919, iou_loss:2.859, l1_loss:0.000, conf_loss:4.052, cls_loss:1.008, lr:9.22e-05, ETA:2:24:20[0m
[32m2026-08-31 21:44:35[0m | [1mINFO    [0m | [36myolox.core.trainer[0m:[36m199[0m - [1mep:16/50, it:240/577, total_loss:5.115, iou_loss:2.412, l1_loss:0.000, conf_loss:2.089, cls_loss:0.615, lr:9.21e-05, ETA:2:24:10[0m
[32m2026-08-31 21:44:44[0m | [1mINFO    [0m | [36myolox.core.trainer[0m:[36m199[0m - [1mep:16/50, it:260/577, total_loss:4.251, iou_loss:2.304, l1_loss:0.000, conf_loss:1.371, cls_loss:0.576, lr:9.19e-05, ETA:2:24:03[0m
[32m2026-08-31 21:44:52[0m | [1mINFO    [0m | [36myolox.core.trainer[0m:[36m199[0m - [1mep:16/50, it:280/577, total_loss:4.796, iou_loss:2.379, l1_loss:0.000, conf_loss:1.836, cls_loss:0.580, lr:9.18e-05, ETA:2:23:54[0m
[32m2026-08-31 21:45:00[0m | [1mINFO    [0m | [36myolox.core.trainer[0m:[36m199[0m - [1mep:16/50, it:300/577, total_loss:5.836, iou_loss:2.552, l1_loss:0.000, conf_loss:2.434, cls_loss:0.851, lr:9.16e-05, ETA:2:23:43[0m
[32m2026-08-31 21:45:09[0m | [1mINFO    [0m | [36myolox.core.trainer[0m:[36m199[0m - [1mep:16/50, it:320/577, total_loss:5.732, iou_loss:2.792, l1_loss:0.000, conf_loss:2.274, cls_loss:0.665, lr:9.15e-05, ETA:2:23:34[0m
[32m2026-08-31 21:45:16[0m | [1mINFO    [0m | [36myolox.core.trainer[0m:[36m199[0m - [1mep:16/50, it:340/577, total_loss:6.854, iou_loss:3.088, l1_loss:0.000, conf_loss:3.072, cls_loss:0.694, lr:9.13e-05, ETA:2:23:23[0m
[32m2026-08-31 21:45:25[0m | [1mINFO    [0m | [36myolox.core.trainer[0m:[36m199[0m - [1mep:16/50, it:360/577, total_loss:4.796, iou_loss:2.261, l1_loss:0.000, conf_loss:1.894, cls_loss:0.640, lr:9.12e-05, ETA:2:23:15[0m
[32m2026-08-31 21:45:34[0m | [1mINFO    [0m | [36myolox.core.trainer[0m:[36m199[0m - [1mep:16/50, it:380/577, total_loss:5.618, iou_loss:2.696, l1_loss:0.000, conf_loss:2.284, cls_loss:0.638, lr:9.10e-05, ETA:2:23:06[0m
[32m2026-08-31 21:45:41[0m | [1mINFO    [0m | [36myolox.core.trainer[0m:[36m199[0m - [1mep:16/50, it:400/577, total_loss:3.422, iou_loss:2.018, l1_loss:0.000, conf_loss:0.868, cls_loss:0.536, lr:9.08e-05, ETA:2:22:54[0m
[32m2026-08-31 21:45:51[0m | [1mINFO    [0m | [36myolox.core.trainer[0m:[36m199[0m - [1mep:16/50, it:420/577, total_loss:6.846, iou_loss:3.005, l1_loss:0.000, conf_loss:3.158, cls_loss:0.683, lr:9.07e-05, ETA:2:22:47[0m
[32m2026-08-31 21:46:00[0m | [1mINFO    [0m | [36myolox.core.trainer[0m:[36m199[0m - [1mep:16/50, it:440/577, total_loss:4.872, iou_loss:2.681, l1_loss:0.000, conf_loss:1.559, cls_loss:0.632, lr:9.05e-05, ETA:2:22:41[0m
[32m2026-08-31 21:46:08[0m | [1mINFO    [0m | [36myolox.core.trainer[0m:[36m199[0m - [1mep:16/50, it:460/577, total_loss:5.364, iou_loss:2.439, l1_loss:0.000, conf_loss:2.200, cls_loss:0.725, lr:9.04e-05, ETA:2:22:29[0m
[32m2026-08-31 21:46:16[0m | [1mINFO    [0m | [36myolox.core.trainer[0m:[36m199[0m - [1mep:16/50, it:480/577, total_loss:4.891, iou_loss:2.090, l1_loss:0.000, conf_loss:2.205, cls_loss:0.596, lr:9.02e-05, ETA:2:22:19[0m
[32m2026-08-31 21:46:26[0m | [1mINFO    [0m | [36myolox.core.trainer[0m:[36m199[0m - [1mep:16/50, it:500/577, total_loss:6.420, iou_loss:3.018, l1_loss:0.000, conf_loss:2.732, cls_loss:0.670, lr:9.01e-05, ETA:2:22:15[0m
[32m2026-08-31 21:46:35[0m | [1mINFO    [0m | [36myolox.core.trainer[0m:[36m199[0m - [1mep:16/50, it:520/577, total_loss:4.096, iou_loss:2.095, l1_loss:0.000, conf_loss:1.439, cls_loss:0.562, lr:8.99e-05, ETA:2:22:07[0m
[32m2026-08-31 21:46:44[0m | [1mINFO    [0m | [36myolox.core.trainer[0m:[36m199[0m - [1mep:16/50, it:540/577, total_loss:4.343, iou_loss:2.104, l1_loss:0.000, conf_loss:1.692, cls_loss:0.547, lr:8.98e-05, ETA:2:21:59[0m
[32m2026-08-31 21:46:53[0m | [1mINFO    [0m | [36myolox.core.trainer[0m:[36m199[0m - [1mep:16/50, it:560/577, total_loss:5.565, iou_loss:2.557, l1_loss:0.000, conf_loss:2.389, cls_loss:0.619, lr:8.96e-05, ETA:2:21:50[0m
[32m2026-08-31 21:46:59[0m | [1mINFO    [0m | [36myolox.core.trainer[0m:[36m259[0m - [1mSave weights to D:\Codes\HDR\Sana\hdr4rtt_rod\cfg_hdr4rtt_rod_dedup[0m
[32m2026-08-31 21:46:59[0m | [1mINFO    [0m | [36myolox.core.trainer[0m:[36m152[0m - [1m---> start train epoch17[0m
[32m2026-08-31 21:47:10[0m | [1mINFO    [0m | [36myolox.core.trainer[0m:[36m199[0m - [1mep:17/50, it:20/577, total_loss:4.920, iou_loss:2.705, l1_loss:0.000, conf_loss:1.583, cls_loss:0.632, lr:8.93e-05, ETA:2:21:35[0m
[32m2026-08-31 21:47:17[0m | [1mINFO    [0m | [36myolox.core.trainer[0m:[36m199[0m - [1mep:17/50, it:40/577, total_loss:5.399, iou_loss:2.707, l1_loss:0.000, conf_loss:2.038, cls_loss:0.654, lr:8.92e-05, ETA:2:21:24[0m
[32m2026-08-31 21:47:25[0m | [1mINFO    [0m | [36myolox.core.trainer[0m:[36m199[0m - [1mep:17/50, it:60/577, total_loss:4.784, iou_loss:2.379, l1_loss:0.000, conf_loss:1.808, cls_loss:0.597, lr:8.90e-05, ETA:2:21:13[0m
[32m2026-08-31 21:47:33[0m | [1mINFO    [0m | [36myolox.core.trainer[0m:[36m199[0m - [1mep:17/50, it:80/577, total_loss:5.248, iou_loss:2.657, l1_loss:0.000, conf_loss:1.953, cls_loss:0.638, lr:8.89e-05, ETA:2:21:03[0m
[32m2026-08-31 21:47:39[0m | [1mINFO    [0m | [36myolox.core.trainer[0m:[36m199[0m - [1mep:17/50, it:100/577, total_loss:6.441, iou_loss:2.736, l1_loss:0.000, conf_loss:3.042, cls_loss:0.662, lr:8.87e-05, ETA:2:20:50[0m
[32m2026-08-31 21:47:46[0m | [1mINFO    [0m | [36myolox.core.trainer[0m:[36m199[0m - [1mep:17/50, it:120/577, total_loss:5.544, iou_loss:2.356, l1_loss:0.000, conf_loss:2.568, cls_loss:0.620, lr:8.85e-05, ETA:2:20:37[0m
[32m2026-08-31 21:47:54[0m | [1mINFO    [0m | [36myolox.core.trainer[0m:[36m199[0m - [1mep:17/50, it:140/577, total_loss:6.080, iou_loss:2.971, l1_loss:0.000, conf_loss:2.441, cls_loss:0.668, lr:8.84e-05, ETA:2:20:28[0m
[32m2026-08-31 21:48:03[0m | [1mINFO    [0m | [36myolox.core.trainer[0m:[36m199[0m - [1mep:17/50, it:160/577, total_loss:5.692, iou_loss:2.709, l1_loss:0.000, conf_loss:2.349, cls_loss:0.633, lr:8.82e-05, ETA:2:20:19[0m
[32m2026-08-31 21:48:19[0m | [1mINFO    [0m | [36myolox.core.trainer[0m:[36m199[0m - [1mep:17/50, it:180/577, total_loss:6.063, iou_loss:2.951, l1_loss:0.000, conf_loss:2.448, cls_loss:0.664, lr:8.81e-05, ETA:2:20:26[0m
[32m2026-08-31 21:48:28[0m | [1mINFO    [0m | [36myolox.core.trainer[0m:[36m199[0m - [1mep:17/50, it:200/577, total_loss:7.361, iou_loss:3.154, l1_loss:0.000, conf_loss:3.509, cls_loss:0.698, lr:8.79e-05, ETA:2:20:19[0m
[32m2026-08-31 21:48:35[0m | [1mINFO    [0m | [36myolox.core.trainer[0m:[36m199[0m - [1mep:17/50, it:220/577, total_loss:6.929, iou_loss:2.819, l1_loss:0.000, conf_loss:3.337, cls_loss:0.772, lr:8.78e-05, ETA:2:20:06[0m
[32m2026-08-31 21:48:43[0m | [1mINFO    [0m | [36myolox.core.trainer[0m:[36m199[0m - [1mep:17/50, it:240/577, total_loss:3.896, iou_loss:1.858, l1_loss:0.000, conf_loss:1.418, cls_loss:0.620, lr:8.76e-05, ETA:2:19:56[0m
[32m2026-08-31 21:48:51[0m | [1mINFO    [0m | [36myolox.core.trainer[0m:[36m199[0m - [1mep:17/50, it:260/577, total_loss:4.609, iou_loss:2.133, l1_loss:0.000, conf_loss:1.934, cls_loss:0.542, lr:8.74e-05, ETA:2:19:45[0m
[32m2026-08-31 21:48:59[0m | [1mINFO    [0m | [36myolox.core.trainer[0m:[36m199[0m - [1mep:17/50, it:280/577, total_loss:6.318, iou_loss:2.743, l1_loss:0.000, conf_loss:2.919, cls_loss:0.655, lr:8.73e-05, ETA:2:19:35[0m
[32m2026-08-31 21:49:08[0m | [1mINFO    [0m | [36myolox.core.trainer[0m:[36m199[0m - [1mep:17/50, it:300/577, total_loss:6.431, iou_loss:2.450, l1_loss:0.000, conf_loss:3.241, cls_loss:0.740, lr:8.71e-05, ETA:2:19:27[0m
[32m2026-08-31 21:49:17[0m | [1mINFO    [0m | [36myolox.core.trainer[0m:[36m199[0m - [1mep:17/50, it:320/577, total_loss:6.611, iou_loss:2.520, l1_loss:0.000, conf_loss:3.194, cls_loss:0.897, lr:8.70e-05, ETA:2:19:19[0m
[32m2026-08-31 21:49:24[0m | [1mINFO    [0m | [36myolox.core.trainer[0m:[36m199[0m - [1mep:17/50, it:340/577, total_loss:6.199, iou_loss:2.812, l1_loss:0.000, conf_loss:2.689, cls_loss:0.698, lr:8.68e-05, ETA:2:19:08[0m
[32m2026-08-31 21:49:33[0m | [1mINFO    [0m | [36myolox.core.trainer[0m:[36m199[0m - [1mep:17/50, it:360/577, total_loss:5.806, iou_loss:2.644, l1_loss:0.000, conf_loss:2.518, cls_loss:0.644, lr:8.66e-05, ETA:2:19:00[0m
[32m2026-08-31 21:49:41[0m | [1mINFO    [0m | [36myolox.core.trainer[0m:[36m199[0m - [1mep:17/50, it:380/577, total_loss:5.387, iou_loss:2.658, l1_loss:0.000, conf_loss:2.082, cls_loss:0.647, lr:8.65e-05, ETA:2:18:50[0m
[32m2026-08-31 21:49:49[0m | [1mINFO    [0m | [36myolox.core.trainer[0m:[36m199[0m - [1mep:17/50, it:400/577, total_loss:5.670, iou_loss:3.122, l1_loss:0.000, conf_loss:1.864, cls_loss:0.683, lr:8.63e-05, ETA:2:18:40[0m
[32m2026-08-31 21:49:58[0m | [1mINFO    [0m | [36myolox.core.trainer[0m:[36m199[0m - [1mep:17/50, it:420/577, total_loss:4.857, iou_loss:2.388, l1_loss:0.000, conf_loss:1.874, cls_loss:0.595, lr:8.62e-05, ETA:2:18:32[0m
[32m2026-08-31 21:50:07[0m | [1mINFO    [0m | [36myolox.core.trainer[0m:[36m199[0m - [1mep:17/50, it:440/577, total_loss:4.771, iou_loss:2.342, l1_loss:0.000, conf_loss:1.828, cls_loss:0.601, lr:8.60e-05, ETA:2:18:23[0m
[32m2026-08-31 21:50:14[0m | [1mINFO    [0m | [36myolox.core.trainer[0m:[36m199[0m - [1mep:17/50, it:460/577, total_loss:5.607, iou_loss:2.825, l1_loss:0.000, conf_loss:2.136, cls_loss:0.646, lr:8.58e-05, ETA:2:18:12[0m
[32m2026-08-31 21:50:23[0m | [1mINFO    [0m | [36myolox.core.trainer[0m:[36m199[0m - [1mep:17/50, it:480/577, total_loss:5.042, iou_loss:2.561, l1_loss:0.000, conf_loss:1.858, cls_loss:0.624, lr:8.57e-05, ETA:2:18:03[0m
[32m2026-08-31 21:50:31[0m | [1mINFO    [0m | [36myolox.core.trainer[0m:[36m199[0m - [1mep:17/50, it:500/577, total_loss:3.699, iou_loss:2.068, l1_loss:0.000, conf_loss:1.093, cls_loss:0.537, lr:8.55e-05, ETA:2:17:54[0m
[32m2026-08-31 21:50:39[0m | [1mINFO    [0m | [36myolox.core.trainer[0m:[36m199[0m - [1mep:17/50, it:520/577, total_loss:4.156, iou_loss:2.312, l1_loss:0.000, conf_loss:1.290, cls_loss:0.554, lr:8.54e-05, ETA:2:17:44[0m
[32m2026-08-31 21:50:45[0m | [1mINFO    [0m | [36myolox.core.trainer[0m:[36m199[0m - [1mep:17/50, it:540/577, total_loss:3.899, iou_loss:2.120, l1_loss:0.000, conf_loss:1.220, cls_loss:0.559, lr:8.52e-05, ETA:2:17:31[0m
[32m2026-08-31 21:50:55[0m | [1mINFO    [0m | [36myolox.core.trainer[0m:[36m199[0m - [1mep:17/50, it:560/577, total_loss:4.325, iou_loss:2.289, l1_loss:0.000, conf_loss:1.448, cls_loss:0.588, lr:8.50e-05, ETA:2:17:25[0m
[32m2026-08-31 21:51:04[0m | [1mINFO    [0m | [36myolox.core.trainer[0m:[36m259[0m - [1mSave weights to D:\Codes\HDR\Sana\hdr4rtt_rod\cfg_hdr4rtt_rod_dedup[0m
[32m2026-08-31 21:51:04[0m | [1mINFO    [0m | [36myolox.core.trainer[0m:[36m152[0m - [1m---> start train epoch18[0m
[32m2026-08-31 21:51:11[0m | [1mINFO    [0m | [36myolox.core.trainer[0m:[36m199[0m - [1mep:18/50, it:20/577, total_loss:6.877, iou_loss:3.407, l1_loss:0.000, conf_loss:2.798, cls_loss:0.671, lr:8.47e-05, ETA:2:17:08[0m
[32m2026-08-31 21:51:21[0m | [1mINFO    [0m | [36myolox.core.trainer[0m:[36m199[0m - [1mep:18/50, it:40/577, total_loss:4.692, iou_loss:2.413, l1_loss:0.000, conf_loss:1.660, cls_loss:0.619, lr:8.46e-05, ETA:2:17:02[0m
[32m2026-08-31 21:51:32[0m | [1mINFO    [0m | [36myolox.core.trainer[0m:[36m199[0m - [1mep:18/50, it:60/577, total_loss:5.603, iou_loss:2.653, l1_loss:0.000, conf_loss:2.297, cls_loss:0.652, lr:8.44e-05, ETA:2:16:57[0m
[32m2026-08-31 21:51:43[0m | [1mINFO    [0m | [36myolox.core.trainer[0m:[36m199[0m - [1mep:18/50, it:80/577, total_loss:3.261, iou_loss:1.766, l1_loss:0.000, conf_loss:0.999, cls_loss:0.497, lr:8.43e-05, ETA:2:16:52[0m
[32m2026-08-31 21:51:52[0m | [1mINFO    [0m | [36myolox.core.trainer[0m:[36m199[0m - [1mep:18/50, it:100/577, total_loss:3.422, iou_loss:1.702, l1_loss:0.000, conf_loss:1.216, cls_loss:0.504, lr:8.41e-05, ETA:2:16:44[0m
[32m2026-08-31 21:52:00[0m | [1mINFO    [0m | [36myolox.core.trainer[0m:[36m199[0m - [1mep:18/50, it:120/577, total_loss:4.730, iou_loss:2.224, l1_loss:0.000, conf_loss:1.900, cls_loss:0.606, lr:8.39e-05, ETA:2:16:36[0m
[32m2026-08-31 21:52:08[0m | [1mINFO    [0m | [36myolox.core.trainer[0m:[36m199[0m - [1mep:18/50, it:140/577, total_loss:5.524, iou_loss:2.847, l1_loss:0.000, conf_loss:2.028, cls_loss:0.649, lr:8.38e-05, ETA:2:16:25[0m
[32m2026-08-31 21:52:16[0m | [1mINFO    [0m | [36myolox.core.trainer[0m:[36m199[0m - [1mep:18/50, it:160/577, total_loss:4.650, iou_loss:2.373, l1_loss:0.000, conf_loss:1.630, cls_loss:0.647, lr:8.36e-05, ETA:2:16:16[0m
[32m2026-08-31 21:52:26[0m | [1mINFO    [0m | [36myolox.core.trainer[0m:[36m199[0m - [1mep:18/50, it:180/577, total_loss:5.752, iou_loss:2.540, l1_loss:0.000, conf_loss:2.602, cls_loss:0.610, lr:8.34e-05, ETA:2:16:10[0m
[32m2026-08-31 21:52:34[0m | [1mINFO    [0m | [36myolox.core.trainer[0m:[36m199[0m - [1mep:18/50, it:200/577, total_loss:5.984, iou_loss:3.046, l1_loss:0.000, conf_loss:2.252, cls_loss:0.687, lr:8.33e-05, ETA:2:16:00[0m
[32m2026-08-31 21:52:42[0m | [1mINFO    [0m | [36myolox.core.trainer[0m:[36m199[0m - [1mep:18/50, it:220/577, total_loss:5.517, iou_loss:2.520, l1_loss:0.000, conf_loss:2.293, cls_loss:0.704, lr:8.31e-05, ETA:2:15:49[0m
[32m2026-08-31 21:52:50[0m | [1mINFO    [0m | [36myolox.core.trainer[0m:[36m199[0m - [1mep:18/50, it:240/577, total_loss:5.165, iou_loss:2.527, l1_loss:0.000, conf_loss:1.922, cls_loss:0.716, lr:8.30e-05, ETA:2:15:40[0m
[32m2026-08-31 21:52:57[0m | [1mINFO    [0m | [36myolox.core.trainer[0m:[36m199[0m - [1mep:18/50, it:260/577, total_loss:7.754, iou_loss:3.612, l1_loss:0.000, conf_loss:3.347, cls_loss:0.795, lr:8.28e-05, ETA:2:15:28[0m
[32m2026-08-31 21:53:07[0m | [1mINFO    [0m | [36myolox.core.trainer[0m:[36m199[0m - [1mep:18/50, it:280/577, total_loss:8.930, iou_loss:3.433, l1_loss:0.000, conf_loss:4.786, cls_loss:0.712, lr:8.26e-05, ETA:2:15:22[0m
[32m2026-08-31 21:53:15[0m | [1mINFO    [0m | [36myolox.core.trainer[0m:[36m199[0m - [1mep:18/50, it:300/577, total_loss:5.848, iou_loss:2.814, l1_loss:0.000, conf_loss:2.215, cls_loss:0.818, lr:8.25e-05, ETA:2:15:11[0m
[32m2026-08-31 21:53:24[0m | [1mINFO    [0m | [36myolox.core.trainer[0m:[36m199[0m - [1mep:18/50, it:320/577, total_loss:4.541, iou_loss:2.210, l1_loss:0.000, conf_loss:1.686, cls_loss:0.644, lr:8.23e-05, ETA:2:15:03[0m
[32m2026-08-31 21:53:31[0m | [1mINFO    [0m | [36myolox.core.trainer[0m:[36m199[0m - [1mep:18/50, it:340/577, total_loss:6.400, iou_loss:2.637, l1_loss:0.000, conf_loss:3.129, cls_loss:0.634, lr:8.21e-05, ETA:2:14:51[0m
[32m2026-08-31 21:53:39[0m | [1mINFO    [0m | [36myolox.core.trainer[0m:[36m199[0m - [1mep:18/50, it:360/577, total_loss:4.898, iou_loss:2.562, l1_loss:0.000, conf_loss:1.733, cls_loss:0.602, lr:8.20e-05, ETA:2:14:41[0m
[32m2026-08-31 21:53:46[0m | [1mINFO    [0m | [36myolox.core.trainer[0m:[36m199[0m - [1mep:18/50, it:380/577, total_loss:5.379, iou_loss:2.623, l1_loss:0.000, conf_loss:2.154, cls_loss:0.601, lr:8.18e-05, ETA:2:14:30[0m
[32m2026-08-31 21:53:54[0m | [1mINFO    [0m | [36myolox.core.trainer[0m:[36m199[0m - [1mep:18/50, it:400/577, total_loss:4.977, iou_loss:2.471, l1_loss:0.000, conf_loss:1.848, cls_loss:0.659, lr:8.17e-05, ETA:2:14:21[0m
[32m2026-08-31 21:54:01[0m | [1mINFO    [0m | [36myolox.core.trainer[0m:[36m199[0m - [1mep:18/50, it:420/577, total_loss:5.630, iou_loss:2.616, l1_loss:0.000, conf_loss:2.323, cls_loss:0.691, lr:8.15e-05, ETA:2:14:10[0m
[32m2026-08-31 21:54:12[0m | [1mINFO    [0m | [36myolox.core.trainer[0m:[36m199[0m - [1mep:18/50, it:440/577, total_loss:6.604, iou_loss:2.669, l1_loss:0.000, conf_loss:3.297, cls_loss:0.638, lr:8.13e-05, ETA:2:14:04[0m
[32m2026-08-31 21:54:21[0m | [1mINFO    [0m | [36myolox.core.trainer[0m:[36m199[0m - [1mep:18/50, it:460/577, total_loss:5.946, iou_loss:3.069, l1_loss:0.000, conf_loss:2.198, cls_loss:0.679, lr:8.12e-05, ETA:2:13:57[0m
[32m2026-08-31 21:54:32[0m | [1mINFO    [0m | [36myolox.core.trainer[0m:[36m199[0m - [1mep:18/50, it:480/577, total_loss:5.665, iou_loss:2.981, l1_loss:0.000, conf_loss:2.028, cls_loss:0.657, lr:8.10e-05, ETA:2:13:51[0m
[32m2026-08-31 21:54:39[0m | [1mINFO    [0m | [36myolox.core.trainer[0m:[36m199[0m - [1mep:18/50, it:500/577, total_loss:5.965, iou_loss:3.046, l1_loss:0.000, conf_loss:2.249, cls_loss:0.670, lr:8.08e-05, ETA:2:13:40[0m
[32m2026-08-31 21:54:46[0m | [1mINFO    [0m | [36myolox.core.trainer[0m:[36m199[0m - [1mep:18/50, it:520/577, total_loss:4.903, iou_loss:2.802, l1_loss:0.000, conf_loss:1.474, cls_loss:0.627, lr:8.07e-05, ETA:2:13:28[0m
[32m2026-08-31 21:54:56[0m | [1mINFO    [0m | [36myolox.core.trainer[0m:[36m199[0m - [1mep:18/50, it:540/577, total_loss:5.824, iou_loss:2.637, l1_loss:0.000, conf_loss:2.533, cls_loss:0.653, lr:8.05e-05, ETA:2:13:22[0m
[32m2026-08-31 21:55:05[0m | [1mINFO    [0m | [36myolox.core.trainer[0m:[36m199[0m - [1mep:18/50, it:560/577, total_loss:5.339, iou_loss:2.594, l1_loss:0.000, conf_loss:2.089, cls_loss:0.656, lr:8.03e-05, ETA:2:13:14[0m
[32m2026-08-31 21:55:13[0m | [1mINFO    [0m | [36myolox.core.trainer[0m:[36m259[0m - [1mSave weights to D:\Codes\HDR\Sana\hdr4rtt_rod\cfg_hdr4rtt_rod_dedup[0m
[32m2026-08-31 21:55:13[0m | [1mINFO    [0m | [36myolox.core.trainer[0m:[36m152[0m - [1m---> start train epoch19[0m
[32m2026-08-31 21:55:23[0m | [1mINFO    [0m | [36myolox.core.trainer[0m:[36m199[0m - [1mep:19/50, it:20/577, total_loss:5.578, iou_loss:2.737, l1_loss:0.000, conf_loss:2.200, cls_loss:0.641, lr:8.00e-05, ETA:2:13:01[0m
[32m2026-08-31 21:55:33[0m | [1mINFO    [0m | [36myolox.core.trainer[0m:[36m199[0m - [1mep:19/50, it:40/577, total_loss:6.027, iou_loss:2.754, l1_loss:0.000, conf_loss:2.612, cls_loss:0.662, lr:7.99e-05, ETA:2:12:56[0m
[32m2026-08-31 21:55:43[0m | [1mINFO    [0m | [36myolox.core.trainer[0m:[36m199[0m - [1mep:19/50, it:60/577, total_loss:5.100, iou_loss:2.713, l1_loss:0.000, conf_loss:1.734, cls_loss:0.653, lr:7.97e-05, ETA:2:12:50[0m
[32m2026-08-31 21:55:51[0m | [1mINFO    [0m | [36myolox.core.trainer[0m:[36m199[0m - [1mep:19/50, it:80/577, total_loss:5.603, iou_loss:2.667, l1_loss:0.000, conf_loss:2.335, cls_loss:0.601, lr:7.95e-05, ETA:2:12:39[0m
[32m2026-08-31 21:55:59[0m | [1mINFO    [0m | [36myolox.core.trainer[0m:[36m199[0m - [1mep:19/50, it:100/577, total_loss:6.923, iou_loss:3.126, l1_loss:0.000, conf_loss:3.100, cls_loss:0.698, lr:7.94e-05, ETA:2:12:29[0m
[32m2026-08-31 21:56:09[0m | [1mINFO    [0m | [36myolox.core.trainer[0m:[36m199[0m - [1mep:19/50, it:120/577, total_loss:5.051, iou_loss:2.232, l1_loss:0.000, conf_loss:2.215, cls_loss:0.605, lr:7.92e-05, ETA:2:12:23[0m
[32m2026-08-31 21:56:18[0m | [1mINFO    [0m | [36myolox.core.trainer[0m:[36m199[0m - [1mep:19/50, it:140/577, total_loss:6.089, iou_loss:3.014, l1_loss:0.000, conf_loss:2.385, cls_loss:0.690, lr:7.90e-05, ETA:2:12:15[0m
[32m2026-08-31 21:56:28[0m | [1mINFO    [0m | [36myolox.core.trainer[0m:[36m199[0m - [1mep:19/50, it:160/577, total_loss:5.045, iou_loss:2.538, l1_loss:0.000, conf_loss:1.881, cls_loss:0.626, lr:7.89e-05, ETA:2:12:08[0m
[32m2026-08-31 21:56:36[0m | [1mINFO    [0m | [36myolox.core.trainer[0m:[36m199[0m - [1mep:19/50, it:180/577, total_loss:5.361, iou_loss:2.230, l1_loss:0.000, conf_loss:2.569, cls_loss:0.562, lr:7.87e-05, ETA:2:11:59[0m
[32m2026-08-31 21:56:45[0m | [1mINFO    [0m | [36myolox.core.trainer[0m:[36m199[0m - [1mep:19/50, it:200/577, total_loss:6.113, iou_loss:2.790, l1_loss:0.000, conf_loss:2.698, cls_loss:0.624, lr:7.85e-05, ETA:2:11:52[0m
[32m2026-08-31 21:56:55[0m | [1mINFO    [0m | [36myolox.core.trainer[0m:[36m199[0m - [1mep:19/50, it:220/577, total_loss:5.373, iou_loss:2.510, l1_loss:0.000, conf_loss:2.237, cls_loss:0.625, lr:7.84e-05, ETA:2:11:44[0m
[32m2026-08-31 21:57:02[0m | [1mINFO    [0m | [36myolox.core.trainer[0m:[36m199[0m - [1mep:19/50, it:240/577, total_loss:5.914, iou_loss:2.528, l1_loss:0.000, conf_loss:2.723, cls_loss:0.663, lr:7.82e-05, ETA:2:11:34[0m
[32m2026-08-31 21:57:12[0m | [1mINFO    [0m | [36myolox.core.trainer[0m:[36m199[0m - [1mep:19/50, it:260/577, total_loss:4.014, iou_loss:2.201, l1_loss:0.000, conf_loss:1.275, cls_loss:0.538, lr:7.80e-05, ETA:2:11:26[0m
[32m2026-08-31 21:57:22[0m | [1mINFO    [0m | [36myolox.core.trainer[0m:[36m199[0m - [1mep:19/50, it:280/577, total_loss:6.911, iou_loss:2.731, l1_loss:0.000, conf_loss:3.482, cls_loss:0.698, lr:7.79e-05, ETA:2:11:21[0m
[32m2026-08-31 21:57:29[0m | [1mINFO    [0m | [36myolox.core.trainer[0m:[36m199[0m - [1mep:19/50, it:300/577, total_loss:6.998, iou_loss:2.777, l1_loss:0.000, conf_loss:3.560, cls_loss:0.661, lr:7.77e-05, ETA:2:11:09[0m
[32m2026-08-31 21:57:38[0m | [1mINFO    [0m | [36myolox.core.trainer[0m:[36m199[0m - [1mep:19/50, it:320/577, total_loss:5.021, iou_loss:2.631, l1_loss:0.000, conf_loss:1.774, cls_loss:0.615, lr:7.75e-05, ETA:2:11:00[0m
[32m2026-08-31 21:57:46[0m | [1mINFO    [0m | [36myolox.core.trainer[0m:[36m199[0m - [1mep:19/50, it:340/577, total_loss:2.889, iou_loss:1.682, l1_loss:0.000, conf_loss:0.721, cls_loss:0.486, lr:7.74e-05, ETA:2:10:51[0m
[32m2026-08-31 21:57:53[0m | [1mINFO    [0m | [36myolox.core.trainer[0m:[36m199[0m - [1mep:19/50, it:360/577, total_loss:3.818, iou_loss:2.001, l1_loss:0.000, conf_loss:1.279, cls_loss:0.539, lr:7.72e-05, ETA:2:10:39[0m
[32m2026-08-31 21:58:02[0m | [1mINFO    [0m | [36myolox.core.trainer[0m:[36m199[0m - [1mep:19/50, it:380/577, total_loss:5.564, iou_loss:2.719, l1_loss:0.000, conf_loss:2.211, cls_loss:0.634, lr:7.70e-05, ETA:2:10:31[0m
[32m2026-08-31 21:58:11[0m | [1mINFO    [0m | [36myolox.core.trainer[0m:[36m199[0m - [1mep:19/50, it:400/577, total_loss:6.399, iou_loss:2.939, l1_loss:0.000, conf_loss:2.770, cls_loss:0.691, lr:7.69e-05, ETA:2:10:23[0m
[32m2026-08-31 21:58:21[0m | [1mINFO    [0m | [36myolox.core.trainer[0m:[36m199[0m - [1mep:19/50, it:420/577, total_loss:4.755, iou_loss:2.320, l1_loss:0.000, conf_loss:1.854, cls_loss:0.582, lr:7.67e-05, ETA:2:10:17[0m
[32m2026-08-31 21:58:30[0m | [1mINFO    [0m | [36myolox.core.trainer[0m:[36m199[0m - [1mep:19/50, it:440/577, total_loss:5.161, iou_loss:2.581, l1_loss:0.000, conf_loss:1.957, cls_loss:0.623, lr:7.65e-05, ETA:2:10:08[0m
[32m2026-08-31 21:58:37[0m | [1mINFO    [0m | [36myolox.core.trainer[0m:[36m199[0m - [1mep:19/50, it:460/577, total_loss:7.539, iou_loss:3.017, l1_loss:0.000, conf_loss:3.819, cls_loss:0.703, lr:7.64e-05, ETA:2:09:57[0m
[32m2026-08-31 21:58:44[0m | [1mINFO    [0m | [36myolox.core.trainer[0m:[36m199[0m - [1mep:19/50, it:480/577, total_loss:4.205, iou_loss:2.176, l1_loss:0.000, conf_loss:1.466, cls_loss:0.563, lr:7.62e-05, ETA:2:09:46[0m
[32m2026-08-31 21:58:51[0m | [1mINFO    [0m | [36myolox.core.trainer[0m:[36m199[0m - [1mep:19/50, it:500/577, total_loss:5.659, iou_loss:2.649, l1_loss:0.000, conf_loss:2.358, cls_loss:0.652, lr:7.60e-05, ETA:2:09:35[0m
[32m2026-08-31 21:59:00[0m | [1mINFO    [0m | [36myolox.core.trainer[0m:[36m199[0m - [1mep:19/50, it:520/577, total_loss:5.820, iou_loss:2.671, l1_loss:0.000, conf_loss:2.450, cls_loss:0.699, lr:7.59e-05, ETA:2:09:26[0m
[32m2026-08-31 21:59:08[0m | [1mINFO    [0m | [36myolox.core.trainer[0m:[36m199[0m - [1mep:19/50, it:540/577, total_loss:5.612, iou_loss:2.527, l1_loss:0.000, conf_loss:2.462, cls_loss:0.624, lr:7.57e-05, ETA:2:09:17[0m
[32m2026-08-31 21:59:17[0m | [1mINFO    [0m | [36myolox.core.trainer[0m:[36m199[0m - [1mep:19/50, it:560/577, total_loss:4.610, iou_loss:2.063, l1_loss:0.000, conf_loss:1.956, cls_loss:0.590, lr:7.55e-05, ETA:2:09:08[0m
[32m2026-08-31 21:59:23[0m | [1mINFO    [0m | [36myolox.core.trainer[0m:[36m259[0m - [1mSave weights to D:\Codes\HDR\Sana\hdr4rtt_rod\cfg_hdr4rtt_rod_dedup[0m
[32m2026-08-31 21:59:24[0m | [1mINFO    [0m | [36myolox.core.trainer[0m:[36m152[0m - [1m---> start train epoch20[0m
[32m2026-08-31 21:59:32[0m | [1mINFO    [0m | [36myolox.core.trainer[0m:[36m199[0m - [1mep:20/50, it:20/577, total_loss:4.155, iou_loss:2.132, l1_loss:0.000, conf_loss:1.423, cls_loss:0.600, lr:7.52e-05, ETA:2:08:51[0m
[32m2026-08-31 21:59:40[0m | [1mINFO    [0m | [36myolox.core.trainer[0m:[36m199[0m - [1mep:20/50, it:40/577, total_loss:5.076, iou_loss:2.480, l1_loss:0.000, conf_loss:2.006, cls_loss:0.590, lr:7.51e-05, ETA:2:08:41[0m
[32m2026-08-31 21:59:49[0m | [1mINFO    [0m | [36myolox.core.trainer[0m:[36m199[0m - [1mep:20/50, it:60/577, total_loss:7.273, iou_loss:2.765, l1_loss:0.000, conf_loss:3.432, cls_loss:1.077, lr:7.49e-05, ETA:2:08:32[0m
[32m2026-08-31 21:59:57[0m | [1mINFO    [0m | [36myolox.core.trainer[0m:[36m199[0m - [1mep:20/50, it:80/577, total_loss:4.035, iou_loss:2.273, l1_loss:0.000, conf_loss:1.172, cls_loss:0.590, lr:7.47e-05, ETA:2:08:22[0m
[32m2026-08-31 22:00:04[0m | [1mINFO    [0m | [36myolox.core.trainer[0m:[36m199[0m - [1mep:20/50, it:100/577, total_loss:4.814, iou_loss:2.598, l1_loss:0.000, conf_loss:1.603, cls_loss:0.614, lr:7.46e-05, ETA:2:08:12[0m
[32m2026-08-31 22:00:12[0m | [1mINFO    [0m | [36myolox.core.trainer[0m:[36m199[0m - [1mep:20/50, it:120/577, total_loss:4.826, iou_loss:2.448, l1_loss:0.000, conf_loss:1.767, cls_loss:0.611, lr:7.44e-05, ETA:2:08:02[0m
[32m2026-08-31 22:00:19[0m | [1mINFO    [0m | [36myolox.core.trainer[0m:[36m199[0m - [1mep:20/50, it:140/577, total_loss:4.147, iou_loss:2.083, l1_loss:0.000, conf_loss:1.534, cls_loss:0.530, lr:7.42e-05, ETA:2:07:50[0m
[32m2026-08-31 22:00:28[0m | [1mINFO    [0m | [36myolox.core.trainer[0m:[36m199[0m - [1mep:20/50, it:160/577, total_loss:4.086, iou_loss:2.286, l1_loss:0.000, conf_loss:1.206, cls_loss:0.595, lr:7.41e-05, ETA:2:07:42[0m
[32m2026-08-31 22:00:37[0m | [1mINFO    [0m | [36myolox.core.trainer[0m:[36m199[0m - [1mep:20/50, it:180/577, total_loss:3.889, iou_loss:2.091, l1_loss:0.000, conf_loss:1.149, cls_loss:0.649, lr:7.39e-05, ETA:2:07:34[0m
[32m2026-08-31 22:00:46[0m | [1mINFO    [0m | [36myolox.core.trainer[0m:[36m199[0m - [1mep:20/50, it:200/577, total_loss:5.742, iou_loss:2.783, l1_loss:0.000, conf_loss:2.307, cls_loss:0.652, lr:7.37e-05, ETA:2:07:26[0m
[32m2026-08-31 22:00:54[0m | [1mINFO    [0m | [36myolox.core.trainer[0m:[36m199[0m - [1mep:20/50, it:220/577, total_loss:5.027, iou_loss:2.368, l1_loss:0.000, conf_loss:2.057, cls_loss:0.601, lr:7.35e-05, ETA:2:07:16[0m
[32m2026-08-31 22:01:01[0m | [1mINFO    [0m | [36myolox.core.trainer[0m:[36m199[0m - [1mep:20/50, it:240/577, total_loss:3.545, iou_loss:2.013, l1_loss:0.000, conf_loss:1.016, cls_loss:0.516, lr:7.34e-05, ETA:2:07:06[0m
[32m2026-08-31 22:01:10[0m | [1mINFO    [0m | [36myolox.core.trainer[0m:[36m199[0m - [1mep:20/50, it:260/577, total_loss:7.215, iou_loss:3.057, l1_loss:0.000, conf_loss:3.471, cls_loss:0.687, lr:7.32e-05, ETA:2:06:58[0m
[32m2026-08-31 22:01:19[0m | [1mINFO    [0m | [36myolox.core.trainer[0m:[36m199[0m - [1mep:20/50, it:280/577, total_loss:4.013, iou_loss:2.051, l1_loss:0.000, conf_loss:1.380, cls_loss:0.581, lr:7.30e-05, ETA:2:06:50[0m
[32m2026-08-31 22:01:30[0m | [1mINFO    [0m | [36myolox.core.trainer[0m:[36m199[0m - [1mep:20/50, it:300/577, total_loss:7.322, iou_loss:2.890, l1_loss:0.000, conf_loss:3.433, cls_loss:0.999, lr:7.29e-05, ETA:2:06:45[0m
[32m2026-08-31 22:01:39[0m | [1mINFO    [0m | [36myolox.core.trainer[0m:[36m199[0m - [1mep:20/50, it:320/577, total_loss:5.782, iou_loss:2.546, l1_loss:0.000, conf_loss:2.585, cls_loss:0.651, lr:7.27e-05, ETA:2:06:37[0m
[32m2026-08-31 22:01:47[0m | [1mINFO    [0m | [36myolox.core.trainer[0m:[36m199[0m - [1mep:20/50, it:340/577, total_loss:6.178, iou_loss:3.142, l1_loss:0.000, conf_loss:2.175, cls_loss:0.861, lr:7.25e-05, ETA:2:06:26[0m
[32m2026-08-31 22:01:54[0m | [1mINFO    [0m | [36myolox.core.trainer[0m:[36m199[0m - [1mep:20/50, it:360/577, total_loss:5.128, iou_loss:2.506, l1_loss:0.000, conf_loss:2.012, cls_loss:0.610, lr:7.24e-05, ETA:2:06:15[0m
[32m2026-08-31 22:02:00[0m | [1mINFO    [0m | [36myolox.core.trainer[0m:[36m199[0m - [1mep:20/50, it:380/577, total_loss:6.016, iou_loss:2.534, l1_loss:0.000, conf_loss:2.840, cls_loss:0.642, lr:7.22e-05, ETA:2:06:03[0m
[32m2026-08-31 22:02:08[0m | [1mINFO    [0m | [36myolox.core.trainer[0m:[36m199[0m - [1mep:20/50, it:400/577, total_loss:4.820, iou_loss:2.271, l1_loss:0.000, conf_loss:1.978, cls_loss:0.572, lr:7.20e-05, ETA:2:05:53[0m
[32m2026-08-31 22:02:18[0m | [1mINFO    [0m | [36myolox.core.trainer[0m:[36m199[0m - [1mep:20/50, it:420/577, total_loss:4.888, iou_loss:2.155, l1_loss:0.000, conf_loss:2.135, cls_loss:0.597, lr:7.19e-05, ETA:2:05:47[0m
[32m2026-08-31 22:02:25[0m | [1mINFO    [0m | [36myolox.core.trainer[0m:[36m199[0m - [1mep:20/50, it:440/577, total_loss:3.963, iou_loss:2.108, l1_loss:0.000, conf_loss:1.304, cls_loss:0.551, lr:7.17e-05, ETA:2:05:36[0m
[32m2026-08-31 22:02:33[0m | [1mINFO    [0m | [36myolox.core.trainer[0m:[36m199[0m - [1mep:20/50, it:460/577, total_loss:4.273, iou_loss:2.144, l1_loss:0.000, conf_loss:1.565, cls_loss:0.563, lr:7.15e-05, ETA:2:05:26[0m
[32m2026-08-31 22:02:41[0m | [1mINFO    [0m | [36myolox.core.trainer[0m:[36m199[0m - [1mep:20/50, it:480/577, total_loss:5.220, iou_loss:2.924, l1_loss:0.000, conf_loss:1.646, cls_loss:0.650, lr:7.14e-05, ETA:2:05:16[0m
[32m2026-08-31 22:02:48[0m | [1mINFO    [0m | [36myolox.core.trainer[0m:[36m199[0m - [1mep:20/50, it:500/577, total_loss:6.189, iou_loss:2.801, l1_loss:0.000, conf_loss:2.728, cls_loss:0.659, lr:7.12e-05, ETA:2:05:04[0m
[32m2026-08-31 22:02:55[0m | [1mINFO    [0m | [36myolox.core.trainer[0m:[36m199[0m - [1mep:20/50, it:520/577, total_loss:5.044, iou_loss:2.372, l1_loss:0.000, conf_loss:2.051, cls_loss:0.621, lr:7.10e-05, ETA:2:04:53[0m
[32m2026-08-31 22:03:02[0m | [1mINFO    [0m | [36myolox.core.trainer[0m:[36m199[0m - [1mep:20/50, it:540/577, total_loss:4.017, iou_loss:2.143, l1_loss:0.000, conf_loss:1.352, cls_loss:0.523, lr:7.08e-05, ETA:2:04:43[0m
[32m2026-08-31 22:03:11[0m | [1mINFO    [0m | [36myolox.core.trainer[0m:[36m199[0m - [1mep:20/50, it:560/577, total_loss:6.111, iou_loss:2.859, l1_loss:0.000, conf_loss:2.577, cls_loss:0.674, lr:7.07e-05, ETA:2:04:34[0m
[32m2026-08-31 22:03:19[0m | [1mINFO    [0m | [36myolox.core.trainer[0m:[36m259[0m - [1mSave weights to D:\Codes\HDR\Sana\hdr4rtt_rod\cfg_hdr4rtt_rod_dedup[0m
[32m2026-08-31 22:03:19[0m | [1mINFO    [0m | [36myolox.core.trainer[0m:[36m259[0m - [1mSave weights to D:\Codes\HDR\Sana\hdr4rtt_rod\cfg_hdr4rtt_rod_dedup[0m
[32m2026-08-31 22:03:45[0m | [1mINFO    [0m | [36myolox.evaluators.coco_evaluator[0m:[36m142[0m - [1mEvaluate in main process...[0m
[32m2026-08-31 22:03:47[0m | [1mINFO    [0m | [36myolox.evaluators.coco_evaluator[0m:[36m176[0m - [1mLoading and preparing results...[0m
[32m2026-08-31 22:03:47[0m | [1mINFO    [0m | [36myolox.evaluators.coco_evaluator[0m:[36m176[0m - [1mDONE (t=0.32s)[0m
[32m2026-08-31 22:03:47[0m | [1mINFO    [0m | [36mpycocotools.coco[0m:[36m367[0m - [1mcreating index...[0m
[32m2026-08-31 22:03:47[0m | [1mINFO    [0m | [36mpycocotools.coco[0m:[36m367[0m - [1mindex created![0m
[32m2026-08-31 22:03:47[0m | [33m[1mWARNING [0m | [36myolox.evaluators.coco_evaluator[0m:[36m182[0m - [33m[1mUse standard COCOeval.[0m
[32m2026-08-31 22:03:47[0m | [1mINFO    [0m | [36myolox.evaluators.coco_evaluator[0m:[36m185[0m - [1mRunning per image evaluation...[0m
[32m2026-08-31 22:03:47[0m | [1mINFO    [0m | [36myolox.evaluators.coco_evaluator[0m:[36m185[0m - [1mEvaluate annotation type *bbox*[0m
[32m2026-08-31 22:03:49[0m | [1mINFO    [0m | [36myolox.evaluators.coco_evaluator[0m:[36m185[0m - [1mDONE (t=2.02s).[0m
[32m2026-08-31 22:03:49[0m | [1mINFO    [0m | [36myolox.evaluators.coco_evaluator[0m:[36m186[0m - [1mAccumulating evaluation results...[0m
[32m2026-08-31 22:03:49[0m | [1mINFO    [0m | [36myolox.evaluators.coco_evaluator[0m:[36m186[0m - [1mDONE (t=0.17s).[0m
[32m2026-08-31 22:03:49[0m | [1mINFO    [0m | [36myolox.core.trainer[0m:[36m250[0m - [1m
Average forward time: 14.15 ms, Average NMS time: 0.94 ms, Average inference time: 15.09 ms
 Average Precision  (AP) @[ IoU=0.50:0.95 | area=   all | maxDets=100 ] = 0.252
 Average Precision  (AP) @[ IoU=0.50      | area=   all | maxDets=100 ] = 0.525
 Average Precision  (AP) @[ IoU=0.75      | area=   all | maxDets=100 ] = 0.219
 Average Precision  (AP) @[ IoU=0.50:0.95 | area= small | maxDets=100 ] = 0.028
 Average Precision  (AP) @[ IoU=0.50:0.95 | area=medium | maxDets=100 ] = 0.120
 Average Precision  (AP) @[ IoU=0.50:0.95 | area= large | maxDets=100 ] = 0.391
 Average Recall     (AR) @[ IoU=0.50:0.95 | area=   all | maxDets=  1 ] = 0.106
 Average Recall     (AR) @[ IoU=0.50:0.95 | area=   all | maxDets= 10 ] = 0.279
 Average Recall     (AR) @[ IoU=0.50:0.95 | area=   all | maxDets=100 ] = 0.363
 Average Recall     (AR) @[ IoU=0.50:0.95 | area= small | maxDets=100 ] = 0.104
 Average Recall     (AR) @[ IoU=0.50:0.95 | area=medium | maxDets=100 ] = 0.267
 Average Recall     (AR) @[ IoU=0.50:0.95 | area= large | maxDets=100 ] = 0.490
[0m
[32m2026-08-31 22:03:49[0m | [1mINFO    [0m | [36myolox.core.trainer[0m:[36m259[0m - [1mSave weights to D:\Codes\HDR\Sana\hdr4rtt_rod\cfg_hdr4rtt_rod_dedup[0m
[32m2026-08-31 22:03:49[0m | [1mINFO    [0m | [36myolox.core.trainer[0m:[36m152[0m - [1m---> start train epoch21[0m
[32m2026-08-31 22:03:59[0m | [1mINFO    [0m | [36myolox.core.trainer[0m:[36m199[0m - [1mep:21/50, it:20/577, total_loss:6.244, iou_loss:2.648, l1_loss:0.000, conf_loss:2.975, cls_loss:0.621, lr:7.04e-05, ETA:2:04:20[0m
[32m2026-08-31 22:04:07[0m | [1mINFO    [0m | [36myolox.core.trainer[0m:[36m199[0m - [1mep:21/50, it:40/577, total_loss:6.384, iou_loss:2.631, l1_loss:0.000, conf_loss:3.077, cls_loss:0.676, lr:7.02e-05, ETA:2:04:10[0m
[32m2026-08-31 22:04:17[0m | [1mINFO    [0m | [36myolox.core.trainer[0m:[36m199[0m - [1mep:21/50, it:60/577, total_loss:5.353, iou_loss:2.459, l1_loss:0.000, conf_loss:2.209, cls_loss:0.685, lr:7.00e-05, ETA:2:04:05[0m
[32m2026-08-31 22:04:26[0m | [1mINFO    [0m | [36myolox.core.trainer[0m:[36m199[0m - [1mep:21/50, it:80/577, total_loss:6.237, iou_loss:2.827, l1_loss:0.000, conf_loss:2.758, cls_loss:0.652, lr:6.98e-05, ETA:2:03:56[0m
[32m2026-08-31 22:04:34[0m | [1mINFO    [0m | [36myolox.core.trainer[0m:[36m199[0m - [1mep:21/50, it:100/577, total_loss:3.113, iou_loss:1.417, l1_loss:0.000, conf_loss:1.248, cls_loss:0.448, lr:6.97e-05, ETA:2:03:47[0m
[32m2026-08-31 22:04:42[0m | [1mINFO    [0m | [36myolox.core.trainer[0m:[36m199[0m - [1mep:21/50, it:120/577, total_loss:4.386, iou_loss:2.255, l1_loss:0.000, conf_loss:1.535, cls_loss:0.595, lr:6.95e-05, ETA:2:03:38[0m
[32m2026-08-31 22:04:51[0m | [1mINFO    [0m | [36myolox.core.trainer[0m:[36m199[0m - [1mep:21/50, it:140/577, total_loss:4.993, iou_loss:2.460, l1_loss:0.000, conf_loss:1.916, cls_loss:0.618, lr:6.93e-05, ETA:2:03:29[0m
[32m2026-08-31 22:05:01[0m | [1mINFO    [0m | [36myolox.core.trainer[0m:[36m199[0m - [1mep:21/50, it:160/577, total_loss:5.971, iou_loss:2.619, l1_loss:0.000, conf_loss:2.675, cls_loss:0.676, lr:6.92e-05, ETA:2:03:22[0m
[32m2026-08-31 22:05:07[0m | [1mINFO    [0m | [36myolox.core.trainer[0m:[36m199[0m - [1mep:21/50, it:180/577, total_loss:6.101, iou_loss:2.822, l1_loss:0.000, conf_loss:2.599, cls_loss:0.680, lr:6.90e-05, ETA:2:03:11[0m
[32m2026-08-31 22:05:15[0m | [1mINFO    [0m | [36myolox.core.trainer[0m:[36m199[0m - [1mep:21/50, it:200/577, total_loss:8.866, iou_loss:3.194, l1_loss:0.000, conf_loss:4.712, cls_loss:0.960, lr:6.88e-05, ETA:2:03:00[0m
[32m2026-08-31 22:05:24[0m | [1mINFO    [0m | [36myolox.core.trainer[0m:[36m199[0m - [1mep:21/50, it:220/577, total_loss:5.111, iou_loss:2.490, l1_loss:0.000, conf_loss:2.026, cls_loss:0.595, lr:6.87e-05, ETA:2:02:53[0m
[32m2026-08-31 22:05:32[0m | [1mINFO    [0m | [36myolox.core.trainer[0m:[36m199[0m - [1mep:21/50, it:240/577, total_loss:4.878, iou_loss:2.349, l1_loss:0.000, conf_loss:1.948, cls_loss:0.581, lr:6.85e-05, ETA:2:02:42[0m
[32m2026-08-31 22:05:41[0m | [1mINFO    [0m | [36myolox.core.trainer[0m:[36m199[0m - [1mep:21/50, it:260/577, total_loss:4.116, iou_loss:1.996, l1_loss:0.000, conf_loss:1.527, cls_loss:0.592, lr:6.83e-05, ETA:2:02:34[0m
[32m2026-08-31 22:05:47[0m | [1mINFO    [0m | [36myolox.core.trainer[0m:[36m199[0m - [1mep:21/50, it:280/577, total_loss:4.383, iou_loss:2.574, l1_loss:0.000, conf_loss:1.194, cls_loss:0.615, lr:6.82e-05, ETA:2:02:22[0m
[32m2026-08-31 22:05:56[0m | [1mINFO    [0m | [36myolox.core.trainer[0m:[36m199[0m - [1mep:21/50, it:300/577, total_loss:4.752, iou_loss:2.243, l1_loss:0.000, conf_loss:1.952, cls_loss:0.557, lr:6.80e-05, ETA:2:02:14[0m
[32m2026-08-31 22:06:03[0m | [1mINFO    [0m | [36myolox.core.trainer[0m:[36m199[0m - [1mep:21/50, it:320/577, total_loss:4.026, iou_loss:1.984, l1_loss:0.000, conf_loss:1.503, cls_loss:0.539, lr:6.78e-05, ETA:2:02:04[0m
[32m2026-08-31 22:06:12[0m | [1mINFO    [0m | [36myolox.core.trainer[0m:[36m199[0m - [1mep:21/50, it:340/577, total_loss:4.022, iou_loss:2.161, l1_loss:0.000, conf_loss:1.304, cls_loss:0.557, lr:6.76e-05, ETA:2:01:55[0m
[32m2026-08-31 22:06:20[0m | [1mINFO    [0m | [36myolox.core.trainer[0m:[36m199[0m - [1mep:21/50, it:360/577, total_loss:4.932, iou_loss:2.431, l1_loss:0.000, conf_loss:1.890, cls_loss:0.611, lr:6.75e-05, ETA:2:01:45[0m
[32m2026-08-31 22:06:29[0m | [1mINFO    [0m | [36myolox.core.trainer[0m:[36m199[0m - [1mep:21/50, it:380/577, total_loss:6.725, iou_loss:2.829, l1_loss:0.000, conf_loss:3.224, cls_loss:0.672, lr:6.73e-05, ETA:2:01:37[0m
[32m2026-08-31 22:06:37[0m | [1mINFO    [0m | [36myolox.core.trainer[0m:[36m199[0m - [1mep:21/50, it:400/577, total_loss:2.521, iou_loss:1.274, l1_loss:0.000, conf_loss:0.827, cls_loss:0.420, lr:6.71e-05, ETA:2:01:28[0m
[32m2026-08-31 22:06:45[0m | [1mINFO    [0m | [36myolox.core.trainer[0m:[36m199[0m - [1mep:21/50, it:420/577, total_loss:5.813, iou_loss:2.896, l1_loss:0.000, conf_loss:2.256, cls_loss:0.662, lr:6.70e-05, ETA:2:01:19[0m
[32m2026-08-31 22:06:55[0m | [1mINFO    [0m | [36myolox.core.trainer[0m:[36m199[0m - [1mep:21/50, it:440/577, total_loss:6.274, iou_loss:2.911, l1_loss:0.000, conf_loss:2.685, cls_loss:0.677, lr:6.68e-05, ETA:2:01:12[0m
[32m2026-08-31 22:07:02[0m | [1mINFO    [0m | [36myolox.core.trainer[0m:[36m199[0m - [1mep:21/50, it:460/577, total_loss:4.355, iou_loss:2.125, l1_loss:0.000, conf_loss:1.665, cls_loss:0.564, lr:6.66e-05, ETA:2:01:01[0m
[32m2026-08-31 22:07:11[0m | [1mINFO    [0m | [36myolox.core.trainer[0m:[36m199[0m - [1mep:21/50, it:480/577, total_loss:4.348, iou_loss:2.238, l1_loss:0.000, conf_loss:1.566, cls_loss:0.544, lr:6.65e-05, ETA:2:00:52[0m
[32m2026-08-31 22:07:22[0m | [1mINFO    [0m | [36myolox.core.trainer[0m:[36m199[0m - [1mep:21/50, it:500/577, total_loss:4.846, iou_loss:2.527, l1_loss:0.000, conf_loss:1.713, cls_loss:0.606, lr:6.63e-05, ETA:2:00:47[0m
[32m2026-08-31 22:07:30[0m | [1mINFO    [0m | [36myolox.core.trainer[0m:[36m199[0m - [1mep:21/50, it:520/577, total_loss:7.240, iou_loss:2.980, l1_loss:0.000, conf_loss:3.367, cls_loss:0.892, lr:6.61e-05, ETA:2:00:38[0m
[32m2026-08-31 22:07:39[0m | [1mINFO    [0m | [36myolox.core.trainer[0m:[36m199[0m - [1mep:21/50, it:540/577, total_loss:5.112, iou_loss:2.525, l1_loss:0.000, conf_loss:1.962, cls_loss:0.625, lr:6.59e-05, ETA:2:00:30[0m
[32m2026-08-31 22:07:48[0m | [1mINFO    [0m | [36myolox.core.trainer[0m:[36m199[0m - [1mep:21/50, it:560/577, total_loss:5.923, iou_loss:3.088, l1_loss:0.000, conf_loss:2.158, cls_loss:0.678, lr:6.58e-05, ETA:2:00:22[0m
[32m2026-08-31 22:07:56[0m | [1mINFO    [0m | [36myolox.core.trainer[0m:[36m259[0m - [1mSave weights to D:\Codes\HDR\Sana\hdr4rtt_rod\cfg_hdr4rtt_rod_dedup[0m
[32m2026-08-31 22:07:56[0m | [1mINFO    [0m | [36myolox.core.trainer[0m:[36m152[0m - [1m---> start train epoch22[0m
[32m2026-08-31 22:08:06[0m | [1mINFO    [0m | [36myolox.core.trainer[0m:[36m199[0m - [1mep:22/50, it:20/577, total_loss:4.057, iou_loss:1.843, l1_loss:0.000, conf_loss:1.378, cls_loss:0.837, lr:6.55e-05, ETA:2:00:08[0m
[32m2026-08-31 22:08:16[0m | [1mINFO    [0m | [36myolox.core.trainer[0m:[36m199[0m - [1mep:22/50, it:40/577, total_loss:6.107, iou_loss:3.001, l1_loss:0.000, conf_loss:2.456, cls_loss:0.650, lr:6.53e-05, ETA:2:00:01[0m
[32m2026-08-31 22:08:25[0m | [1mINFO    [0m | [36myolox.core.trainer[0m:[36m199[0m - [1mep:22/50, it:60/577, total_loss:4.969, iou_loss:2.440, l1_loss:0.000, conf_loss:1.918, cls_loss:0.612, lr:6.51e-05, ETA:1:59:53[0m
[32m2026-08-31 22:08:34[0m | [1mINFO    [0m | [36myolox.core.trainer[0m:[36m199[0m - [1mep:22/50, it:80/577, total_loss:4.811, iou_loss:2.361, l1_loss:0.000, conf_loss:1.896, cls_loss:0.555, lr:6.49e-05, ETA:1:59:45[0m
[32m2026-08-31 22:08:42[0m | [1mINFO    [0m | [36myolox.core.trainer[0m:[36m199[0m - [1mep:22/50, it:100/577, total_loss:5.943, iou_loss:2.254, l1_loss:0.000, conf_loss:3.029, cls_loss:0.660, lr:6.48e-05, ETA:1:59:36[0m
[32m2026-08-31 22:08:51[0m | [1mINFO    [0m | [36myolox.core.trainer[0m:[36m199[0m - [1mep:22/50, it:120/577, total_loss:4.590, iou_loss:2.124, l1_loss:0.000, conf_loss:1.872, cls_loss:0.594, lr:6.46e-05, ETA:1:59:28[0m
[32m2026-08-31 22:08:58[0m | [1mINFO    [0m | [36myolox.core.trainer[0m:[36m199[0m - [1mep:22/50, it:140/577, total_loss:6.978, iou_loss:2.847, l1_loss:0.000, conf_loss:3.462, cls_loss:0.669, lr:6.44e-05, ETA:1:59:17[0m
[32m2026-08-31 22:09:07[0m | [1mINFO    [0m | [36myolox.core.trainer[0m:[36m199[0m - [1mep:22/50, it:160/577, total_loss:3.907, iou_loss:1.614, l1_loss:0.000, conf_loss:1.821, cls_loss:0.472, lr:6.43e-05, ETA:1:59:09[0m
[32m2026-08-31 22:09:13[0m | [1mINFO    [0m | [36myolox.core.trainer[0m:[36m199[0m - [1mep:22/50, it:180/577, total_loss:5.446, iou_loss:2.686, l1_loss:0.000, conf_loss:2.091, cls_loss:0.669, lr:6.41e-05, ETA:1:58:57[0m
[32m2026-08-31 22:09:22[0m | [1mINFO    [0m | [36myolox.core.trainer[0m:[36m199[0m - [1mep:22/50, it:200/577, total_loss:5.526, iou_loss:2.620, l1_loss:0.000, conf_loss:2.285, cls_loss:0.622, lr:6.39e-05, ETA:1:58:48[0m
[32m2026-08-31 22:09:30[0m | [1mINFO    [0m | [36myolox.core.trainer[0m:[36m199[0m - [1mep:22/50, it:220/577, total_loss:5.477, iou_loss:2.668, l1_loss:0.000, conf_loss:2.160, cls_loss:0.649, lr:6.38e-05, ETA:1:58:39[0m
[32m2026-08-31 22:09:37[0m | [1mINFO    [0m | [36myolox.core.trainer[0m:[36m199[0m - [1mep:22/50, it:240/577, total_loss:5.238, iou_loss:2.473, l1_loss:0.000, conf_loss:2.165, cls_loss:0.600, lr:6.36e-05, ETA:1:58:28[0m
[32m2026-08-31 22:09:45[0m | [1mINFO    [0m | [36myolox.core.trainer[0m:[36m199[0m - [1mep:22/50, it:260/577, total_loss:5.743, iou_loss:2.933, l1_loss:0.000, conf_loss:2.158, cls_loss:0.652, lr:6.34e-05, ETA:1:58:19[0m
[32m2026-08-31 22:09:53[0m | [1mINFO    [0m | [36myolox.core.trainer[0m:[36m199[0m - [1mep:22/50, it:280/577, total_loss:6.265, iou_loss:2.744, l1_loss:0.000, conf_loss:2.871, cls_loss:0.649, lr:6.32e-05, ETA:1:58:09[0m
[32m2026-08-31 22:10:02[0m | [1mINFO    [0m | [36myolox.core.trainer[0m:[36m199[0m - [1mep:22/50, it:300/577, total_loss:4.640, iou_loss:2.552, l1_loss:0.000, conf_loss:1.471, cls_loss:0.616, lr:6.31e-05, ETA:1:58:02[0m
[32m2026-08-31 22:10:09[0m | [1mINFO    [0m | [36myolox.core.trainer[0m:[36m199[0m - [1mep:22/50, it:320/577, total_loss:3.013, iou_loss:1.431, l1_loss:0.000, conf_loss:1.139, cls_loss:0.443, lr:6.29e-05, ETA:1:57:51[0m
[32m2026-08-31 22:10:17[0m | [1mINFO    [0m | [36myolox.core.trainer[0m:[36m199[0m - [1mep:22/50, it:340/577, total_loss:5.198, iou_loss:2.313, l1_loss:0.000, conf_loss:2.290, cls_loss:0.595, lr:6.27e-05, ETA:1:57:41[0m
[32m2026-08-31 22:10:25[0m | [1mINFO    [0m | [36myolox.core.trainer[0m:[36m199[0m - [1mep:22/50, it:360/577, total_loss:4.883, iou_loss:2.587, l1_loss:0.000, conf_loss:1.691, cls_loss:0.605, lr:6.26e-05, ETA:1:57:31[0m
[32m2026-08-31 22:10:31[0m | [1mINFO    [0m | [36myolox.core.trainer[0m:[36m199[0m - [1mep:22/50, it:380/577, total_loss:4.874, iou_loss:2.781, l1_loss:0.000, conf_loss:1.458, cls_loss:0.634, lr:6.24e-05, ETA:1:57:19[0m
[32m2026-08-31 22:10:40[0m | [1mINFO    [0m | [36myolox.core.trainer[0m:[36m199[0m - [1mep:22/50, it:400/577, total_loss:5.583, iou_loss:2.840, l1_loss:0.000, conf_loss:2.176, cls_loss:0.567, lr:6.22e-05, ETA:1:57:11[0m
[32m2026-08-31 22:10:48[0m | [1mINFO    [0m | [36myolox.core.trainer[0m:[36m199[0m - [1mep:22/50, it:420/577, total_loss:4.570, iou_loss:2.243, l1_loss:0.000, conf_loss:1.740, cls_loss:0.587, lr:6.21e-05, ETA:1:57:02[0m
[32m2026-08-31 22:10:56[0m | [1mINFO    [0m | [36myolox.core.trainer[0m:[36m199[0m - [1mep:22/50, it:440/577, total_loss:7.172, iou_loss:3.404, l1_loss:0.000, conf_loss:3.046, cls_loss:0.722, lr:6.19e-05, ETA:1:56:53[0m
[32m2026-08-31 22:11:07[0m | [1mINFO    [0m | [36myolox.core.trainer[0m:[36m199[0m - [1mep:22/50, it:460/577, total_loss:5.428, iou_loss:2.355, l1_loss:0.000, conf_loss:2.450, cls_loss:0.623, lr:6.17e-05, ETA:1:56:47[0m
[32m2026-08-31 22:11:17[0m | [1mINFO    [0m | [36myolox.core.trainer[0m:[36m199[0m - [1mep:22/50, it:480/577, total_loss:5.701, iou_loss:2.726, l1_loss:0.000, conf_loss:2.325, cls_loss:0.651, lr:6.15e-05, ETA:1:56:40[0m
[32m2026-08-31 22:11:24[0m | [1mINFO    [0m | [36myolox.core.trainer[0m:[36m199[0m - [1mep:22/50, it:500/577, total_loss:5.810, iou_loss:2.972, l1_loss:0.000, conf_loss:2.172, cls_loss:0.666, lr:6.14e-05, ETA:1:56:29[0m
[32m2026-08-31 22:11:31[0m | [1mINFO    [0m | [36myolox.core.trainer[0m:[36m199[0m - [1mep:22/50, it:520/577, total_loss:4.729, iou_loss:2.784, l1_loss:0.000, conf_loss:1.339, cls_loss:0.606, lr:6.12e-05, ETA:1:56:19[0m
[32m2026-08-31 22:11:41[0m | [1mINFO    [0m | [36myolox.core.trainer[0m:[36m199[0m - [1mep:22/50, it:540/577, total_loss:6.291, iou_loss:2.823, l1_loss:0.000, conf_loss:2.800, cls_loss:0.667, lr:6.10e-05, ETA:1:56:12[0m
[32m2026-08-31 22:11:49[0m | [1mINFO    [0m | [36myolox.core.trainer[0m:[36m199[0m - [1mep:22/50, it:560/577, total_loss:3.514, iou_loss:1.773, l1_loss:0.000, conf_loss:1.222, cls_loss:0.518, lr:6.09e-05, ETA:1:56:03[0m
[32m2026-08-31 22:11:58[0m | [1mINFO    [0m | [36myolox.core.trainer[0m:[36m259[0m - [1mSave weights to D:\Codes\HDR\Sana\hdr4rtt_rod\cfg_hdr4rtt_rod_dedup[0m
[32m2026-08-31 22:11:58[0m | [1mINFO    [0m | [36myolox.core.trainer[0m:[36m152[0m - [1m---> start train epoch23[0m
[32m2026-08-31 22:12:07[0m | [1mINFO    [0m | [36myolox.core.trainer[0m:[36m199[0m - [1mep:23/50, it:20/577, total_loss:5.271, iou_loss:2.298, l1_loss:0.000, conf_loss:2.312, cls_loss:0.661, lr:6.06e-05, ETA:1:55:50[0m
[32m2026-08-31 22:12:16[0m | [1mINFO    [0m | [36myolox.core.trainer[0m:[36m199[0m - [1mep:23/50, it:40/577, total_loss:6.327, iou_loss:2.988, l1_loss:0.000, conf_loss:2.516, cls_loss:0.823, lr:6.04e-05, ETA:1:55:41[0m
[32m2026-08-31 22:12:24[0m | [1mINFO    [0m | [36myolox.core.trainer[0m:[36m199[0m - [1mep:23/50, it:60/577, total_loss:6.976, iou_loss:3.142, l1_loss:0.000, conf_loss:3.118, cls_loss:0.716, lr:6.02e-05, ETA:1:55:32[0m
[32m2026-08-31 22:12:35[0m | [1mINFO    [0m | [36myolox.core.trainer[0m:[36m199[0m - [1mep:23/50, it:80/577, total_loss:5.927, iou_loss:2.845, l1_loss:0.000, conf_loss:2.446, cls_loss:0.636, lr:6.00e-05, ETA:1:55:26[0m
[32m2026-08-31 22:12:43[0m | [1mINFO    [0m | [36myolox.core.trainer[0m:[36m199[0m - [1mep:23/50, it:100/577, total_loss:5.074, iou_loss:2.695, l1_loss:0.000, conf_loss:1.717, cls_loss:0.662, lr:5.99e-05, ETA:1:55:16[0m
[32m2026-08-31 22:12:51[0m | [1mINFO    [0m | [36myolox.core.trainer[0m:[36m199[0m - [1mep:23/50, it:120/577, total_loss:4.871, iou_loss:2.224, l1_loss:0.000, conf_loss:2.041, cls_loss:0.606, lr:5.97e-05, ETA:1:55:07[0m
[32m2026-08-31 22:13:01[0m | [1mINFO    [0m | [36myolox.core.trainer[0m:[36m199[0m - [1mep:23/50, it:140/577, total_loss:5.078, iou_loss:2.357, l1_loss:0.000, conf_loss:2.147, cls_loss:0.574, lr:5.95e-05, ETA:1:55:00[0m
[32m2026-08-31 22:13:10[0m | [1mINFO    [0m | [36myolox.core.trainer[0m:[36m199[0m - [1mep:23/50, it:160/577, total_loss:3.335, iou_loss:1.777, l1_loss:0.000, conf_loss:1.059, cls_loss:0.500, lr:5.94e-05, ETA:1:54:52[0m
[32m2026-08-31 22:13:20[0m | [1mINFO    [0m | [36myolox.core.trainer[0m:[36m199[0m - [1mep:23/50, it:180/577, total_loss:6.048, iou_loss:3.256, l1_loss:0.000, conf_loss:2.013, cls_loss:0.778, lr:5.92e-05, ETA:1:54:45[0m
[32m2026-08-31 22:13:29[0m | [1mINFO    [0m | [36myolox.core.trainer[0m:[36m199[0m - [1mep:23/50, it:200/577, total_loss:6.232, iou_loss:3.131, l1_loss:0.000, conf_loss:2.439, cls_loss:0.662, lr:5.90e-05, ETA:1:54:37[0m
[32m2026-08-31 22:13:36[0m | [1mINFO    [0m | [36myolox.core.trainer[0m:[36m199[0m - [1mep:23/50, it:220/577, total_loss:4.455, iou_loss:2.332, l1_loss:0.000, conf_loss:1.531, cls_loss:0.592, lr:5.89e-05, ETA:1:54:27[0m
[32m2026-08-31 22:13:45[0m | [1mINFO    [0m | [36myolox.core.trainer[0m:[36m199[0m - [1mep:23/50, it:240/577, total_loss:5.333, iou_loss:2.736, l1_loss:0.000, conf_loss:1.939, cls_loss:0.658, lr:5.87e-05, ETA:1:54:18[0m
[32m2026-08-31 22:13:52[0m | [1mINFO    [0m | [36myolox.core.trainer[0m:[36m199[0m - [1mep:23/50, it:260/577, total_loss:5.589, iou_loss:2.770, l1_loss:0.000, conf_loss:2.179, cls_loss:0.639, lr:5.85e-05, ETA:1:54:08[0m
[32m2026-08-31 22:14:02[0m | [1mINFO    [0m | [36myolox.core.trainer[0m:[36m199[0m - [1mep:23/50, it:280/577, total_loss:5.535, iou_loss:2.949, l1_loss:0.000, conf_loss:1.913, cls_loss:0.673, lr:5.84e-05, ETA:1:54:01[0m
[32m2026-08-31 22:14:09[0m | [1mINFO    [0m | [36myolox.core.trainer[0m:[36m199[0m - [1mep:23/50, it:300/577, total_loss:4.724, iou_loss:2.261, l1_loss:0.000, conf_loss:1.854, cls_loss:0.609, lr:5.82e-05, ETA:1:53:50[0m
[32m2026-08-31 22:14:17[0m | [1mINFO    [0m | [36myolox.core.trainer[0m:[36m199[0m - [1mep:23/50, it:320/577, total_loss:4.334, iou_loss:2.217, l1_loss:0.000, conf_loss:1.527, cls_loss:0.590, lr:5.80e-05, ETA:1:53:41[0m
[32m2026-08-31 22:14:25[0m | [1mINFO    [0m | [36myolox.core.trainer[0m:[36m199[0m - [1mep:23/50, it:340/577, total_loss:5.214, iou_loss:2.805, l1_loss:0.000, conf_loss:1.784, cls_loss:0.624, lr:5.78e-05, ETA:1:53:31[0m
[32m2026-08-31 22:14:33[0m | [1mINFO    [0m | [36myolox.core.trainer[0m:[36m199[0m - [1mep:23/50, it:360/577, total_loss:5.197, iou_loss:2.468, l1_loss:0.000, conf_loss:2.122, cls_loss:0.606, lr:5.77e-05, ETA:1:53:22[0m
[32m2026-08-31 22:14:41[0m | [1mINFO    [0m | [36myolox.core.trainer[0m:[36m199[0m - [1mep:23/50, it:380/577, total_loss:4.823, iou_loss:2.518, l1_loss:0.000, conf_loss:1.629, cls_loss:0.676, lr:5.75e-05, ETA:1:53:13[0m
[32m2026-08-31 22:14:49[0m | [1mINFO    [0m | [36myolox.core.trainer[0m:[36m199[0m - [1mep:23/50, it:400/577, total_loss:4.040, iou_loss:2.185, l1_loss:0.000, conf_loss:1.261, cls_loss:0.594, lr:5.73e-05, ETA:1:53:03[0m
[32m2026-08-31 22:14:56[0m | [1mINFO    [0m | [36myolox.core.trainer[0m:[36m199[0m - [1mep:23/50, it:420/577, total_loss:5.037, iou_loss:2.411, l1_loss:0.000, conf_loss:2.007, cls_loss:0.618, lr:5.72e-05, ETA:1:52:53[0m
[32m2026-08-31 22:15:04[0m | [1mINFO    [0m | [36myolox.core.trainer[0m:[36m199[0m - [1mep:23/50, it:440/577, total_loss:5.266, iou_loss:2.319, l1_loss:0.000, conf_loss:2.348, cls_loss:0.599, lr:5.70e-05, ETA:1:52:44[0m
[32m2026-08-31 22:15:15[0m | [1mINFO    [0m | [36myolox.core.trainer[0m:[36m199[0m - [1mep:23/50, it:460/577, total_loss:4.992, iou_loss:2.416, l1_loss:0.000, conf_loss:1.963, cls_loss:0.613, lr:5.68e-05, ETA:1:52:38[0m
[32m2026-08-31 22:15:22[0m | [1mINFO    [0m | [36myolox.core.trainer[0m:[36m199[0m - [1mep:23/50, it:480/577, total_loss:4.351, iou_loss:2.028, l1_loss:0.000, conf_loss:1.740, cls_loss:0.583, lr:5.67e-05, ETA:1:52:27[0m
[32m2026-08-31 22:15:30[0m | [1mINFO    [0m | [36myolox.core.trainer[0m:[36m199[0m - [1mep:23/50, it:500/577, total_loss:3.663, iou_loss:1.867, l1_loss:0.000, conf_loss:1.303, cls_loss:0.493, lr:5.65e-05, ETA:1:52:17[0m
[32m2026-08-31 22:15:38[0m | [1mINFO    [0m | [36myolox.core.trainer[0m:[36m199[0m - [1mep:23/50, it:520/577, total_loss:4.289, iou_loss:2.176, l1_loss:0.000, conf_loss:1.517, cls_loss:0.597, lr:5.63e-05, ETA:1:52:09[0m
[32m2026-08-31 22:15:46[0m | [1mINFO    [0m | [36myolox.core.trainer[0m:[36m199[0m - [1mep:23/50, it:540/577, total_loss:5.823, iou_loss:2.695, l1_loss:0.000, conf_loss:2.493, cls_loss:0.635, lr:5.62e-05, ETA:1:51:59[0m
[32m2026-08-31 22:15:54[0m | [1mINFO    [0m | [36myolox.core.trainer[0m:[36m199[0m - [1mep:23/50, it:560/577, total_loss:5.337, iou_loss:2.506, l1_loss:0.000, conf_loss:2.221, cls_loss:0.610, lr:5.60e-05, ETA:1:51:49[0m
[32m2026-08-31 22:16:01[0m | [1mINFO    [0m | [36myolox.core.trainer[0m:[36m259[0m - [1mSave weights to D:\Codes\HDR\Sana\hdr4rtt_rod\cfg_hdr4rtt_rod_dedup[0m
[32m2026-08-31 22:16:01[0m | [1mINFO    [0m | [36myolox.core.trainer[0m:[36m152[0m - [1m---> start train epoch24[0m
[32m2026-08-31 22:16:10[0m | [1mINFO    [0m | [36myolox.core.trainer[0m:[36m199[0m - [1mep:24/50, it:20/577, total_loss:4.265, iou_loss:1.967, l1_loss:0.000, conf_loss:1.781, cls_loss:0.517, lr:5.57e-05, ETA:1:51:33[0m
[32m2026-08-31 22:16:18[0m | [1mINFO    [0m | [36myolox.core.trainer[0m:[36m199[0m - [1mep:24/50, it:40/577, total_loss:5.068, iou_loss:2.247, l1_loss:0.000, conf_loss:2.230, cls_loss:0.591, lr:5.55e-05, ETA:1:51:24[0m
[32m2026-08-31 22:16:27[0m | [1mINFO    [0m | [36myolox.core.trainer[0m:[36m199[0m - [1mep:24/50, it:60/577, total_loss:4.456, iou_loss:2.501, l1_loss:0.000, conf_loss:1.367, cls_loss:0.588, lr:5.53e-05, ETA:1:51:16[0m
[32m2026-08-31 22:16:36[0m | [1mINFO    [0m | [36myolox.core.trainer[0m:[36m199[0m - [1mep:24/50, it:80/577, total_loss:5.742, iou_loss:2.611, l1_loss:0.000, conf_loss:2.485, cls_loss:0.645, lr:5.52e-05, ETA:1:51:09[0m
[32m2026-08-31 22:16:45[0m | [1mINFO    [0m | [36myolox.core.trainer[0m:[36m199[0m - [1mep:24/50, it:100/577, total_loss:4.758, iou_loss:2.738, l1_loss:0.000, conf_loss:1.388, cls_loss:0.632, lr:5.50e-05, ETA:1:50:59[0m
[32m2026-08-31 22:16:53[0m | [1mINFO    [0m | [36myolox.core.trainer[0m:[36m199[0m - [1mep:24/50, it:120/577, total_loss:5.826, iou_loss:2.682, l1_loss:0.000, conf_loss:2.479, cls_loss:0.665, lr:5.48e-05, ETA:1:50:51[0m
[32m2026-08-31 22:17:02[0m | [1mINFO    [0m | [36myolox.core.trainer[0m:[36m199[0m - [1mep:24/50, it:140/577, total_loss:4.775, iou_loss:2.315, l1_loss:0.000, conf_loss:1.875, cls_loss:0.585, lr:5.47e-05, ETA:1:50:43[0m
[32m2026-08-31 22:17:11[0m | [1mINFO    [0m | [36myolox.core.trainer[0m:[36m199[0m - [1mep:24/50, it:160/577, total_loss:5.412, iou_loss:2.380, l1_loss:0.000, conf_loss:2.428, cls_loss:0.604, lr:5.45e-05, ETA:1:50:34[0m
[32m2026-08-31 22:17:18[0m | [1mINFO    [0m | [36myolox.core.trainer[0m:[36m199[0m - [1mep:24/50, it:180/577, total_loss:5.078, iou_loss:2.618, l1_loss:0.000, conf_loss:1.704, cls_loss:0.755, lr:5.43e-05, ETA:1:50:24[0m
[32m2026-08-31 22:17:28[0m | [1mINFO    [0m | [36myolox.core.trainer[0m:[36m199[0m - [1mep:24/50, it:200/577, total_loss:4.737, iou_loss:2.499, l1_loss:0.000, conf_loss:1.664, cls_loss:0.575, lr:5.42e-05, ETA:1:50:17[0m
[32m2026-08-31 22:17:37[0m | [1mINFO    [0m | [36myolox.core.trainer[0m:[36m199[0m - [1mep:24/50, it:220/577, total_loss:5.346, iou_loss:2.356, l1_loss:0.000, conf_loss:2.397, cls_loss:0.592, lr:5.40e-05, ETA:1:50:08[0m
[32m2026-08-31 22:17:46[0m | [1mINFO    [0m | [36myolox.core.trainer[0m:[36m199[0m - [1mep:24/50, it:240/577, total_loss:6.029, iou_loss:3.143, l1_loss:0.000, conf_loss:2.193, cls_loss:0.693, lr:5.38e-05, ETA:1:50:00[0m
[32m2026-08-31 22:17:54[0m | [1mINFO    [0m | [36myolox.core.trainer[0m:[36m199[0m - [1mep:24/50, it:260/577, total_loss:5.831, iou_loss:2.692, l1_loss:0.000, conf_loss:2.470, cls_loss:0.668, lr:5.37e-05, ETA:1:49:52[0m
[32m2026-08-31 22:18:02[0m | [1mINFO    [0m | [36myolox.core.trainer[0m:[36m199[0m - [1mep:24/50, it:280/577, total_loss:4.087, iou_loss:2.004, l1_loss:0.000, conf_loss:1.532, cls_loss:0.551, lr:5.35e-05, ETA:1:49:42[0m
[32m2026-08-31 22:18:11[0m | [1mINFO    [0m | [36myolox.core.trainer[0m:[36m199[0m - [1mep:24/50, it:300/577, total_loss:4.562, iou_loss:2.352, l1_loss:0.000, conf_loss:1.636, cls_loss:0.575, lr:5.33e-05, ETA:1:49:33[0m
[32m2026-08-31 22:18:19[0m | [1mINFO    [0m | [36myolox.core.trainer[0m:[36m199[0m - [1mep:24/50, it:320/577, total_loss:5.481, iou_loss:2.459, l1_loss:0.000, conf_loss:2.338, cls_loss:0.684, lr:5.32e-05, ETA:1:49:24[0m
[32m2026-08-31 22:18:27[0m | [1mINFO    [0m | [36myolox.core.trainer[0m:[36m199[0m - [1mep:24/50, it:340/577, total_loss:5.361, iou_loss:2.605, l1_loss:0.000, conf_loss:2.103, cls_loss:0.652, lr:5.30e-05, ETA:1:49:16[0m
[32m2026-08-31 22:18:35[0m | [1mINFO    [0m | [36myolox.core.trainer[0m:[36m199[0m - [1mep:24/50, it:360/577, total_loss:5.123, iou_loss:2.516, l1_loss:0.000, conf_loss:1.994, cls_loss:0.613, lr:5.28e-05, ETA:1:49:06[0m
[32m2026-08-31 22:18:45[0m | [1mINFO    [0m | [36myolox.core.trainer[0m:[36m199[0m - [1mep:24/50, it:380/577, total_loss:5.929, iou_loss:2.829, l1_loss:0.000, conf_loss:2.300, cls_loss:0.800, lr:5.27e-05, ETA:1:48:59[0m
[32m2026-08-31 22:18:52[0m | [1mINFO    [0m | [36myolox.core.trainer[0m:[36m199[0m - [1mep:24/50, it:400/577, total_loss:5.409, iou_loss:2.501, l1_loss:0.000, conf_loss:2.310, cls_loss:0.599, lr:5.25e-05, ETA:1:48:49[0m
[32m2026-08-31 22:19:01[0m | [1mINFO    [0m | [36myolox.core.trainer[0m:[36m199[0m - [1mep:24/50, it:420/577, total_loss:4.761, iou_loss:2.470, l1_loss:0.000, conf_loss:1.629, cls_loss:0.662, lr:5.23e-05, ETA:1:48:40[0m
[32m2026-08-31 22:19:09[0m | [1mINFO    [0m | [36myolox.core.trainer[0m:[36m199[0m - [1mep:24/50, it:440/577, total_loss:5.937, iou_loss:3.048, l1_loss:0.000, conf_loss:2.213, cls_loss:0.676, lr:5.22e-05, ETA:1:48:31[0m
[32m2026-08-31 22:19:18[0m | [1mINFO    [0m | [36myolox.core.trainer[0m:[36m199[0m - [1mep:24/50, it:460/577, total_loss:5.437, iou_loss:2.402, l1_loss:0.000, conf_loss:2.424, cls_loss:0.611, lr:5.20e-05, ETA:1:48:22[0m
[32m2026-08-31 22:19:26[0m | [1mINFO    [0m | [36myolox.core.trainer[0m:[36m199[0m - [1mep:24/50, it:480/577, total_loss:5.745, iou_loss:2.498, l1_loss:0.000, conf_loss:2.422, cls_loss:0.824, lr:5.19e-05, ETA:1:48:13[0m
[32m2026-08-31 22:19:33[0m | [1mINFO    [0m | [36myolox.core.trainer[0m:[36m199[0m - [1mep:24/50, it:500/577, total_loss:4.479, iou_loss:2.216, l1_loss:0.000, conf_loss:1.703, cls_loss:0.559, lr:5.17e-05, ETA:1:48:03[0m
[32m2026-08-31 22:19:41[0m | [1mINFO    [0m | [36myolox.core.trainer[0m:[36m199[0m - [1mep:24/50, it:520/577, total_loss:6.310, iou_loss:3.035, l1_loss:0.000, conf_loss:2.595, cls_loss:0.680, lr:5.15e-05, ETA:1:47:54[0m
[32m2026-08-31 22:19:50[0m | [1mINFO    [0m | [36myolox.core.trainer[0m:[36m199[0m - [1mep:24/50, it:540/577, total_loss:5.001, iou_loss:2.681, l1_loss:0.000, conf_loss:1.697, cls_loss:0.623, lr:5.14e-05, ETA:1:47:46[0m
[32m2026-08-31 22:19:57[0m | [1mINFO    [0m | [36myolox.core.trainer[0m:[36m199[0m - [1mep:24/50, it:560/577, total_loss:3.120, iou_loss:1.579, l1_loss:0.000, conf_loss:1.083, cls_loss:0.459, lr:5.12e-05, ETA:1:47:36[0m
[32m2026-08-31 22:20:05[0m | [1mINFO    [0m | [36myolox.core.trainer[0m:[36m259[0m - [1mSave weights to D:\Codes\HDR\Sana\hdr4rtt_rod\cfg_hdr4rtt_rod_dedup[0m
[32m2026-08-31 22:20:05[0m | [1mINFO    [0m | [36myolox.core.trainer[0m:[36m152[0m - [1m---> start train epoch25[0m
[32m2026-08-31 22:20:12[0m | [1mINFO    [0m | [36myolox.core.trainer[0m:[36m199[0m - [1mep:25/50, it:20/577, total_loss:6.027, iou_loss:2.516, l1_loss:0.000, conf_loss:2.903, cls_loss:0.609, lr:5.09e-05, ETA:1:47:19[0m
[32m2026-08-31 22:20:20[0m | [1mINFO    [0m | [36myolox.core.trainer[0m:[36m199[0m - [1mep:25/50, it:40/577, total_loss:4.489, iou_loss:2.154, l1_loss:0.000, conf_loss:1.747, cls_loss:0.588, lr:5.07e-05, ETA:1:47:09[0m
[32m2026-08-31 22:20:29[0m | [1mINFO    [0m | [36myolox.core.trainer[0m:[36m199[0m - [1mep:25/50, it:60/577, total_loss:3.806, iou_loss:1.925, l1_loss:0.000, conf_loss:1.347, cls_loss:0.534, lr:5.06e-05, ETA:1:47:01[0m
[32m2026-08-31 22:20:38[0m | [1mINFO    [0m | [36myolox.core.trainer[0m:[36m199[0m - [1mep:25/50, it:80/577, total_loss:5.674, iou_loss:2.416, l1_loss:0.000, conf_loss:2.269, cls_loss:0.989, lr:5.04e-05, ETA:1:46:52[0m
[32m2026-08-31 22:20:46[0m | [1mINFO    [0m | [36myolox.core.trainer[0m:[36m199[0m - [1mep:25/50, it:100/577, total_loss:4.337, iou_loss:2.142, l1_loss:0.000, conf_loss:1.524, cls_loss:0.672, lr:5.02e-05, ETA:1:46:44[0m
[32m2026-08-31 22:20:55[0m | [1mINFO    [0m | [36myolox.core.trainer[0m:[36m199[0m - [1mep:25/50, it:120/577, total_loss:5.857, iou_loss:2.657, l1_loss:0.000, conf_loss:2.559, cls_loss:0.641, lr:5.01e-05, ETA:1:46:36[0m
[32m2026-08-31 22:21:05[0m | [1mINFO    [0m | [36myolox.core.trainer[0m:[36m199[0m - [1mep:25/50, it:140/577, total_loss:4.090, iou_loss:2.215, l1_loss:0.000, conf_loss:1.309, cls_loss:0.566, lr:4.99e-05, ETA:1:46:28[0m
[32m2026-08-31 22:21:14[0m | [1mINFO    [0m | [36myolox.core.trainer[0m:[36m199[0m - [1mep:25/50, it:160/577, total_loss:7.508, iou_loss:2.848, l1_loss:0.000, conf_loss:3.902, cls_loss:0.758, lr:4.97e-05, ETA:1:46:20[0m
[32m2026-08-31 22:21:21[0m | [1mINFO    [0m | [36myolox.core.trainer[0m:[36m199[0m - [1mep:25/50, it:180/577, total_loss:6.611, iou_loss:3.491, l1_loss:0.000, conf_loss:2.315, cls_loss:0.805, lr:4.96e-05, ETA:1:46:10[0m
[32m2026-08-31 22:21:31[0m | [1mINFO    [0m | [36myolox.core.trainer[0m:[36m199[0m - [1mep:25/50, it:200/577, total_loss:7.228, iou_loss:2.752, l1_loss:0.000, conf_loss:3.844, cls_loss:0.631, lr:4.94e-05, ETA:1:46:03[0m
[32m2026-08-31 22:21:40[0m | [1mINFO    [0m | [36myolox.core.trainer[0m:[36m199[0m - [1mep:25/50, it:220/577, total_loss:5.308, iou_loss:2.474, l1_loss:0.000, conf_loss:2.218, cls_loss:0.616, lr:4.92e-05, ETA:1:45:55[0m
[32m2026-08-31 22:21:49[0m | [1mINFO    [0m | [36myolox.core.trainer[0m:[36m199[0m - [1mep:25/50, it:240/577, total_loss:3.774, iou_loss:2.083, l1_loss:0.000, conf_loss:1.147, cls_loss:0.544, lr:4.91e-05, ETA:1:45:46[0m
[32m2026-08-31 22:21:59[0m | [1mINFO    [0m | [36myolox.core.trainer[0m:[36m199[0m - [1mep:25/50, it:260/577, total_loss:7.149, iou_loss:3.013, l1_loss:0.000, conf_loss:3.418, cls_loss:0.718, lr:4.89e-05, ETA:1:45:39[0m
[32m2026-08-31 22:22:07[0m | [1mINFO    [0m | [36myolox.core.trainer[0m:[36m199[0m - [1mep:25/50, it:280/577, total_loss:6.001, iou_loss:2.894, l1_loss:0.000, conf_loss:2.440, cls_loss:0.666, lr:4.88e-05, ETA:1:45:30[0m
[32m2026-08-31 22:22:15[0m | [1mINFO    [0m | [36myolox.core.trainer[0m:[36m199[0m - [1mep:25/50, it:300/577, total_loss:5.654, iou_loss:2.778, l1_loss:0.000, conf_loss:2.234, cls_loss:0.642, lr:4.86e-05, ETA:1:45:21[0m
[32m2026-08-31 22:22:24[0m | [1mINFO    [0m | [36myolox.core.trainer[0m:[36m199[0m - [1mep:25/50, it:320/577, total_loss:4.136, iou_loss:2.117, l1_loss:0.000, conf_loss:1.449, cls_loss:0.570, lr:4.84e-05, ETA:1:45:13[0m
[32m2026-08-31 22:22:33[0m | [1mINFO    [0m | [36myolox.core.trainer[0m:[36m199[0m - [1mep:25/50, it:340/577, total_loss:5.828, iou_loss:2.854, l1_loss:0.000, conf_loss:2.344, cls_loss:0.629, lr:4.83e-05, ETA:1:45:05[0m
[32m2026-08-31 22:22:42[0m | [1mINFO    [0m | [36myolox.core.trainer[0m:[36m199[0m - [1mep:25/50, it:360/577, total_loss:4.275, iou_loss:2.026, l1_loss:0.000, conf_loss:1.642, cls_loss:0.607, lr:4.81e-05, ETA:1:44:56[0m
[32m2026-08-31 22:22:50[0m | [1mINFO    [0m | [36myolox.core.trainer[0m:[36m199[0m - [1mep:25/50, it:380/577, total_loss:5.080, iou_loss:2.461, l1_loss:0.000, conf_loss:2.005, cls_loss:0.614, lr:4.79e-05, ETA:1:44:47[0m
[32m2026-08-31 22:23:00[0m | [1mINFO    [0m | [36myolox.core.trainer[0m:[36m199[0m - [1mep:25/50, it:400/577, total_loss:6.441, iou_loss:3.049, l1_loss:0.000, conf_loss:2.689, cls_loss:0.703, lr:4.78e-05, ETA:1:44:40[0m
[32m2026-08-31 22:23:07[0m | [1mINFO    [0m | [36myolox.core.trainer[0m:[36m199[0m - [1mep:25/50, it:420/577, total_loss:5.448, iou_loss:3.048, l1_loss:0.000, conf_loss:1.697, cls_loss:0.703, lr:4.76e-05, ETA:1:44:30[0m
[32m2026-08-31 22:23:16[0m | [1mINFO    [0m | [36myolox.core.trainer[0m:[36m199[0m - [1mep:25/50, it:440/577, total_loss:4.025, iou_loss:2.021, l1_loss:0.000, conf_loss:1.441, cls_loss:0.563, lr:4.75e-05, ETA:1:44:21[0m
[32m2026-08-31 22:23:26[0m | [1mINFO    [0m | [36myolox.core.trainer[0m:[36m199[0m - [1mep:25/50, it:460/577, total_loss:5.374, iou_loss:2.925, l1_loss:0.000, conf_loss:1.795, cls_loss:0.654, lr:4.73e-05, ETA:1:44:14[0m
[32m2026-08-31 22:23:34[0m | [1mINFO    [0m | [36myolox.core.trainer[0m:[36m199[0m - [1mep:25/50, it:480/577, total_loss:4.068, iou_loss:2.223, l1_loss:0.000, conf_loss:1.280, cls_loss:0.564, lr:4.71e-05, ETA:1:44:05[0m
[32m2026-08-31 22:23:44[0m | [1mINFO    [0m | [36myolox.core.trainer[0m:[36m199[0m - [1mep:25/50, it:500/577, total_loss:5.046, iou_loss:2.451, l1_loss:0.000, conf_loss:1.992, cls_loss:0.603, lr:4.70e-05, ETA:1:43:57[0m
[32m2026-08-31 22:23:53[0m | [1mINFO    [0m | [36myolox.core.trainer[0m:[36m199[0m - [1mep:25/50, it:520/577, total_loss:4.490, iou_loss:2.355, l1_loss:0.000, conf_loss:1.563, cls_loss:0.572, lr:4.68e-05, ETA:1:43:49[0m
[32m2026-08-31 22:24:01[0m | [1mINFO    [0m | [36myolox.core.trainer[0m:[36m199[0m - [1mep:25/50, it:540/577, total_loss:5.820, iou_loss:2.777, l1_loss:0.000, conf_loss:2.389, cls_loss:0.653, lr:4.66e-05, ETA:1:43:40[0m
[32m2026-08-31 22:24:09[0m | [1mINFO    [0m | [36myolox.core.trainer[0m:[36m199[0m - [1mep:25/50, it:560/577, total_loss:4.415, iou_loss:2.270, l1_loss:0.000, conf_loss:1.570, cls_loss:0.574, lr:4.65e-05, ETA:1:43:31[0m
[32m2026-08-31 22:24:16[0m | [1mINFO    [0m | [36myolox.core.trainer[0m:[36m259[0m - [1mSave weights to D:\Codes\HDR\Sana\hdr4rtt_rod\cfg_hdr4rtt_rod_dedup[0m
[32m2026-08-31 22:24:16[0m | [1mINFO    [0m | [36myolox.core.trainer[0m:[36m259[0m - [1mSave weights to D:\Codes\HDR\Sana\hdr4rtt_rod\cfg_hdr4rtt_rod_dedup[0m
 77%|#######7  | 111/144 [00:22<00:03,  8.63it/s] 78%|#######7  | 112/144 [00:22<00:03,  8.89it/s] 78%|#######8  | 113/144 [00:22<00:03,  7.75it/s] 79%|#######9  | 114/144 [00:22<00:03,  8.21it/s] 81%|########  | 116/144 [00:22<00:03,  8.84it/s] 81%|########1 | 117/144 [00:23<00:03,  8.02it/s] 82%|########1 | 118/144 [00:23<00:03,  8.41it/s] 83%|########3 | 120/144 [00:23<00:02,  8.97it/s] 84%|########4 | 121/144 [00:23<00:02,  7.98it/s] 85%|########5 | 123/144 [00:23<00:02,  8.63it/s] 87%|########6 | 125/144 [00:24<00:02,  8.31it/s] 88%|########8 | 127/144 [00:24<00:01,  8.79it/s] 89%|########8 | 128/144 [00:24<00:01,  9.00it/s] 90%|########9 | 129/144 [00:24<00:01,  8.15it/s] 90%|######### | 130/144 [00:24<00:01,  8.38it/s] 92%|#########1| 132/144 [00:24<00:01,  8.92it/s] 92%|#########2| 133/144 [00:24<00:01,  7.98it/s] 94%|#########3| 135/144 [00:25<00:01,  8.66it/s] 94%|#########4| 136/144 [00:25<00:00,  8.91it/s] 95%|#########5| 137/144 [00:25<00:00,  7.75it/s] 96%|#########5| 138/144 [00:25<00:00,  8.21it/s] 97%|#########7| 140/144 [00:25<00:00,  7.31it/s] 98%|#########7| 141/144 [00:25<00:00,  7.78it/s] 99%|#########9| 143/144 [00:26<00:00,  8.78it/s]100%|##########| 144/144 [00:26<00:00,  5.38it/s]
  0%|          | 0/144 [00:00<?, ?it/s]  1%|          | 1/144 [00:09<22:22,  9.39s/it]  2%|2         | 3/144 [00:09<05:53,  2.51s/it]  3%|2         | 4/144 [00:09<03:55,  1.68s/it]  3%|3         | 5/144 [00:09<02:41,  1.16s/it]  5%|4         | 7/144 [00:10<01:28,  1.56it/s]  6%|5         | 8/144 [00:10<01:08,  1.98it/s]  7%|6         | 10/144 [00:10<00:44,  3.02it/s]  8%|7         | 11/144 [00:10<00:36,  3.60it/s]  8%|8         | 12/144 [00:10<00:30,  4.27it/s]  9%|9         | 13/144 [00:10<00:29,  4.40it/s] 10%|#         | 15/144 [00:10<00:21,  5.87it/s] 11%|#1        | 16/144 [00:11<00:20,  6.36it/s] 12%|#1        | 17/144 [00:11<00:20,  6.06it/s] 12%|#2        | 18/144 [00:11<00:18,  6.74it/s] 13%|#3        | 19/144 [00:11<00:16,  7.40it/s] 15%|#4        | 21/144 [00:11<00:16,  7.32it/s] 15%|#5        | 22/144 [00:11<00:15,  7.69it/s] 16%|#5        | 23/144 [00:11<00:14,  8.09it/s] 17%|#7        | 25/144 [00:12<00:14,  8.01it/s] 18%|#8        | 26/144 [00:12<00:14,  8.13it/s] 19%|#9        | 28/144 [00:12<00:13,  8.76it/s] 20%|##        | 29/144 [00:12<00:15,  7.66it/s] 22%|##1       | 31/144 [00:12<00:13,  8.44it/s] 23%|##2       | 33/144 [00:13<00:13,  8.04it/s] 24%|##3       | 34/144 [00:13<00:13,  8.35it/s] 24%|##4       | 35/144 [00:13<00:12,  8.65it/s] 25%|##5       | 36/144 [00:13<00:12,  8.86it/s] 26%|##5       | 37/144 [00:13<00:13,  7.87it/s] 27%|##7       | 39/144 [00:13<00:12,  8.66it/s] 28%|##7       | 40/144 [00:13<00:12,  8.63it/s] 28%|##8       | 41/144 [00:14<00:12,  8.29it/s] 30%|##9       | 43/144 [00:14<00:13,  7.36it/s] 31%|###       | 44/144 [00:14<00:12,  7.70it/s] 32%|###1      | 46/144 [00:14<00:11,  8.37it/s] 33%|###2      | 47/144 [00:14<00:11,  8.68it/s] 33%|###3      | 48/144 [00:14<00:11,  8.67it/s] 34%|###4      | 49/144 [00:15<00:10,  8.78it/s] 35%|###5      | 51/144 [00:15<00:10,  9.12it/s] 37%|###6      | 53/144 [00:15<00:10,  8.44it/s] 38%|###8      | 55/144 [00:15<00:09,  8.92it/s] 40%|###9      | 57/144 [00:15<00:10,  8.60it/s] 40%|####      | 58/144 [00:16<00:09,  8.83it/s] 41%|####      | 59/144 [00:16<00:09,  8.80it/s] 42%|####1     | 60/144 [00:16<00:09,  9.02it/s] 42%|####2     | 61/144 [00:16<00:10,  8.01it/s] 43%|####3     | 62/144 [00:16<00:09,  8.22it/s] 44%|####4     | 64/144 [00:16<00:08,  9.13it/s] 45%|####5     | 65/144 [00:16<00:09,  8.21it/s] 47%|####6     | 67/144 [00:17<00:08,  8.73it/s] 47%|####7     | 68/144 [00:17<00:08,  8.73it/s] 48%|####7     | 69/144 [00:17<00:09,  8.13it/s] 49%|####8     | 70/144 [00:17<00:08,  8.53it/s] 49%|####9     | 71/144 [00:17<00:08,  8.83it/s] 51%|#####     | 73/144 [00:17<00:09,  7.77it/s] 51%|#####1    | 74/144 [00:17<00:08,  8.20it/s] 52%|#####2    | 75/144 [00:18<00:08,  8.50it/s] 53%|#####2    | 76/144 [00:18<00:07,  8.62it/s] 53%|#####3    | 77/144 [00:18<00:08,  7.68it/s] 54%|#####4    | 78/144 [00:18<00:10,  6.48it/s] 56%|#####5    | 80/144 [00:18<00:08,  7.51it/s] 56%|#####6    | 81/144 [00:18<00:07,  7.96it/s] 57%|#####6    | 82/144 [00:18<00:07,  8.39it/s] 58%|#####7    | 83/144 [00:19<00:07,  8.68it/s] 59%|#####9    | 85/144 [00:19<00:06,  8.71it/s] 60%|#####9    | 86/144 [00:19<00:06,  8.96it/s] 60%|######    | 87/144 [00:19<00:06,  8.88it/s] 62%|######1   | 89/144 [00:19<00:06,  8.49it/s] 63%|######3   | 91/144 [00:19<00:05,  8.97it/s] 65%|######4   | 93/144 [00:20<00:06,  8.21it/s] 66%|######5   | 95/144 [00:20<00:05,  8.74it/s] 67%|######7   | 97/144 [00:20<00:05,  8.11it/s] 68%|######8   | 98/144 [00:20<00:05,  8.36it/s] 69%|######9   | 100/144 [00:21<00:05,  8.70it/s] 70%|#######   | 101/144 [00:21<00:05,  7.97it/s] 71%|#######   | 102/144 [00:21<00:05,  8.27it/s] 72%|#######1  | 103/144 [00:21<00:04,  8.55it/s] 72%|#######2  | 104/144 [00:21<00:04,  8.75it/s] 73%|#######2  | 105/144 [00:21<00:05,  7.63it/s] 74%|#######4  | 107/144 [00:21<00:04,  8.40it/s] 75%|#######5  | 108/144 [00:22<00:04,  8.70it/s] 76%|#######5  | 109/144 [00:22<00:04,  7.84it/s] 76%|#######6  | 110/144 [00:22<00:04,  8.31it/s] 77%|#######7  | 111/144 [00:22<00:03,  8.70it/s] 78%|#######7  | 112/144 [00:22<00:03,  8.58it/s] 78%|#######8  | 113/144 [00:22<00:04,  7.70it/s] 79%|#######9  | 114/144 [00:22<00:03,  7.97it/s] 80%|#######9  | 115/144 [00:22<00:03,  8.46it/s] 81%|########  | 116/144 [00:22<00:03,  8.85it/s] 81%|########1 | 117/144 [00:23<00:03,  7.77it/s] 82%|########1 | 118/144 [00:23<00:03,  8.28it/s] 83%|########3 | 120/144 [00:23<00:02,  8.89it/s] 84%|########4 | 121/144 [00:23<00:02,  7.77it/s] 85%|########5 | 123/144 [00:23<00:02,  8.59it/s] 86%|########6 | 124/144 [00:23<00:02,  8.78it/s] 87%|########6 | 125/144 [00:24<00:02,  8.23it/s] 88%|########8 | 127/144 [00:24<00:01,  8.70it/s] 90%|########9 | 129/144 [00:24<00:01,  8.13it/s] 91%|######### | 131/144 [00:24<00:01,  8.69it/s] 92%|#########1| 132/144 [00:24<00:01,  8.75it/s] 92%|#########2| 133/144 [00:25<00:01,  8.04it/s] 94%|#########3| 135/144 [00:25<00:01,  8.70it/s] 95%|#########5| 137/144 [00:25<00:00,  8.03it/s] 96%|#########5| 138/144 [00:25<00:00,  8.31it/s] 97%|#########7| 140/144 [00:25<00:00,  7.56it/s] 98%|#########7| 141/144 [00:26<00:00,  7.96it/s] 99%|#########9| 143/144 [00:26<00:00,  8.86it/s]100%|##########| 144/144 [00:26<00:00,  9.06it/s]100%|##########| 144/144 [00:26<00:00,  5.37it/s]
  0%|          | 0/144 [00:00<?, ?it/s]  1%|          | 1/144 [00:09<22:18,  9.36s/it]  2%|2         | 3/144 [00:09<05:52,  2.50s/it]  3%|2         | 4/144 [00:09<03:54,  1.68s/it]  4%|4         | 6/144 [00:09<02:02,  1.12it/s]  6%|5         | 8/144 [00:10<01:16,  1.78it/s]  7%|6         | 10/144 [00:10<00:52,  2.57it/s]  8%|8         | 12/144 [00:10<00:38,  3.46it/s]  9%|9         | 13/144 [00:10<00:35,  3.68it/s] 10%|#         | 15/144 [00:10<00:26,  4.80it/s] 11%|#1        | 16/144 [00:10<00:23,  5.36it/s] 12%|#1        | 17/144 [00:11<00:24,  5.28it/s] 12%|#2        | 18/144 [00:11<00:21,  5.91it/s] 14%|#3        | 20/144 [00:11<00:17,  7.14it/s] 15%|#4        | 21/144 [00:11<00:18,  6.78it/s] 16%|#5        | 23/144 [00:11<00:15,  7.89it/s] 17%|#6        | 24/144 [00:11<00:14,  8.03it/s] 17%|#7        | 25/144 [00:12<00:16,  7.21it/s] 18%|#8        | 26/144 [00:12<00:15,  7.52it/s] 19%|#9        | 28/144 [00:12<00:13,  8.40it/s] 20%|##        | 29/144 [00:12<00:14,  7.69it/s] 21%|##        | 30/144 [00:12<00:14,  8.14it/s] 22%|##2       | 32/144 [00:12<00:12,  8.83it/s] 23%|##2       | 33/144 [00:13<00:14,  7.51it/s] 24%|##4       | 35/144 [00:13<00:13,  8.11it/s] 26%|##5       | 37/144 [00:13<00:13,  7.69it/s] 27%|##7       | 39/144 [00:13<00:12,  8.35it/s] 28%|##7       | 40/144 [00:13<00:12,  8.36it/s] 28%|##8       | 41/144 [00:14<00:13,  7.52it/s] 30%|##9       | 43/144 [00:14<00:11,  8.46it/s] 31%|###       | 44/144 [00:14<00:11,  8.57it/s] 31%|###1      | 45/144 [00:14<00:12,  7.79it/s] 32%|###1      | 46/144 [00:14<00:11,  8.17it/s][32m2026-08-31 22:24:43[0m | [1mINFO    [0m | [36myolox.evaluators.coco_evaluator[0m:[36m142[0m - [1mEvaluate in main process...[0m
[32m2026-08-31 22:24:44[0m | [1mINFO    [0m | [36myolox.evaluators.coco_evaluator[0m:[36m176[0m - [1mLoading and preparing results...[0m
[32m2026-08-31 22:24:45[0m | [1mINFO    [0m | [36myolox.evaluators.coco_evaluator[0m:[36m176[0m - [1mDONE (t=0.42s)[0m
[32m2026-08-31 22:24:45[0m | [1mINFO    [0m | [36mpycocotools.coco[0m:[36m367[0m - [1mcreating index...[0m
[32m2026-08-31 22:24:45[0m | [1mINFO    [0m | [36mpycocotools.coco[0m:[36m367[0m - [1mindex created![0m
[32m2026-08-31 22:24:45[0m | [33m[1mWARNING [0m | [36myolox.evaluators.coco_evaluator[0m:[36m182[0m - [33m[1mUse standard COCOeval.[0m
[32m2026-08-31 22:24:45[0m | [1mINFO    [0m | [36myolox.evaluators.coco_evaluator[0m:[36m185[0m - [1mRunning per image evaluation...[0m
[32m2026-08-31 22:24:45[0m | [1mINFO    [0m | [36myolox.evaluators.coco_evaluator[0m:[36m185[0m - [1mEvaluate annotation type *bbox*[0m
[32m2026-08-31 22:24:47[0m | [1mINFO    [0m | [36myolox.evaluators.coco_evaluator[0m:[36m185[0m - [1mDONE (t=1.98s).[0m
[32m2026-08-31 22:24:47[0m | [1mINFO    [0m | [36myolox.evaluators.coco_evaluator[0m:[36m186[0m - [1mAccumulating evaluation results...[0m
[32m2026-08-31 22:24:47[0m | [1mINFO    [0m | [36myolox.evaluators.coco_evaluator[0m:[36m186[0m - [1mDONE (t=0.15s).[0m
[32m2026-08-31 22:24:47[0m | [1mINFO    [0m | [36myolox.core.trainer[0m:[36m250[0m - [1m
Average forward time: 14.44 ms, Average NMS time: 0.73 ms, Average inference time: 15.16 ms
 Average Precision  (AP) @[ IoU=0.50:0.95 | area=   all | maxDets=100 ] = 0.262
 Average Precision  (AP) @[ IoU=0.50      | area=   all | maxDets=100 ] = 0.538
 Average Precision  (AP) @[ IoU=0.75      | area=   all | maxDets=100 ] = 0.225
 Average Precision  (AP) @[ IoU=0.50:0.95 | area= small | maxDets=100 ] = 0.033
 Average Precision  (AP) @[ IoU=0.50:0.95 | area=medium | maxDets=100 ] = 0.120
 Average Precision  (AP) @[ IoU=0.50:0.95 | area= large | maxDets=100 ] = 0.407
 Average Recall     (AR) @[ IoU=0.50:0.95 | area=   all | maxDets=  1 ] = 0.109
 Average Recall     (AR) @[ IoU=0.50:0.95 | area=   all | maxDets= 10 ] = 0.283
 Average Recall     (AR) @[ IoU=0.50:0.95 | area=   all | maxDets=100 ] = 0.368
 Average Recall     (AR) @[ IoU=0.50:0.95 | area= small | maxDets=100 ] = 0.108
 Average Recall     (AR) @[ IoU=0.50:0.95 | area=medium | maxDets=100 ] = 0.269
 Average Recall     (AR) @[ IoU=0.50:0.95 | area= large | maxDets=100 ] = 0.498
[0m
[32m2026-08-31 22:24:47[0m | [1mINFO    [0m | [36myolox.core.trainer[0m:[36m259[0m - [1mSave weights to D:\Codes\HDR\Sana\hdr4rtt_rod\cfg_hdr4rtt_rod_dedup[0m
[32m2026-08-31 22:24:47[0m | [1mINFO    [0m | [36myolox.core.trainer[0m:[36m152[0m - [1m---> start train epoch26[0m
[32m2026-08-31 22:24:55[0m | [1mINFO    [0m | [36myolox.core.trainer[0m:[36m199[0m - [1mep:26/50, it:20/577, total_loss:6.181, iou_loss:2.818, l1_loss:0.000, conf_loss:2.599, cls_loss:0.764, lr:4.62e-05, ETA:1:43:14[0m
[32m2026-08-31 22:25:01[0m | [1mINFO    [0m | [36myolox.core.trainer[0m:[36m199[0m - [1mep:26/50, it:40/577, total_loss:3.833, iou_loss:2.154, l1_loss:0.000, conf_loss:1.137, cls_loss:0.542, lr:4.60e-05, ETA:1:43:03[0m
[32m2026-08-31 22:25:10[0m | [1mINFO    [0m | [36myolox.core.trainer[0m:[36m199[0m - [1mep:26/50, it:60/577, total_loss:4.386, iou_loss:2.058, l1_loss:0.000, conf_loss:1.792, cls_loss:0.536, lr:4.59e-05, ETA:1:42:55[0m
[32m2026-08-31 22:25:18[0m | [1mINFO    [0m | [36myolox.core.trainer[0m:[36m199[0m - [1mep:26/50, it:80/577, total_loss:5.015, iou_loss:2.506, l1_loss:0.000, conf_loss:1.894, cls_loss:0.615, lr:4.57e-05, ETA:1:42:46[0m
[32m2026-08-31 22:25:27[0m | [1mINFO    [0m | [36myolox.core.trainer[0m:[36m199[0m - [1mep:26/50, it:100/577, total_loss:6.432, iou_loss:2.940, l1_loss:0.000, conf_loss:2.832, cls_loss:0.661, lr:4.55e-05, ETA:1:42:38[0m
[32m2026-08-31 22:25:34[0m | [1mINFO    [0m | [36myolox.core.trainer[0m:[36m199[0m - [1mep:26/50, it:120/577, total_loss:6.680, iou_loss:2.897, l1_loss:0.000, conf_loss:2.960, cls_loss:0.822, lr:4.54e-05, ETA:1:42:28[0m
[32m2026-08-31 22:25:43[0m | [1mINFO    [0m | [36myolox.core.trainer[0m:[36m199[0m - [1mep:26/50, it:140/577, total_loss:6.470, iou_loss:2.521, l1_loss:0.000, conf_loss:3.288, cls_loss:0.661, lr:4.52e-05, ETA:1:42:19[0m
[32m2026-08-31 22:25:53[0m | [1mINFO    [0m | [36myolox.core.trainer[0m:[36m199[0m - [1mep:26/50, it:160/577, total_loss:4.103, iou_loss:2.159, l1_loss:0.000, conf_loss:1.392, cls_loss:0.552, lr:4.51e-05, ETA:1:42:12[0m
[32m2026-08-31 22:26:02[0m | [1mINFO    [0m | [36myolox.core.trainer[0m:[36m199[0m - [1mep:26/50, it:180/577, total_loss:5.537, iou_loss:2.865, l1_loss:0.000, conf_loss:1.991, cls_loss:0.681, lr:4.49e-05, ETA:1:42:03[0m
[32m2026-08-31 22:26:11[0m | [1mINFO    [0m | [36myolox.core.trainer[0m:[36m199[0m - [1mep:26/50, it:200/577, total_loss:5.350, iou_loss:2.704, l1_loss:0.000, conf_loss:2.010, cls_loss:0.636, lr:4.47e-05, ETA:1:41:56[0m
[32m2026-08-31 22:26:21[0m | [1mINFO    [0m | [36myolox.core.trainer[0m:[36m199[0m - [1mep:26/50, it:220/577, total_loss:4.337, iou_loss:2.113, l1_loss:0.000, conf_loss:1.683, cls_loss:0.541, lr:4.46e-05, ETA:1:41:48[0m
[32m2026-08-31 22:26:30[0m | [1mINFO    [0m | [36myolox.core.trainer[0m:[36m199[0m - [1mep:26/50, it:240/577, total_loss:5.119, iou_loss:2.494, l1_loss:0.000, conf_loss:1.949, cls_loss:0.676, lr:4.44e-05, ETA:1:41:40[0m
[32m2026-08-31 22:26:39[0m | [1mINFO    [0m | [36myolox.core.trainer[0m:[36m199[0m - [1mep:26/50, it:260/577, total_loss:4.538, iou_loss:2.411, l1_loss:0.000, conf_loss:1.371, cls_loss:0.757, lr:4.43e-05, ETA:1:41:32[0m
[32m2026-08-31 22:26:48[0m | [1mINFO    [0m | [36myolox.core.trainer[0m:[36m199[0m - [1mep:26/50, it:280/577, total_loss:4.445, iou_loss:2.274, l1_loss:0.000, conf_loss:1.586, cls_loss:0.585, lr:4.41e-05, ETA:1:41:24[0m
[32m2026-08-31 22:26:55[0m | [1mINFO    [0m | [36myolox.core.trainer[0m:[36m199[0m - [1mep:26/50, it:300/577, total_loss:4.950, iou_loss:2.241, l1_loss:0.000, conf_loss:2.150, cls_loss:0.560, lr:4.40e-05, ETA:1:41:14[0m
[32m2026-08-31 22:27:03[0m | [1mINFO    [0m | [36myolox.core.trainer[0m:[36m199[0m - [1mep:26/50, it:320/577, total_loss:9.196, iou_loss:3.150, l1_loss:0.000, conf_loss:5.281, cls_loss:0.765, lr:4.38e-05, ETA:1:41:04[0m
[32m2026-08-31 22:27:11[0m | [1mINFO    [0m | [36myolox.core.trainer[0m:[36m199[0m - [1mep:26/50, it:340/577, total_loss:4.512, iou_loss:2.388, l1_loss:0.000, conf_loss:1.542, cls_loss:0.582, lr:4.36e-05, ETA:1:40:55[0m
[32m2026-08-31 22:27:19[0m | [1mINFO    [0m | [36myolox.core.trainer[0m:[36m199[0m - [1mep:26/50, it:360/577, total_loss:3.265, iou_loss:1.949, l1_loss:0.000, conf_loss:0.797, cls_loss:0.519, lr:4.35e-05, ETA:1:40:46[0m
[32m2026-08-31 22:27:30[0m | [1mINFO    [0m | [36myolox.core.trainer[0m:[36m199[0m - [1mep:26/50, it:380/577, total_loss:4.834, iou_loss:2.391, l1_loss:0.000, conf_loss:1.831, cls_loss:0.612, lr:4.33e-05, ETA:1:40:39[0m
[32m2026-08-31 22:27:40[0m | [1mINFO    [0m | [36myolox.core.trainer[0m:[36m199[0m - [1mep:26/50, it:400/577, total_loss:4.992, iou_loss:2.526, l1_loss:0.000, conf_loss:1.845, cls_loss:0.620, lr:4.32e-05, ETA:1:40:33[0m
[32m2026-08-31 22:27:49[0m | [1mINFO    [0m | [36myolox.core.trainer[0m:[36m199[0m - [1mep:26/50, it:420/577, total_loss:6.988, iou_loss:3.443, l1_loss:0.000, conf_loss:2.774, cls_loss:0.771, lr:4.30e-05, ETA:1:40:24[0m
[32m2026-08-31 22:27:57[0m | [1mINFO    [0m | [36myolox.core.trainer[0m:[36m199[0m - [1mep:26/50, it:440/577, total_loss:4.930, iou_loss:2.511, l1_loss:0.000, conf_loss:1.797, cls_loss:0.623, lr:4.28e-05, ETA:1:40:15[0m
[32m2026-08-31 22:28:06[0m | [1mINFO    [0m | [36myolox.core.trainer[0m:[36m199[0m - [1mep:26/50, it:460/577, total_loss:3.242, iou_loss:1.705, l1_loss:0.000, conf_loss:1.048, cls_loss:0.490, lr:4.27e-05, ETA:1:40:07[0m
[32m2026-08-31 22:28:14[0m | [1mINFO    [0m | [36myolox.core.trainer[0m:[36m199[0m - [1mep:26/50, it:480/577, total_loss:6.172, iou_loss:2.907, l1_loss:0.000, conf_loss:2.620, cls_loss:0.645, lr:4.25e-05, ETA:1:39:57[0m
[32m2026-08-31 22:28:23[0m | [1mINFO    [0m | [36myolox.core.trainer[0m:[36m199[0m - [1mep:26/50, it:500/577, total_loss:4.206, iou_loss:2.066, l1_loss:0.000, conf_loss:1.590, cls_loss:0.551, lr:4.24e-05, ETA:1:39:49[0m
[32m2026-08-31 22:28:30[0m | [1mINFO    [0m | [36myolox.core.trainer[0m:[36m199[0m - [1mep:26/50, it:520/577, total_loss:5.699, iou_loss:2.642, l1_loss:0.000, conf_loss:2.398, cls_loss:0.659, lr:4.22e-05, ETA:1:39:39[0m
[32m2026-08-31 22:28:38[0m | [1mINFO    [0m | [36myolox.core.trainer[0m:[36m199[0m - [1mep:26/50, it:540/577, total_loss:5.907, iou_loss:2.797, l1_loss:0.000, conf_loss:2.462, cls_loss:0.649, lr:4.21e-05, ETA:1:39:30[0m
[32m2026-08-31 22:28:46[0m | [1mINFO    [0m | [36myolox.core.trainer[0m:[36m199[0m - [1mep:26/50, it:560/577, total_loss:6.379, iou_loss:2.865, l1_loss:0.000, conf_loss:2.882, cls_loss:0.632, lr:4.19e-05, ETA:1:39:21[0m
[32m2026-08-31 22:28:54[0m | [1mINFO    [0m | [36myolox.core.trainer[0m:[36m259[0m - [1mSave weights to D:\Codes\HDR\Sana\hdr4rtt_rod\cfg_hdr4rtt_rod_dedup[0m
[32m2026-08-31 22:28:54[0m | [1mINFO    [0m | [36myolox.core.trainer[0m:[36m152[0m - [1m---> start train epoch27[0m
[32m2026-08-31 22:29:01[0m | [1mINFO    [0m | [36myolox.core.trainer[0m:[36m199[0m - [1mep:27/50, it:20/577, total_loss:4.160, iou_loss:2.364, l1_loss:0.000, conf_loss:1.219, cls_loss:0.577, lr:4.16e-05, ETA:1:39:04[0m
[32m2026-08-31 22:29:10[0m | [1mINFO    [0m | [36myolox.core.trainer[0m:[36m199[0m - [1mep:27/50, it:40/577, total_loss:3.376, iou_loss:1.634, l1_loss:0.000, conf_loss:1.278, cls_loss:0.463, lr:4.15e-05, ETA:1:38:56[0m
[32m2026-08-31 22:29:19[0m | [1mINFO    [0m | [36myolox.core.trainer[0m:[36m199[0m - [1mep:27/50, it:60/577, total_loss:5.807, iou_loss:2.488, l1_loss:0.000, conf_loss:2.639, cls_loss:0.680, lr:4.13e-05, ETA:1:38:47[0m
[32m2026-08-31 22:29:27[0m | [1mINFO    [0m | [36myolox.core.trainer[0m:[36m199[0m - [1mep:27/50, it:80/577, total_loss:7.559, iou_loss:3.355, l1_loss:0.000, conf_loss:3.282, cls_loss:0.922, lr:4.12e-05, ETA:1:38:39[0m
[32m2026-08-31 22:29:35[0m | [1mINFO    [0m | [36myolox.core.trainer[0m:[36m199[0m - [1mep:27/50, it:100/577, total_loss:4.766, iou_loss:2.507, l1_loss:0.000, conf_loss:1.633, cls_loss:0.626, lr:4.10e-05, ETA:1:38:29[0m
[32m2026-08-31 22:29:44[0m | [1mINFO    [0m | [36myolox.core.trainer[0m:[36m199[0m - [1mep:27/50, it:120/577, total_loss:4.417, iou_loss:2.150, l1_loss:0.000, conf_loss:1.697, cls_loss:0.570, lr:4.08e-05, ETA:1:38:21[0m
[32m2026-08-31 22:30:01[0m | [1mINFO    [0m | [36myolox.core.trainer[0m:[36m199[0m - [1mep:27/50, it:140/577, total_loss:9.666, iou_loss:1.967, l1_loss:0.000, conf_loss:7.164, cls_loss:0.535, lr:4.07e-05, ETA:1:38:20[0m
[32m2026-08-31 22:30:10[0m | [1mINFO    [0m | [36myolox.core.trainer[0m:[36m199[0m - [1mep:27/50, it:160/577, total_loss:2.779, iou_loss:1.556, l1_loss:0.000, conf_loss:0.753, cls_loss:0.470, lr:4.05e-05, ETA:1:38:11[0m
[32m2026-08-31 22:30:18[0m | [1mINFO    [0m | [36myolox.core.trainer[0m:[36m199[0m - [1mep:27/50, it:180/577, total_loss:3.595, iou_loss:1.882, l1_loss:0.000, conf_loss:1.210, cls_loss:0.502, lr:4.04e-05, ETA:1:38:02[0m
[32m2026-08-31 22:30:26[0m | [1mINFO    [0m | [36myolox.core.trainer[0m:[36m199[0m - [1mep:27/50, it:200/577, total_loss:3.903, iou_loss:1.836, l1_loss:0.000, conf_loss:1.414, cls_loss:0.653, lr:4.02e-05, ETA:1:37:53[0m
[32m2026-08-31 22:30:35[0m | [1mINFO    [0m | [36myolox.core.trainer[0m:[36m199[0m - [1mep:27/50, it:220/577, total_loss:4.207, iou_loss:2.550, l1_loss:0.000, conf_loss:1.034, cls_loss:0.623, lr:4.01e-05, ETA:1:37:45[0m
[32m2026-08-31 22:30:43[0m | [1mINFO    [0m | [36myolox.core.trainer[0m:[36m199[0m - [1mep:27/50, it:240/577, total_loss:5.974, iou_loss:2.960, l1_loss:0.000, conf_loss:2.345, cls_loss:0.670, lr:3.99e-05, ETA:1:37:36[0m
[32m2026-08-31 22:30:49[0m | [1mINFO    [0m | [36myolox.core.trainer[0m:[36m199[0m - [1mep:27/50, it:260/577, total_loss:4.022, iou_loss:1.800, l1_loss:0.000, conf_loss:1.696, cls_loss:0.527, lr:3.98e-05, ETA:1:37:25[0m
[32m2026-08-31 22:30:56[0m | [1mINFO    [0m | [36myolox.core.trainer[0m:[36m199[0m - [1mep:27/50, it:280/577, total_loss:5.747, iou_loss:2.729, l1_loss:0.000, conf_loss:2.401, cls_loss:0.618, lr:3.96e-05, ETA:1:37:15[0m
[32m2026-08-31 22:31:06[0m | [1mINFO    [0m | [36myolox.core.trainer[0m:[36m199[0m - [1mep:27/50, it:300/577, total_loss:4.321, iou_loss:2.307, l1_loss:0.000, conf_loss:1.423, cls_loss:0.591, lr:3.95e-05, ETA:1:37:08[0m
[32m2026-08-31 22:31:15[0m | [1mINFO    [0m | [36myolox.core.trainer[0m:[36m199[0m - [1mep:27/50, it:320/577, total_loss:4.748, iou_loss:2.512, l1_loss:0.000, conf_loss:1.618, cls_loss:0.618, lr:3.93e-05, ETA:1:36:59[0m
[32m2026-08-31 22:31:24[0m | [1mINFO    [0m | [36myolox.core.trainer[0m:[36m199[0m - [1mep:27/50, it:340/577, total_loss:5.325, iou_loss:2.304, l1_loss:0.000, conf_loss:2.466, cls_loss:0.555, lr:3.92e-05, ETA:1:36:51[0m
[32m2026-08-31 22:31:33[0m | [1mINFO    [0m | [36myolox.core.trainer[0m:[36m199[0m - [1mep:27/50, it:360/577, total_loss:5.413, iou_loss:2.123, l1_loss:0.000, conf_loss:2.725, cls_loss:0.566, lr:3.90e-05, ETA:1:36:43[0m
[32m2026-08-31 22:31:42[0m | [1mINFO    [0m | [36myolox.core.trainer[0m:[36m199[0m - [1mep:27/50, it:380/577, total_loss:5.756, iou_loss:2.967, l1_loss:0.000, conf_loss:2.129, cls_loss:0.660, lr:3.89e-05, ETA:1:36:34[0m
[32m2026-08-31 22:31:51[0m | [1mINFO    [0m | [36myolox.core.trainer[0m:[36m199[0m - [1mep:27/50, it:400/577, total_loss:4.354, iou_loss:2.305, l1_loss:0.000, conf_loss:1.449, cls_loss:0.599, lr:3.87e-05, ETA:1:36:27[0m
[32m2026-08-31 22:32:06[0m | [1mINFO    [0m | [36myolox.core.trainer[0m:[36m199[0m - [1mep:27/50, it:420/577, total_loss:5.731, iou_loss:2.603, l1_loss:0.000, conf_loss:2.497, cls_loss:0.631, lr:3.85e-05, ETA:1:36:23[0m
[32m2026-08-31 22:32:13[0m | [1mINFO    [0m | [36myolox.core.trainer[0m:[36m199[0m - [1mep:27/50, it:440/577, total_loss:4.289, iou_loss:2.332, l1_loss:0.000, conf_loss:1.243, cls_loss:0.714, lr:3.84e-05, ETA:1:36:13[0m
[32m2026-08-31 22:32:21[0m | [1mINFO    [0m | [36myolox.core.trainer[0m:[36m199[0m - [1mep:27/50, it:460/577, total_loss:4.683, iou_loss:2.564, l1_loss:0.000, conf_loss:1.514, cls_loss:0.605, lr:3.82e-05, ETA:1:36:04[0m
[32m2026-08-31 22:32:28[0m | [1mINFO    [0m | [36myolox.core.trainer[0m:[36m199[0m - [1mep:27/50, it:480/577, total_loss:6.099, iou_loss:3.270, l1_loss:0.000, conf_loss:2.139, cls_loss:0.690, lr:3.81e-05, ETA:1:35:54[0m
[32m2026-08-31 22:32:38[0m | [1mINFO    [0m | [36myolox.core.trainer[0m:[36m199[0m - [1mep:27/50, it:500/577, total_loss:4.602, iou_loss:2.160, l1_loss:0.000, conf_loss:1.827, cls_loss:0.615, lr:3.79e-05, ETA:1:35:46[0m
[32m2026-08-31 22:32:47[0m | [1mINFO    [0m | [36myolox.core.trainer[0m:[36m199[0m - [1mep:27/50, it:520/577, total_loss:5.313, iou_loss:2.634, l1_loss:0.000, conf_loss:2.056, cls_loss:0.623, lr:3.78e-05, ETA:1:35:39[0m
[32m2026-08-31 22:32:55[0m | [1mINFO    [0m | [36myolox.core.trainer[0m:[36m199[0m - [1mep:27/50, it:540/577, total_loss:3.964, iou_loss:1.882, l1_loss:0.000, conf_loss:1.573, cls_loss:0.510, lr:3.76e-05, ETA:1:35:29[0m
[32m2026-08-31 22:33:04[0m | [1mINFO    [0m | [36myolox.core.trainer[0m:[36m199[0m - [1mep:27/50, it:560/577, total_loss:4.535, iou_loss:2.229, l1_loss:0.000, conf_loss:1.690, cls_loss:0.616, lr:3.75e-05, ETA:1:35:21[0m
[32m2026-08-31 22:33:12[0m | [1mINFO    [0m | [36myolox.core.trainer[0m:[36m259[0m - [1mSave weights to D:\Codes\HDR\Sana\hdr4rtt_rod\cfg_hdr4rtt_rod_dedup[0m
[32m2026-08-31 22:33:12[0m | [1mINFO    [0m | [36myolox.core.trainer[0m:[36m152[0m - [1m---> start train epoch28[0m
[32m2026-08-31 22:33:19[0m | [1mINFO    [0m | [36myolox.core.trainer[0m:[36m199[0m - [1mep:28/50, it:20/577, total_loss:4.556, iou_loss:2.348, l1_loss:0.000, conf_loss:1.621, cls_loss:0.587, lr:3.72e-05, ETA:1:35:04[0m
[32m2026-08-31 22:33:27[0m | [1mINFO    [0m | [36myolox.core.trainer[0m:[36m199[0m - [1mep:28/50, it:40/577, total_loss:8.524, iou_loss:3.064, l1_loss:0.000, conf_loss:4.540, cls_loss:0.921, lr:3.71e-05, ETA:1:34:55[0m
[32m2026-08-31 22:33:36[0m | [1mINFO    [0m | [36myolox.core.trainer[0m:[36m199[0m - [1mep:28/50, it:60/577, total_loss:4.717, iou_loss:2.172, l1_loss:0.000, conf_loss:1.955, cls_loss:0.591, lr:3.69e-05, ETA:1:34:47[0m
[32m2026-08-31 22:33:45[0m | [1mINFO    [0m | [36myolox.core.trainer[0m:[36m199[0m - [1mep:28/50, it:80/577, total_loss:5.348, iou_loss:2.207, l1_loss:0.000, conf_loss:2.587, cls_loss:0.553, lr:3.68e-05, ETA:1:34:39[0m
[32m2026-08-31 22:33:53[0m | [1mINFO    [0m | [36myolox.core.trainer[0m:[36m199[0m - [1mep:28/50, it:100/577, total_loss:5.815, iou_loss:2.552, l1_loss:0.000, conf_loss:2.608, cls_loss:0.655, lr:3.66e-05, ETA:1:34:30[0m
[32m2026-08-31 22:34:03[0m | [1mINFO    [0m | [36myolox.core.trainer[0m:[36m199[0m - [1mep:28/50, it:120/577, total_loss:4.386, iou_loss:1.889, l1_loss:0.000, conf_loss:1.982, cls_loss:0.515, lr:3.65e-05, ETA:1:34:22[0m
[32m2026-08-31 22:34:12[0m | [1mINFO    [0m | [36myolox.core.trainer[0m:[36m199[0m - [1mep:28/50, it:140/577, total_loss:2.888, iou_loss:1.697, l1_loss:0.000, conf_loss:0.714, cls_loss:0.476, lr:3.63e-05, ETA:1:34:14[0m
[32m2026-08-31 22:34:21[0m | [1mINFO    [0m | [36myolox.core.trainer[0m:[36m199[0m - [1mep:28/50, it:160/577, total_loss:5.855, iou_loss:2.525, l1_loss:0.000, conf_loss:2.543, cls_loss:0.787, lr:3.62e-05, ETA:1:34:05[0m
[32m2026-08-31 22:34:28[0m | [1mINFO    [0m | [36myolox.core.trainer[0m:[36m199[0m - [1mep:28/50, it:180/577, total_loss:6.470, iou_loss:2.503, l1_loss:0.000, conf_loss:3.287, cls_loss:0.680, lr:3.60e-05, ETA:1:33:55[0m
[32m2026-08-31 22:34:35[0m | [1mINFO    [0m | [36myolox.core.trainer[0m:[36m199[0m - [1mep:28/50, it:200/577, total_loss:4.894, iou_loss:2.645, l1_loss:0.000, conf_loss:1.627, cls_loss:0.622, lr:3.59e-05, ETA:1:33:45[0m
[32m2026-08-31 22:34:44[0m | [1mINFO    [0m | [36myolox.core.trainer[0m:[36m199[0m - [1mep:28/50, it:220/577, total_loss:4.426, iou_loss:2.061, l1_loss:0.000, conf_loss:1.749, cls_loss:0.615, lr:3.57e-05, ETA:1:33:37[0m
[32m2026-08-31 22:34:52[0m | [1mINFO    [0m | [36myolox.core.trainer[0m:[36m199[0m - [1mep:28/50, it:240/577, total_loss:3.470, iou_loss:1.746, l1_loss:0.000, conf_loss:1.214, cls_loss:0.510, lr:3.56e-05, ETA:1:33:28[0m
[32m2026-08-31 22:35:03[0m | [1mINFO    [0m | [36myolox.core.trainer[0m:[36m199[0m - [1mep:28/50, it:260/577, total_loss:5.299, iou_loss:2.685, l1_loss:0.000, conf_loss:1.974, cls_loss:0.640, lr:3.54e-05, ETA:1:33:21[0m
[32m2026-08-31 22:35:10[0m | [1mINFO    [0m | [36myolox.core.trainer[0m:[36m199[0m - [1mep:28/50, it:280/577, total_loss:4.709, iou_loss:2.386, l1_loss:0.000, conf_loss:1.727, cls_loss:0.596, lr:3.53e-05, ETA:1:33:11[0m
[32m2026-08-31 22:35:17[0m | [1mINFO    [0m | [36myolox.core.trainer[0m:[36m199[0m - [1mep:28/50, it:300/577, total_loss:5.562, iou_loss:2.642, l1_loss:0.000, conf_loss:2.277, cls_loss:0.644, lr:3.51e-05, ETA:1:33:01[0m
[32m2026-08-31 22:35:25[0m | [1mINFO    [0m | [36myolox.core.trainer[0m:[36m199[0m - [1mep:28/50, it:320/577, total_loss:4.979, iou_loss:2.291, l1_loss:0.000, conf_loss:2.151, cls_loss:0.537, lr:3.50e-05, ETA:1:32:52[0m
[32m2026-08-31 22:35:32[0m | [1mINFO    [0m | [36myolox.core.trainer[0m:[36m199[0m - [1mep:28/50, it:340/577, total_loss:5.324, iou_loss:2.645, l1_loss:0.000, conf_loss:2.056, cls_loss:0.623, lr:3.49e-05, ETA:1:32:43[0m
[32m2026-08-31 22:35:39[0m | [1mINFO    [0m | [36myolox.core.trainer[0m:[36m199[0m - [1mep:28/50, it:360/577, total_loss:5.405, iou_loss:2.463, l1_loss:0.000, conf_loss:2.326, cls_loss:0.616, lr:3.47e-05, ETA:1:32:32[0m
[32m2026-08-31 22:35:46[0m | [1mINFO    [0m | [36myolox.core.trainer[0m:[36m199[0m - [1mep:28/50, it:380/577, total_loss:3.630, iou_loss:2.163, l1_loss:0.000, conf_loss:0.929, cls_loss:0.538, lr:3.46e-05, ETA:1:32:23[0m
[32m2026-08-31 22:35:57[0m | [1mINFO    [0m | [36myolox.core.trainer[0m:[36m199[0m - [1mep:28/50, it:400/577, total_loss:4.453, iou_loss:1.980, l1_loss:0.000, conf_loss:1.939, cls_loss:0.534, lr:3.44e-05, ETA:1:32:15[0m
[32m2026-08-31 22:36:05[0m | [1mINFO    [0m | [36myolox.core.trainer[0m:[36m199[0m - [1mep:28/50, it:420/577, total_loss:6.067, iou_loss:2.440, l1_loss:0.000, conf_loss:2.992, cls_loss:0.634, lr:3.43e-05, ETA:1:32:07[0m
[32m2026-08-31 22:36:15[0m | [1mINFO    [0m | [36myolox.core.trainer[0m:[36m199[0m - [1mep:28/50, it:440/577, total_loss:5.945, iou_loss:2.955, l1_loss:0.000, conf_loss:2.332, cls_loss:0.658, lr:3.41e-05, ETA:1:31:59[0m
[32m2026-08-31 22:36:23[0m | [1mINFO    [0m | [36myolox.core.trainer[0m:[36m199[0m - [1mep:28/50, it:460/577, total_loss:2.812, iou_loss:1.730, l1_loss:0.000, conf_loss:0.596, cls_loss:0.486, lr:3.40e-05, ETA:1:31:50[0m
[32m2026-08-31 22:36:32[0m | [1mINFO    [0m | [36myolox.core.trainer[0m:[36m199[0m - [1mep:28/50, it:480/577, total_loss:4.457, iou_loss:2.357, l1_loss:0.000, conf_loss:1.509, cls_loss:0.590, lr:3.38e-05, ETA:1:31:42[0m
[32m2026-08-31 22:36:40[0m | [1mINFO    [0m | [36myolox.core.trainer[0m:[36m199[0m - [1mep:28/50, it:500/577, total_loss:4.947, iou_loss:2.506, l1_loss:0.000, conf_loss:1.812, cls_loss:0.628, lr:3.37e-05, ETA:1:31:33[0m
[32m2026-08-31 22:36:48[0m | [1mINFO    [0m | [36myolox.core.trainer[0m:[36m199[0m - [1mep:28/50, it:520/577, total_loss:6.338, iou_loss:2.727, l1_loss:0.000, conf_loss:2.997, cls_loss:0.614, lr:3.36e-05, ETA:1:31:24[0m
[32m2026-08-31 22:36:58[0m | [1mINFO    [0m | [36myolox.core.trainer[0m:[36m199[0m - [1mep:28/50, it:540/577, total_loss:4.232, iou_loss:2.053, l1_loss:0.000, conf_loss:1.635, cls_loss:0.544, lr:3.34e-05, ETA:1:31:16[0m
[32m2026-08-31 22:37:05[0m | [1mINFO    [0m | [36myolox.core.trainer[0m:[36m199[0m - [1mep:28/50, it:560/577, total_loss:5.869, iou_loss:2.774, l1_loss:0.000, conf_loss:2.400, cls_loss:0.696, lr:3.33e-05, ETA:1:31:07[0m
[32m2026-08-31 22:37:12[0m | [1mINFO    [0m | [36myolox.core.trainer[0m:[36m259[0m - [1mSave weights to D:\Codes\HDR\Sana\hdr4rtt_rod\cfg_hdr4rtt_rod_dedup[0m
[32m2026-08-31 22:37:12[0m | [1mINFO    [0m | [36myolox.core.trainer[0m:[36m152[0m - [1m---> start train epoch29[0m
[32m2026-08-31 22:37:20[0m | [1mINFO    [0m | [36myolox.core.trainer[0m:[36m199[0m - [1mep:29/50, it:20/577, total_loss:5.158, iou_loss:2.342, l1_loss:0.000, conf_loss:2.195, cls_loss:0.621, lr:3.30e-05, ETA:1:30:49[0m
[32m2026-08-31 22:37:29[0m | [1mINFO    [0m | [36myolox.core.trainer[0m:[36m199[0m - [1mep:29/50, it:40/577, total_loss:3.798, iou_loss:2.041, l1_loss:0.000, conf_loss:1.200, cls_loss:0.557, lr:3.29e-05, ETA:1:30:41[0m
[32m2026-08-31 22:37:38[0m | [1mINFO    [0m | [36myolox.core.trainer[0m:[36m199[0m - [1mep:29/50, it:60/577, total_loss:6.946, iou_loss:3.059, l1_loss:0.000, conf_loss:3.241, cls_loss:0.646, lr:3.27e-05, ETA:1:30:33[0m
[32m2026-08-31 22:37:45[0m | [1mINFO    [0m | [36myolox.core.trainer[0m:[36m199[0m - [1mep:29/50, it:80/577, total_loss:3.276, iou_loss:1.690, l1_loss:0.000, conf_loss:1.087, cls_loss:0.499, lr:3.26e-05, ETA:1:30:23[0m
[32m2026-08-31 22:37:53[0m | [1mINFO    [0m | [36myolox.core.trainer[0m:[36m199[0m - [1mep:29/50, it:100/577, total_loss:5.626, iou_loss:2.673, l1_loss:0.000, conf_loss:2.247, cls_loss:0.707, lr:3.24e-05, ETA:1:30:14[0m
[32m2026-08-31 22:38:01[0m | [1mINFO    [0m | [36myolox.core.trainer[0m:[36m199[0m - [1mep:29/50, it:120/577, total_loss:6.961, iou_loss:3.097, l1_loss:0.000, conf_loss:3.020, cls_loss:0.844, lr:3.23e-05, ETA:1:30:05[0m
[32m2026-08-31 22:38:09[0m | [1mINFO    [0m | [36myolox.core.trainer[0m:[36m199[0m - [1mep:29/50, it:140/577, total_loss:5.710, iou_loss:2.610, l1_loss:0.000, conf_loss:2.477, cls_loss:0.623, lr:3.22e-05, ETA:1:29:56[0m
[32m2026-08-31 22:38:16[0m | [1mINFO    [0m | [36myolox.core.trainer[0m:[36m199[0m - [1mep:29/50, it:160/577, total_loss:3.416, iou_loss:1.722, l1_loss:0.000, conf_loss:1.199, cls_loss:0.496, lr:3.20e-05, ETA:1:29:46[0m
[32m2026-08-31 22:38:23[0m | [1mINFO    [0m | [36myolox.core.trainer[0m:[36m199[0m - [1mep:29/50, it:180/577, total_loss:5.454, iou_loss:2.782, l1_loss:0.000, conf_loss:2.039, cls_loss:0.634, lr:3.19e-05, ETA:1:29:36[0m
[32m2026-08-31 22:38:32[0m | [1mINFO    [0m | [36myolox.core.trainer[0m:[36m199[0m - [1mep:29/50, it:200/577, total_loss:3.373, iou_loss:1.965, l1_loss:0.000, conf_loss:0.892, cls_loss:0.516, lr:3.17e-05, ETA:1:29:28[0m
[32m2026-08-31 22:38:42[0m | [1mINFO    [0m | [36myolox.core.trainer[0m:[36m199[0m - [1mep:29/50, it:220/577, total_loss:4.679, iou_loss:2.226, l1_loss:0.000, conf_loss:1.861, cls_loss:0.593, lr:3.16e-05, ETA:1:29:20[0m
[32m2026-08-31 22:38:50[0m | [1mINFO    [0m | [36myolox.core.trainer[0m:[36m199[0m - [1mep:29/50, it:240/577, total_loss:5.173, iou_loss:2.594, l1_loss:0.000, conf_loss:1.942, cls_loss:0.637, lr:3.15e-05, ETA:1:29:11[0m
[32m2026-08-31 22:38:59[0m | [1mINFO    [0m | [36myolox.core.trainer[0m:[36m199[0m - [1mep:29/50, it:260/577, total_loss:2.925, iou_loss:1.534, l1_loss:0.000, conf_loss:0.925, cls_loss:0.466, lr:3.13e-05, ETA:1:29:03[0m
[32m2026-08-31 22:39:08[0m | [1mINFO    [0m | [36myolox.core.trainer[0m:[36m199[0m - [1mep:29/50, it:280/577, total_loss:5.418, iou_loss:2.740, l1_loss:0.000, conf_loss:2.049, cls_loss:0.629, lr:3.12e-05, ETA:1:28:55[0m
[32m2026-08-31 22:39:17[0m | [1mINFO    [0m | [36myolox.core.trainer[0m:[36m199[0m - [1mep:29/50, it:300/577, total_loss:4.369, iou_loss:2.392, l1_loss:0.000, conf_loss:1.397, cls_loss:0.580, lr:3.10e-05, ETA:1:28:47[0m
[32m2026-08-31 22:39:26[0m | [1mINFO    [0m | [36myolox.core.trainer[0m:[36m199[0m - [1mep:29/50, it:320/577, total_loss:5.197, iou_loss:2.658, l1_loss:0.000, conf_loss:1.921, cls_loss:0.618, lr:3.09e-05, ETA:1:28:39[0m
[32m2026-08-31 22:39:34[0m | [1mINFO    [0m | [36myolox.core.trainer[0m:[36m199[0m - [1mep:29/50, it:340/577, total_loss:3.731, iou_loss:1.921, l1_loss:0.000, conf_loss:1.287, cls_loss:0.523, lr:3.08e-05, ETA:1:28:30[0m
[32m2026-08-31 22:39:42[0m | [1mINFO    [0m | [36myolox.core.trainer[0m:[36m199[0m - [1mep:29/50, it:360/577, total_loss:4.066, iou_loss:2.142, l1_loss:0.000, conf_loss:1.379, cls_loss:0.546, lr:3.06e-05, ETA:1:28:20[0m
[32m2026-08-31 22:39:49[0m | [1mINFO    [0m | [36myolox.core.trainer[0m:[36m199[0m - [1mep:29/50, it:380/577, total_loss:5.481, iou_loss:2.754, l1_loss:0.000, conf_loss:2.063, cls_loss:0.663, lr:3.05e-05, ETA:1:28:11[0m
[32m2026-08-31 22:39:56[0m | [1mINFO    [0m | [36myolox.core.trainer[0m:[36m199[0m - [1mep:29/50, it:400/577, total_loss:6.153, iou_loss:2.853, l1_loss:0.000, conf_loss:2.634, cls_loss:0.666, lr:3.04e-05, ETA:1:28:01[0m
[32m2026-08-31 22:40:04[0m | [1mINFO    [0m | [36myolox.core.trainer[0m:[36m199[0m - [1mep:29/50, it:420/577, total_loss:4.581, iou_loss:2.463, l1_loss:0.000, conf_loss:1.526, cls_loss:0.593, lr:3.02e-05, ETA:1:27:52[0m
[32m2026-08-31 22:40:13[0m | [1mINFO    [0m | [36myolox.core.trainer[0m:[36m199[0m - [1mep:29/50, it:440/577, total_loss:5.473, iou_loss:2.579, l1_loss:0.000, conf_loss:2.275, cls_loss:0.618, lr:3.01e-05, ETA:1:27:43[0m
[32m2026-08-31 22:40:22[0m | [1mINFO    [0m | [36myolox.core.trainer[0m:[36m199[0m - [1mep:29/50, it:460/577, total_loss:4.842, iou_loss:2.344, l1_loss:0.000, conf_loss:1.908, cls_loss:0.590, lr:2.99e-05, ETA:1:27:35[0m
[32m2026-08-31 22:40:31[0m | [1mINFO    [0m | [36myolox.core.trainer[0m:[36m199[0m - [1mep:29/50, it:480/577, total_loss:3.812, iou_loss:2.251, l1_loss:0.000, conf_loss:1.073, cls_loss:0.488, lr:2.98e-05, ETA:1:27:27[0m
[32m2026-08-31 22:40:39[0m | [1mINFO    [0m | [36myolox.core.trainer[0m:[36m199[0m - [1mep:29/50, it:500/577, total_loss:4.862, iou_loss:2.527, l1_loss:0.000, conf_loss:1.715, cls_loss:0.621, lr:2.97e-05, ETA:1:27:18[0m
[32m2026-08-31 22:40:49[0m | [1mINFO    [0m | [36myolox.core.trainer[0m:[36m199[0m - [1mep:29/50, it:520/577, total_loss:4.077, iou_loss:1.959, l1_loss:0.000, conf_loss:1.562, cls_loss:0.556, lr:2.95e-05, ETA:1:27:10[0m
[32m2026-08-31 22:40:58[0m | [1mINFO    [0m | [36myolox.core.trainer[0m:[36m199[0m - [1mep:29/50, it:540/577, total_loss:4.410, iou_loss:2.302, l1_loss:0.000, conf_loss:1.529, cls_loss:0.579, lr:2.94e-05, ETA:1:27:02[0m
[32m2026-08-31 22:41:06[0m | [1mINFO    [0m | [36myolox.core.trainer[0m:[36m199[0m - [1mep:29/50, it:560/577, total_loss:4.389, iou_loss:2.214, l1_loss:0.000, conf_loss:1.623, cls_loss:0.552, lr:2.93e-05, ETA:1:26:53[0m
[32m2026-08-31 22:41:12[0m | [1mINFO    [0m | [36myolox.core.trainer[0m:[36m259[0m - [1mSave weights to D:\Codes\HDR\Sana\hdr4rtt_rod\cfg_hdr4rtt_rod_dedup[0m
[32m2026-08-31 22:41:13[0m | [1mINFO    [0m | [36myolox.core.trainer[0m:[36m152[0m - [1m---> start train epoch30[0m
[32m2026-08-31 22:41:19[0m | [1mINFO    [0m | [36myolox.core.trainer[0m:[36m199[0m - [1mep:30/50, it:20/577, total_loss:5.964, iou_loss:2.589, l1_loss:0.000, conf_loss:2.744, cls_loss:0.632, lr:2.90e-05, ETA:1:26:35[0m
[32m2026-08-31 22:41:28[0m | [1mINFO    [0m | [36myolox.core.trainer[0m:[36m199[0m - [1mep:30/50, it:40/577, total_loss:4.741, iou_loss:2.510, l1_loss:0.000, conf_loss:1.612, cls_loss:0.620, lr:2.89e-05, ETA:1:26:26[0m
[32m2026-08-31 22:41:38[0m | [1mINFO    [0m | [36myolox.core.trainer[0m:[36m199[0m - [1mep:30/50, it:60/577, total_loss:5.321, iou_loss:2.418, l1_loss:0.000, conf_loss:2.221, cls_loss:0.682, lr:2.88e-05, ETA:1:26:19[0m
[32m2026-08-31 22:41:45[0m | [1mINFO    [0m | [36myolox.core.trainer[0m:[36m199[0m - [1mep:30/50, it:80/577, total_loss:4.341, iou_loss:2.271, l1_loss:0.000, conf_loss:1.464, cls_loss:0.606, lr:2.86e-05, ETA:1:26:09[0m
[32m2026-08-31 22:41:53[0m | [1mINFO    [0m | [36myolox.core.trainer[0m:[36m199[0m - [1mep:30/50, it:100/577, total_loss:4.832, iou_loss:2.442, l1_loss:0.000, conf_loss:1.792, cls_loss:0.598, lr:2.85e-05, ETA:1:26:00[0m
[32m2026-08-31 22:42:01[0m | [1mINFO    [0m | [36myolox.core.trainer[0m:[36m199[0m - [1mep:30/50, it:120/577, total_loss:5.398, iou_loss:2.783, l1_loss:0.000, conf_loss:1.985, cls_loss:0.629, lr:2.84e-05, ETA:1:25:51[0m
[32m2026-08-31 22:42:08[0m | [1mINFO    [0m | [36myolox.core.trainer[0m:[36m199[0m - [1mep:30/50, it:140/577, total_loss:3.665, iou_loss:1.857, l1_loss:0.000, conf_loss:1.266, cls_loss:0.543, lr:2.82e-05, ETA:1:25:41[0m
[32m2026-08-31 22:42:18[0m | [1mINFO    [0m | [36myolox.core.trainer[0m:[36m199[0m - [1mep:30/50, it:160/577, total_loss:5.209, iou_loss:2.436, l1_loss:0.000, conf_loss:2.143, cls_loss:0.629, lr:2.81e-05, ETA:1:25:33[0m
[32m2026-08-31 22:42:26[0m | [1mINFO    [0m | [36myolox.core.trainer[0m:[36m199[0m - [1mep:30/50, it:180/577, total_loss:4.292, iou_loss:2.168, l1_loss:0.000, conf_loss:1.564, cls_loss:0.559, lr:2.80e-05, ETA:1:25:25[0m
[32m2026-08-31 22:42:35[0m | [1mINFO    [0m | [36myolox.core.trainer[0m:[36m199[0m - [1mep:30/50, it:200/577, total_loss:5.272, iou_loss:3.018, l1_loss:0.000, conf_loss:1.584, cls_loss:0.669, lr:2.78e-05, ETA:1:25:16[0m
[32m2026-08-31 22:42:42[0m | [1mINFO    [0m | [36myolox.core.trainer[0m:[36m199[0m - [1mep:30/50, it:220/577, total_loss:4.306, iou_loss:2.070, l1_loss:0.000, conf_loss:1.695, cls_loss:0.541, lr:2.77e-05, ETA:1:25:07[0m
[32m2026-08-31 22:42:51[0m | [1mINFO    [0m | [36myolox.core.trainer[0m:[36m199[0m - [1mep:30/50, it:240/577, total_loss:5.057, iou_loss:2.560, l1_loss:0.000, conf_loss:1.892, cls_loss:0.606, lr:2.76e-05, ETA:1:24:58[0m
[32m2026-08-31 22:42:59[0m | [1mINFO    [0m | [36myolox.core.trainer[0m:[36m199[0m - [1mep:30/50, it:260/577, total_loss:6.286, iou_loss:2.870, l1_loss:0.000, conf_loss:2.758, cls_loss:0.659, lr:2.74e-05, ETA:1:24:49[0m
[32m2026-08-31 22:43:09[0m | [1mINFO    [0m | [36myolox.core.trainer[0m:[36m199[0m - [1mep:30/50, it:280/577, total_loss:4.486, iou_loss:2.091, l1_loss:0.000, conf_loss:1.805, cls_loss:0.590, lr:2.73e-05, ETA:1:24:41[0m
[32m2026-08-31 22:43:18[0m | [1mINFO    [0m | [36myolox.core.trainer[0m:[36m199[0m - [1mep:30/50, it:300/577, total_loss:3.804, iou_loss:2.021, l1_loss:0.000, conf_loss:1.248, cls_loss:0.535, lr:2.72e-05, ETA:1:24:33[0m
[32m2026-08-31 22:43:28[0m | [1mINFO    [0m | [36myolox.core.trainer[0m:[36m199[0m - [1mep:30/50, it:320/577, total_loss:4.915, iou_loss:2.315, l1_loss:0.000, conf_loss:1.921, cls_loss:0.679, lr:2.70e-05, ETA:1:24:26[0m
[32m2026-08-31 22:43:37[0m | [1mINFO    [0m | [36myolox.core.trainer[0m:[36m199[0m - [1mep:30/50, it:340/577, total_loss:5.556, iou_loss:2.544, l1_loss:0.000, conf_loss:2.391, cls_loss:0.621, lr:2.69e-05, ETA:1:24:17[0m
[32m2026-08-31 22:43:45[0m | [1mINFO    [0m | [36myolox.core.trainer[0m:[36m199[0m - [1mep:30/50, it:360/577, total_loss:5.534, iou_loss:2.907, l1_loss:0.000, conf_loss:1.969, cls_loss:0.657, lr:2.68e-05, ETA:1:24:09[0m
[32m2026-08-31 22:43:53[0m | [1mINFO    [0m | [36myolox.core.trainer[0m:[36m199[0m - [1mep:30/50, it:380/577, total_loss:3.745, iou_loss:1.946, l1_loss:0.000, conf_loss:1.277, cls_loss:0.522, lr:2.67e-05, ETA:1:24:00[0m
[32m2026-08-31 22:44:02[0m | [1mINFO    [0m | [36myolox.core.trainer[0m:[36m199[0m - [1mep:30/50, it:400/577, total_loss:5.824, iou_loss:2.627, l1_loss:0.000, conf_loss:2.592, cls_loss:0.606, lr:2.65e-05, ETA:1:23:51[0m
[32m2026-08-31 22:44:10[0m | [1mINFO    [0m | [36myolox.core.trainer[0m:[36m199[0m - [1mep:30/50, it:420/577, total_loss:4.948, iou_loss:2.556, l1_loss:0.000, conf_loss:1.777, cls_loss:0.615, lr:2.64e-05, ETA:1:23:42[0m
[32m2026-08-31 22:44:18[0m | [1mINFO    [0m | [36myolox.core.trainer[0m:[36m199[0m - [1mep:30/50, it:440/577, total_loss:4.960, iou_loss:2.798, l1_loss:0.000, conf_loss:1.530, cls_loss:0.632, lr:2.63e-05, ETA:1:23:33[0m
[32m2026-08-31 22:44:27[0m | [1mINFO    [0m | [36myolox.core.trainer[0m:[36m199[0m - [1mep:30/50, it:460/577, total_loss:4.277, iou_loss:2.364, l1_loss:0.000, conf_loss:1.307, cls_loss:0.605, lr:2.61e-05, ETA:1:23:25[0m
[32m2026-08-31 22:44:36[0m | [1mINFO    [0m | [36myolox.core.trainer[0m:[36m199[0m - [1mep:30/50, it:480/577, total_loss:5.248, iou_loss:2.421, l1_loss:0.000, conf_loss:2.216, cls_loss:0.611, lr:2.60e-05, ETA:1:23:16[0m
[32m2026-08-31 22:44:44[0m | [1mINFO    [0m | [36myolox.core.trainer[0m:[36m199[0m - [1mep:30/50, it:500/577, total_loss:6.133, iou_loss:2.623, l1_loss:0.000, conf_loss:2.708, cls_loss:0.802, lr:2.59e-05, ETA:1:23:08[0m
[32m2026-08-31 22:44:52[0m | [1mINFO    [0m | [36myolox.core.trainer[0m:[36m199[0m - [1mep:30/50, it:520/577, total_loss:5.313, iou_loss:2.443, l1_loss:0.000, conf_loss:2.267, cls_loss:0.603, lr:2.58e-05, ETA:1:22:59[0m
[32m2026-08-31 22:45:00[0m | [1mINFO    [0m | [36myolox.core.trainer[0m:[36m199[0m - [1mep:30/50, it:540/577, total_loss:4.063, iou_loss:2.181, l1_loss:0.000, conf_loss:1.320, cls_loss:0.563, lr:2.56e-05, ETA:1:22:49[0m
[32m2026-08-31 22:45:09[0m | [1mINFO    [0m | [36myolox.core.trainer[0m:[36m199[0m - [1mep:30/50, it:560/577, total_loss:5.241, iou_loss:2.556, l1_loss:0.000, conf_loss:2.071, cls_loss:0.613, lr:2.55e-05, ETA:1:22:42[0m
[32m2026-08-31 22:45:15[0m | [1mINFO    [0m | [36myolox.core.trainer[0m:[36m259[0m - [1mSave weights to D:\Codes\HDR\Sana\hdr4rtt_rod\cfg_hdr4rtt_rod_dedup[0m
[32m2026-08-31 22:45:15[0m | [1mINFO    [0m | [36myolox.core.trainer[0m:[36m259[0m - [1mSave weights to D:\Codes\HDR\Sana\hdr4rtt_rod\cfg_hdr4rtt_rod_dedup[0m
 33%|###3      | 48/144 [00:15<00:13,  7.33it/s] 35%|###4      | 50/144 [00:15<00:11,  8.13it/s] 35%|###5      | 51/144 [00:15<00:11,  8.44it/s] 37%|###6      | 53/144 [00:15<00:11,  8.09it/s] 38%|###7      | 54/144 [00:15<00:10,  8.42it/s] 39%|###8      | 56/144 [00:15<00:09,  8.95it/s] 40%|###9      | 57/144 [00:16<00:10,  8.10it/s] 40%|####      | 58/144 [00:16<00:10,  8.37it/s] 41%|####      | 59/144 [00:16<00:09,  8.55it/s] 42%|####1     | 60/144 [00:16<00:09,  8.87it/s] 42%|####2     | 61/144 [00:16<00:10,  8.16it/s] 43%|####3     | 62/144 [00:16<00:10,  8.13it/s] 44%|####3     | 63/144 [00:16<00:09,  8.58it/s] 44%|####4     | 64/144 [00:16<00:09,  8.75it/s] 45%|####5     | 65/144 [00:17<00:10,  7.37it/s] 47%|####6     | 67/144 [00:17<00:09,  8.17it/s] 47%|####7     | 68/144 [00:17<00:09,  8.29it/s] 48%|####7     | 69/144 [00:17<00:09,  7.77it/s] 49%|####8     | 70/144 [00:17<00:08,  8.26it/s] 49%|####9     | 71/144 [00:17<00:08,  8.68it/s] 51%|#####     | 73/144 [00:17<00:09,  7.81it/s] 51%|#####1    | 74/144 [00:18<00:08,  8.11it/s] 53%|#####2    | 76/144 [00:18<00:07,  8.74it/s] 53%|#####3    | 77/144 [00:18<00:08,  7.71it/s] 54%|#####4    | 78/144 [00:18<00:08,  7.88it/s] 55%|#####4    | 79/144 [00:18<00:07,  8.29it/s] 56%|#####6    | 81/144 [00:18<00:07,  7.89it/s] 58%|#####7    | 83/144 [00:19<00:07,  8.48it/s] 59%|#####9    | 85/144 [00:19<00:08,  6.70it/s] 60%|######    | 87/144 [00:19<00:07,  7.60it/s] 61%|######1   | 88/144 [00:19<00:07,  7.82it/s] 62%|######2   | 90/144 [00:20<00:06,  8.37it/s] 63%|######3   | 91/144 [00:20<00:06,  8.52it/s] 64%|######3   | 92/144 [00:20<00:06,  8.55it/s] 65%|######4   | 93/144 [00:20<00:05,  8.86it/s] 65%|######5   | 94/144 [00:20<00:05,  9.07it/s] 67%|######6   | 96/144 [00:20<00:05,  9.49it/s] 67%|######7   | 97/144 [00:20<00:05,  8.70it/s] 69%|######8   | 99/144 [00:21<00:04,  9.39it/s] 69%|######9   | 100/144 [00:21<00:04,  9.24it/s] 70%|#######   | 101/144 [00:21<00:05,  8.43it/s] 71%|#######   | 102/144 [00:21<00:04,  8.75it/s] 72%|#######1  | 103/144 [00:21<00:04,  8.84it/s] 72%|#######2  | 104/144 [00:21<00:04,  9.02it/s] 73%|#######2  | 105/144 [00:21<00:04,  7.80it/s] 74%|#######4  | 107/144 [00:22<00:04,  8.63it/s] 75%|#######5  | 108/144 [00:22<00:04,  8.86it/s] 76%|#######5  | 109/144 [00:22<00:04,  7.77it/s] 77%|#######7  | 111/144 [00:22<00:03,  8.59it/s] 78%|#######7  | 112/144 [00:22<00:03,  8.60it/s] 78%|#######8  | 113/144 [00:22<00:04,  7.63it/s] 80%|#######9  | 115/144 [00:22<00:03,  8.35it/s] 81%|########  | 116/144 [00:23<00:03,  8.66it/s] 81%|########1 | 117/144 [00:23<00:03,  8.07it/s] 83%|########2 | 119/144 [00:23<00:02,  8.52it/s] 84%|########4 | 121/144 [00:23<00:02,  8.32it/s] 85%|########4 | 122/144 [00:23<00:02,  8.62it/s] 85%|########5 | 123/144 [00:23<00:02,  8.90it/s] 86%|########6 | 124/144 [00:24<00:02,  9.13it/s] 87%|########6 | 125/144 [00:24<00:02,  8.06it/s] 88%|########8 | 127/144 [00:24<00:01,  8.81it/s] 89%|########8 | 128/144 [00:24<00:01,  9.02it/s] 90%|########9 | 129/144 [00:24<00:01,  8.02it/s] 90%|######### | 130/144 [00:24<00:01,  8.18it/s] 91%|######### | 131/144 [00:24<00:01,  8.57it/s] 92%|#########2| 133/144 [00:25<00:01,  7.89it/s] 94%|#########3| 135/144 [00:25<00:01,  8.57it/s] 94%|#########4| 136/144 [00:25<00:00,  8.83it/s] 95%|#########5| 137/144 [00:25<00:00,  7.68it/s] 97%|#########6| 139/144 [00:25<00:00,  8.47it/s] 97%|#########7| 140/144 [00:25<00:00,  8.77it/s] 98%|#########7| 141/144 [00:26<00:00,  7.66it/s] 99%|#########9| 143/144 [00:26<00:00,  8.71it/s]100%|##########| 144/144 [00:26<00:00,  8.96it/s]100%|##########| 144/144 [00:26<00:00,  5.35it/s]
  0%|          | 0/144 [00:00<?, ?it/s]  1%|          | 1/144 [00:09<22:17,  9.35s/it]  2%|2         | 3/144 [00:09<05:51,  2.49s/it]  3%|2         | 4/144 [00:09<03:53,  1.66s/it]  4%|4         | 6/144 [00:09<02:01,  1.13it/s]  6%|5         | 8/144 [00:10<01:15,  1.79it/s]  7%|6         | 10/144 [00:10<00:51,  2.60it/s]  8%|8         | 12/144 [00:10<00:37,  3.50it/s]  9%|9         | 13/144 [00:10<00:34,  3.77it/s] 10%|#         | 15/144 [00:10<00:26,  4.94it/s] 11%|#1        | 16/144 [00:10<00:23,  5.52it/s] 12%|#1        | 17/144 [00:11<00:24,  5.29it/s] 12%|#2        | 18/144 [00:11<00:21,  5.96it/s] 14%|#3        | 20/144 [00:11<00:17,  7.16it/s] 15%|#4        | 21/144 [00:11<00:18,  6.70it/s] 16%|#5        | 23/144 [00:11<00:15,  7.73it/s] 17%|#6        | 24/144 [00:11<00:14,  8.08it/s] 17%|#7        | 25/144 [00:12<00:15,  7.47it/s] 18%|#8        | 26/144 [00:12<00:15,  7.70it/s] 19%|#9        | 28/144 [00:12<00:13,  8.54it/s] 20%|##        | 29/144 [00:12<00:15,  7.65it/s] 22%|##1       | 31/144 [00:12<00:13,  8.34it/s] 22%|##2       | 32/144 [00:12<00:12,  8.62it/s] 23%|##2       | 33/144 [00:13<00:14,  7.58it/s] 24%|##4       | 35/144 [00:13<00:13,  8.31it/s] 25%|##5       | 36/144 [00:13<00:12,  8.52it/s] 26%|##5       | 37/144 [00:13<00:13,  7.96it/s] 26%|##6       | 38/144 [00:13<00:12,  8.40it/s] 27%|##7       | 39/144 [00:13<00:12,  8.45it/s] 28%|##7       | 40/144 [00:13<00:12,  8.51it/s] 28%|##8       | 41/144 [00:13<00:13,  7.86it/s] 29%|##9       | 42/144 [00:14<00:12,  8.34it/s] 31%|###       | 44/144 [00:14<00:11,  9.01it/s] 31%|###1      | 45/144 [00:14<00:13,  7.61it/s] 32%|###1      | 46/144 [00:14<00:12,  8.07it/s] 33%|###2      | 47/144 [00:14<00:11,  8.42it/s] 33%|###3      | 48/144 [00:14<00:11,  8.54it/s] 34%|###4      | 49/144 [00:14<00:12,  7.91it/s] 35%|###4      | 50/144 [00:15<00:11,  8.28it/s] 35%|###5      | 51/144 [00:15<00:13,  6.82it/s] 37%|###6      | 53/144 [00:15<00:11,  7.98it/s] 38%|###7      | 54/144 [00:15<00:10,  8.38it/s] 39%|###8      | 56/144 [00:15<00:09,  8.99it/s] 40%|###9      | 57/144 [00:15<00:10,  8.02it/s] 41%|####      | 59/144 [00:16<00:09,  8.71it/s] 42%|####1     | 60/144 [00:16<00:09,  8.73it/s] 42%|####2     | 61/144 [00:16<00:10,  7.88it/s] 43%|####3     | 62/144 [00:16<00:10,  8.17it/s] 44%|####3     | 63/144 [00:16<00:09,  8.50it/s] 45%|####5     | 65/144 [00:16<00:09,  7.95it/s] 47%|####6     | 67/144 [00:17<00:09,  8.43it/s] 47%|####7     | 68/144 [00:17<00:08,  8.47it/s] 48%|####7     | 69/144 [00:17<00:09,  7.92it/s] 49%|####8     | 70/144 [00:17<00:08,  8.32it/s] 50%|#####     | 72/144 [00:17<00:08,  8.76it/s] 51%|#####     | 73/144 [00:17<00:09,  7.62it/s] 51%|#####1    | 74/144 [00:17<00:08,  7.96it/s] 52%|#####2    | 75/144 [00:18<00:08,  8.34it/s] 53%|#####3    | 77/144 [00:18<00:08,  7.75it/s] 54%|#####4    | 78/144 [00:18<00:08,  7.93it/s] 55%|#####4    | 79/144 [00:18<00:07,  8.34it/s] 56%|#####6    | 81/144 [00:18<00:08,  7.83it/s] 57%|#####6    | 82/144 [00:18<00:07,  8.21it/s] 58%|#####7    | 83/144 [00:19<00:07,  8.54it/s] 58%|#####8    | 84/144 [00:19<00:06,  8.85it/s] 59%|#####9    | 85/144 [00:19<00:08,  7.04it/s] 60%|######    | 87/144 [00:19<00:07,  8.07it/s] 61%|######1   | 88/144 [00:19<00:07,  7.01it/s] 62%|######1   | 89/144 [00:19<00:07,  7.44it/s] 63%|######3   | 91/144 [00:20<00:06,  8.32it/s] 64%|######3   | 92/144 [00:20<00:06,  8.53it/s] 65%|######4   | 93/144 [00:20<00:06,  8.42it/s] 66%|######5   | 95/144 [00:20<00:05,  9.04it/s] 67%|######7   | 97/144 [00:20<00:05,  8.37it/s] 68%|######8   | 98/144 [00:20<00:05,  8.58it/s] 69%|######8   | 99/144 [00:21<00:05,  8.69it/s] 70%|#######   | 101/144 [00:21<00:05,  8.17it/s] 71%|#######   | 102/144 [00:21<00:04,  8.51it/s] 72%|#######1  | 103/144 [00:21<00:04,  8.82it/s] 73%|#######2  | 105/144 [00:21<00:04,  8.01it/s] 74%|#######3  | 106/144 [00:21<00:04,  8.38it/s] 75%|#######5  | 108/144 [00:22<00:04,  8.95it/s] 76%|#######5  | 109/144 [00:22<00:04,  7.86it/s] 76%|#######6  | 110/144 [00:22<00:04,  8.27it/s] 78%|#######7  | 112/144 [00:22<00:03,  8.90it/s] 78%|#######8  | 113/144 [00:22<00:03,  7.89it/s] 79%|#######9  | 114/144 [00:22<00:03,  8.19it/s] 80%|#######9  | 115/144 [00:22<00:03,  8.53it/s] 81%|########1 | 117/144 [00:23<00:03,  8.30it/s] 82%|########1 | 118/144 [00:23<00:03,  8.58it/s] 83%|########2 | 119/144 [00:23<00:02,  8.87it/s] 84%|########4 | 121/144 [00:23<00:02,  8.03it/s][32m2026-08-31 22:45:42[0m | [1mINFO    [0m | [36myolox.evaluators.coco_evaluator[0m:[36m142[0m - [1mEvaluate in main process...[0m
[32m2026-08-31 22:45:43[0m | [1mINFO    [0m | [36myolox.evaluators.coco_evaluator[0m:[36m176[0m - [1mLoading and preparing results...[0m
[32m2026-08-31 22:45:44[0m | [1mINFO    [0m | [36myolox.evaluators.coco_evaluator[0m:[36m176[0m - [1mDONE (t=0.42s)[0m
[32m2026-08-31 22:45:44[0m | [1mINFO    [0m | [36mpycocotools.coco[0m:[36m367[0m - [1mcreating index...[0m
[32m2026-08-31 22:45:44[0m | [1mINFO    [0m | [36mpycocotools.coco[0m:[36m367[0m - [1mindex created![0m
[32m2026-08-31 22:45:44[0m | [33m[1mWARNING [0m | [36myolox.evaluators.coco_evaluator[0m:[36m182[0m - [33m[1mUse standard COCOeval.[0m
[32m2026-08-31 22:45:44[0m | [1mINFO    [0m | [36myolox.evaluators.coco_evaluator[0m:[36m185[0m - [1mRunning per image evaluation...[0m
[32m2026-08-31 22:45:44[0m | [1mINFO    [0m | [36myolox.evaluators.coco_evaluator[0m:[36m185[0m - [1mEvaluate annotation type *bbox*[0m
[32m2026-08-31 22:45:46[0m | [1mINFO    [0m | [36myolox.evaluators.coco_evaluator[0m:[36m185[0m - [1mDONE (t=1.96s).[0m
[32m2026-08-31 22:45:46[0m | [1mINFO    [0m | [36myolox.evaluators.coco_evaluator[0m:[36m186[0m - [1mAccumulating evaluation results...[0m
[32m2026-08-31 22:45:46[0m | [1mINFO    [0m | [36myolox.evaluators.coco_evaluator[0m:[36m186[0m - [1mDONE (t=0.13s).[0m
[32m2026-08-31 22:45:46[0m | [1mINFO    [0m | [36myolox.core.trainer[0m:[36m250[0m - [1m
Average forward time: 14.20 ms, Average NMS time: 1.03 ms, Average inference time: 15.23 ms
 Average Precision  (AP) @[ IoU=0.50:0.95 | area=   all | maxDets=100 ] = 0.266
 Average Precision  (AP) @[ IoU=0.50      | area=   all | maxDets=100 ] = 0.540
 Average Precision  (AP) @[ IoU=0.75      | area=   all | maxDets=100 ] = 0.232
 Average Precision  (AP) @[ IoU=0.50:0.95 | area= small | maxDets=100 ] = 0.035
 Average Precision  (AP) @[ IoU=0.50:0.95 | area=medium | maxDets=100 ] = 0.124
 Average Precision  (AP) @[ IoU=0.50:0.95 | area= large | maxDets=100 ] = 0.411
 Average Recall     (AR) @[ IoU=0.50:0.95 | area=   all | maxDets=  1 ] = 0.109
 Average Recall     (AR) @[ IoU=0.50:0.95 | area=   all | maxDets= 10 ] = 0.289
 Average Recall     (AR) @[ IoU=0.50:0.95 | area=   all | maxDets=100 ] = 0.371
 Average Recall     (AR) @[ IoU=0.50:0.95 | area= small | maxDets=100 ] = 0.116
 Average Recall     (AR) @[ IoU=0.50:0.95 | area=medium | maxDets=100 ] = 0.272
 Average Recall     (AR) @[ IoU=0.50:0.95 | area= large | maxDets=100 ] = 0.500
[0m
[32m2026-08-31 22:45:46[0m | [1mINFO    [0m | [36myolox.core.trainer[0m:[36m259[0m - [1mSave weights to D:\Codes\HDR\Sana\hdr4rtt_rod\cfg_hdr4rtt_rod_dedup[0m
[32m2026-08-31 22:45:46[0m | [1mINFO    [0m | [36myolox.core.trainer[0m:[36m152[0m - [1m---> start train epoch31[0m
[32m2026-08-31 22:45:53[0m | [1mINFO    [0m | [36myolox.core.trainer[0m:[36m199[0m - [1mep:31/50, it:20/577, total_loss:4.128, iou_loss:2.000, l1_loss:0.000, conf_loss:1.590, cls_loss:0.538, lr:2.53e-05, ETA:1:22:24[0m
[32m2026-08-31 22:46:02[0m | [1mINFO    [0m | [36myolox.core.trainer[0m:[36m199[0m - [1mep:31/50, it:40/577, total_loss:4.398, iou_loss:2.378, l1_loss:0.000, conf_loss:1.400, cls_loss:0.621, lr:2.52e-05, ETA:1:22:15[0m
[32m2026-08-31 22:46:10[0m | [1mINFO    [0m | [36myolox.core.trainer[0m:[36m199[0m - [1mep:31/50, it:60/577, total_loss:5.549, iou_loss:2.894, l1_loss:0.000, conf_loss:1.957, cls_loss:0.699, lr:2.50e-05, ETA:1:22:06[0m
[32m2026-08-31 22:46:19[0m | [1mINFO    [0m | [36myolox.core.trainer[0m:[36m199[0m - [1mep:31/50, it:80/577, total_loss:5.962, iou_loss:2.617, l1_loss:0.000, conf_loss:2.737, cls_loss:0.609, lr:2.49e-05, ETA:1:21:58[0m
[32m2026-08-31 22:46:28[0m | [1mINFO    [0m | [36myolox.core.trainer[0m:[36m199[0m - [1mep:31/50, it:100/577, total_loss:3.939, iou_loss:2.129, l1_loss:0.000, conf_loss:1.208, cls_loss:0.602, lr:2.48e-05, ETA:1:21:49[0m
[32m2026-08-31 22:46:37[0m | [1mINFO    [0m | [36myolox.core.trainer[0m:[36m199[0m - [1mep:31/50, it:120/577, total_loss:3.245, iou_loss:1.713, l1_loss:0.000, conf_loss:1.058, cls_loss:0.473, lr:2.47e-05, ETA:1:21:41[0m
[32m2026-08-31 22:46:45[0m | [1mINFO    [0m | [36myolox.core.trainer[0m:[36m199[0m - [1mep:31/50, it:140/577, total_loss:5.015, iou_loss:2.567, l1_loss:0.000, conf_loss:1.817, cls_loss:0.630, lr:2.45e-05, ETA:1:21:32[0m
[32m2026-08-31 22:46:53[0m | [1mINFO    [0m | [36myolox.core.trainer[0m:[36m199[0m - [1mep:31/50, it:160/577, total_loss:4.213, iou_loss:2.092, l1_loss:0.000, conf_loss:1.531, cls_loss:0.591, lr:2.44e-05, ETA:1:21:23[0m
[32m2026-08-31 22:47:02[0m | [1mINFO    [0m | [36myolox.core.trainer[0m:[36m199[0m - [1mep:31/50, it:180/577, total_loss:3.395, iou_loss:2.051, l1_loss:0.000, conf_loss:0.806, cls_loss:0.538, lr:2.43e-05, ETA:1:21:15[0m
[32m2026-08-31 22:47:10[0m | [1mINFO    [0m | [36myolox.core.trainer[0m:[36m199[0m - [1mep:31/50, it:200/577, total_loss:4.174, iou_loss:1.968, l1_loss:0.000, conf_loss:1.660, cls_loss:0.546, lr:2.42e-05, ETA:1:21:06[0m
[32m2026-08-31 22:47:18[0m | [1mINFO    [0m | [36myolox.core.trainer[0m:[36m199[0m - [1mep:31/50, it:220/577, total_loss:5.698, iou_loss:2.523, l1_loss:0.000, conf_loss:2.558, cls_loss:0.618, lr:2.41e-05, ETA:1:20:57[0m
[32m2026-08-31 22:47:26[0m | [1mINFO    [0m | [36myolox.core.trainer[0m:[36m199[0m - [1mep:31/50, it:240/577, total_loss:5.235, iou_loss:2.381, l1_loss:0.000, conf_loss:2.297, cls_loss:0.557, lr:2.39e-05, ETA:1:20:48[0m
[32m2026-08-31 22:47:34[0m | [1mINFO    [0m | [36myolox.core.trainer[0m:[36m199[0m - [1mep:31/50, it:260/577, total_loss:6.836, iou_loss:3.588, l1_loss:0.000, conf_loss:2.399, cls_loss:0.849, lr:2.38e-05, ETA:1:20:39[0m
[32m2026-08-31 22:47:42[0m | [1mINFO    [0m | [36myolox.core.trainer[0m:[36m199[0m - [1mep:31/50, it:280/577, total_loss:4.847, iou_loss:2.401, l1_loss:0.000, conf_loss:1.810, cls_loss:0.635, lr:2.37e-05, ETA:1:20:30[0m
[32m2026-08-31 22:47:50[0m | [1mINFO    [0m | [36myolox.core.trainer[0m:[36m199[0m - [1mep:31/50, it:300/577, total_loss:5.339, iou_loss:2.887, l1_loss:0.000, conf_loss:1.780, cls_loss:0.672, lr:2.36e-05, ETA:1:20:21[0m
[32m2026-08-31 22:47:59[0m | [1mINFO    [0m | [36myolox.core.trainer[0m:[36m199[0m - [1mep:31/50, it:320/577, total_loss:5.273, iou_loss:2.711, l1_loss:0.000, conf_loss:1.935, cls_loss:0.627, lr:2.35e-05, ETA:1:20:13[0m
[32m2026-08-31 22:48:07[0m | [1mINFO    [0m | [36myolox.core.trainer[0m:[36m199[0m - [1mep:31/50, it:340/577, total_loss:5.107, iou_loss:2.093, l1_loss:0.000, conf_loss:2.470, cls_loss:0.545, lr:2.33e-05, ETA:1:20:03[0m
[32m2026-08-31 22:48:14[0m | [1mINFO    [0m | [36myolox.core.trainer[0m:[36m199[0m - [1mep:31/50, it:360/577, total_loss:5.811, iou_loss:2.477, l1_loss:0.000, conf_loss:2.542, cls_loss:0.793, lr:2.32e-05, ETA:1:19:54[0m
[32m2026-08-31 22:48:21[0m | [1mINFO    [0m | [36myolox.core.trainer[0m:[36m199[0m - [1mep:31/50, it:380/577, total_loss:3.700, iou_loss:2.077, l1_loss:0.000, conf_loss:1.085, cls_loss:0.538, lr:2.31e-05, ETA:1:19:45[0m
[32m2026-08-31 22:48:29[0m | [1mINFO    [0m | [36myolox.core.trainer[0m:[36m199[0m - [1mep:31/50, it:400/577, total_loss:5.584, iou_loss:2.453, l1_loss:0.000, conf_loss:2.375, cls_loss:0.756, lr:2.30e-05, ETA:1:19:35[0m
[32m2026-08-31 22:48:39[0m | [1mINFO    [0m | [36myolox.core.trainer[0m:[36m199[0m - [1mep:31/50, it:420/577, total_loss:5.794, iou_loss:2.578, l1_loss:0.000, conf_loss:2.523, cls_loss:0.694, lr:2.29e-05, ETA:1:19:28[0m
[32m2026-08-31 22:48:47[0m | [1mINFO    [0m | [36myolox.core.trainer[0m:[36m199[0m - [1mep:31/50, it:440/577, total_loss:6.019, iou_loss:2.923, l1_loss:0.000, conf_loss:2.435, cls_loss:0.661, lr:2.27e-05, ETA:1:19:19[0m
[32m2026-08-31 22:48:55[0m | [1mINFO    [0m | [36myolox.core.trainer[0m:[36m199[0m - [1mep:31/50, it:460/577, total_loss:2.982, iou_loss:1.710, l1_loss:0.000, conf_loss:0.783, cls_loss:0.490, lr:2.26e-05, ETA:1:19:10[0m
[32m2026-08-31 22:49:05[0m | [1mINFO    [0m | [36myolox.core.trainer[0m:[36m199[0m - [1mep:31/50, it:480/577, total_loss:7.234, iou_loss:3.253, l1_loss:0.000, conf_loss:3.216, cls_loss:0.765, lr:2.25e-05, ETA:1:19:02[0m
[32m2026-08-31 22:49:14[0m | [1mINFO    [0m | [36myolox.core.trainer[0m:[36m199[0m - [1mep:31/50, it:500/577, total_loss:2.368, iou_loss:1.293, l1_loss:0.000, conf_loss:0.647, cls_loss:0.429, lr:2.24e-05, ETA:1:18:54[0m
[32m2026-08-31 22:49:23[0m | [1mINFO    [0m | [36myolox.core.trainer[0m:[36m199[0m - [1mep:31/50, it:520/577, total_loss:5.733, iou_loss:2.269, l1_loss:0.000, conf_loss:2.630, cls_loss:0.834, lr:2.23e-05, ETA:1:18:46[0m
[32m2026-08-31 22:49:32[0m | [1mINFO    [0m | [36myolox.core.trainer[0m:[36m199[0m - [1mep:31/50, it:540/577, total_loss:4.585, iou_loss:2.246, l1_loss:0.000, conf_loss:1.755, cls_loss:0.584, lr:2.22e-05, ETA:1:18:37[0m
[32m2026-08-31 22:49:40[0m | [1mINFO    [0m | [36myolox.core.trainer[0m:[36m199[0m - [1mep:31/50, it:560/577, total_loss:4.344, iou_loss:2.295, l1_loss:0.000, conf_loss:1.424, cls_loss:0.624, lr:2.20e-05, ETA:1:18:29[0m
[32m2026-08-31 22:49:47[0m | [1mINFO    [0m | [36myolox.core.trainer[0m:[36m259[0m - [1mSave weights to D:\Codes\HDR\Sana\hdr4rtt_rod\cfg_hdr4rtt_rod_dedup[0m
[32m2026-08-31 22:49:47[0m | [1mINFO    [0m | [36myolox.core.trainer[0m:[36m152[0m - [1m---> start train epoch32[0m
[32m2026-08-31 22:49:54[0m | [1mINFO    [0m | [36myolox.core.trainer[0m:[36m199[0m - [1mep:32/50, it:20/577, total_loss:4.279, iou_loss:2.041, l1_loss:0.000, conf_loss:1.634, cls_loss:0.604, lr:2.18e-05, ETA:1:18:11[0m
[32m2026-08-31 22:50:02[0m | [1mINFO    [0m | [36myolox.core.trainer[0m:[36m199[0m - [1mep:32/50, it:40/577, total_loss:3.881, iou_loss:2.102, l1_loss:0.000, conf_loss:1.230, cls_loss:0.549, lr:2.17e-05, ETA:1:18:02[0m
[32m2026-08-31 22:50:13[0m | [1mINFO    [0m | [36myolox.core.trainer[0m:[36m199[0m - [1mep:32/50, it:60/577, total_loss:2.961, iou_loss:1.549, l1_loss:0.000, conf_loss:0.990, cls_loss:0.422, lr:2.16e-05, ETA:1:17:55[0m
[32m2026-08-31 22:50:21[0m | [1mINFO    [0m | [36myolox.core.trainer[0m:[36m199[0m - [1mep:32/50, it:80/577, total_loss:5.003, iou_loss:2.452, l1_loss:0.000, conf_loss:1.903, cls_loss:0.647, lr:2.15e-05, ETA:1:17:46[0m
[32m2026-08-31 22:50:32[0m | [1mINFO    [0m | [36myolox.core.trainer[0m:[36m199[0m - [1mep:32/50, it:100/577, total_loss:4.941, iou_loss:2.769, l1_loss:0.000, conf_loss:1.536, cls_loss:0.636, lr:2.14e-05, ETA:1:17:39[0m
[32m2026-08-31 22:50:39[0m | [1mINFO    [0m | [36myolox.core.trainer[0m:[36m199[0m - [1mep:32/50, it:120/577, total_loss:6.074, iou_loss:2.584, l1_loss:0.000, conf_loss:2.854, cls_loss:0.636, lr:2.13e-05, ETA:1:17:30[0m
[32m2026-08-31 22:50:48[0m | [1mINFO    [0m | [36myolox.core.trainer[0m:[36m199[0m - [1mep:32/50, it:140/577, total_loss:5.767, iou_loss:2.687, l1_loss:0.000, conf_loss:2.428, cls_loss:0.653, lr:2.11e-05, ETA:1:17:21[0m
[32m2026-08-31 22:50:57[0m | [1mINFO    [0m | [36myolox.core.trainer[0m:[36m199[0m - [1mep:32/50, it:160/577, total_loss:3.446, iou_loss:1.966, l1_loss:0.000, conf_loss:0.960, cls_loss:0.521, lr:2.10e-05, ETA:1:17:13[0m
[32m2026-08-31 22:51:05[0m | [1mINFO    [0m | [36myolox.core.trainer[0m:[36m199[0m - [1mep:32/50, it:180/577, total_loss:3.814, iou_loss:1.931, l1_loss:0.000, conf_loss:1.343, cls_loss:0.540, lr:2.09e-05, ETA:1:17:04[0m
[32m2026-08-31 22:51:15[0m | [1mINFO    [0m | [36myolox.core.trainer[0m:[36m199[0m - [1mep:32/50, it:200/577, total_loss:5.997, iou_loss:2.579, l1_loss:0.000, conf_loss:2.795, cls_loss:0.623, lr:2.08e-05, ETA:1:16:56[0m
[32m2026-08-31 22:51:23[0m | [1mINFO    [0m | [36myolox.core.trainer[0m:[36m199[0m - [1mep:32/50, it:220/577, total_loss:4.885, iou_loss:2.246, l1_loss:0.000, conf_loss:2.050, cls_loss:0.588, lr:2.07e-05, ETA:1:16:48[0m
[32m2026-08-31 22:51:32[0m | [1mINFO    [0m | [36myolox.core.trainer[0m:[36m199[0m - [1mep:32/50, it:240/577, total_loss:6.830, iou_loss:2.605, l1_loss:0.000, conf_loss:3.477, cls_loss:0.747, lr:2.06e-05, ETA:1:16:39[0m
[32m2026-08-31 22:51:41[0m | [1mINFO    [0m | [36myolox.core.trainer[0m:[36m199[0m - [1mep:32/50, it:260/577, total_loss:5.277, iou_loss:2.284, l1_loss:0.000, conf_loss:2.456, cls_loss:0.537, lr:2.05e-05, ETA:1:16:31[0m
[32m2026-08-31 22:51:48[0m | [1mINFO    [0m | [36myolox.core.trainer[0m:[36m199[0m - [1mep:32/50, it:280/577, total_loss:5.847, iou_loss:2.645, l1_loss:0.000, conf_loss:2.587, cls_loss:0.615, lr:2.04e-05, ETA:1:16:21[0m
[32m2026-08-31 22:51:57[0m | [1mINFO    [0m | [36myolox.core.trainer[0m:[36m199[0m - [1mep:32/50, it:300/577, total_loss:3.863, iou_loss:2.118, l1_loss:0.000, conf_loss:1.183, cls_loss:0.562, lr:2.03e-05, ETA:1:16:13[0m
[32m2026-08-31 22:52:07[0m | [1mINFO    [0m | [36myolox.core.trainer[0m:[36m199[0m - [1mep:32/50, it:320/577, total_loss:6.058, iou_loss:2.527, l1_loss:0.000, conf_loss:2.867, cls_loss:0.664, lr:2.01e-05, ETA:1:16:05[0m
[32m2026-08-31 22:52:17[0m | [1mINFO    [0m | [36myolox.core.trainer[0m:[36m199[0m - [1mep:32/50, it:340/577, total_loss:4.235, iou_loss:2.303, l1_loss:0.000, conf_loss:1.314, cls_loss:0.618, lr:2.00e-05, ETA:1:15:58[0m
[32m2026-08-31 22:52:25[0m | [1mINFO    [0m | [36myolox.core.trainer[0m:[36m199[0m - [1mep:32/50, it:360/577, total_loss:5.095, iou_loss:2.310, l1_loss:0.000, conf_loss:2.169, cls_loss:0.616, lr:1.99e-05, ETA:1:15:49[0m
[32m2026-08-31 22:52:35[0m | [1mINFO    [0m | [36myolox.core.trainer[0m:[36m199[0m - [1mep:32/50, it:380/577, total_loss:4.232, iou_loss:1.872, l1_loss:0.000, conf_loss:1.845, cls_loss:0.515, lr:1.98e-05, ETA:1:15:41[0m
[32m2026-08-31 22:52:43[0m | [1mINFO    [0m | [36myolox.core.trainer[0m:[36m199[0m - [1mep:32/50, it:400/577, total_loss:6.253, iou_loss:2.652, l1_loss:0.000, conf_loss:2.907, cls_loss:0.695, lr:1.97e-05, ETA:1:15:32[0m
[32m2026-08-31 22:52:52[0m | [1mINFO    [0m | [36myolox.core.trainer[0m:[36m199[0m - [1mep:32/50, it:420/577, total_loss:5.612, iou_loss:2.810, l1_loss:0.000, conf_loss:2.159, cls_loss:0.643, lr:1.96e-05, ETA:1:15:24[0m
[32m2026-08-31 22:53:00[0m | [1mINFO    [0m | [36myolox.core.trainer[0m:[36m199[0m - [1mep:32/50, it:440/577, total_loss:5.316, iou_loss:2.688, l1_loss:0.000, conf_loss:1.958, cls_loss:0.669, lr:1.95e-05, ETA:1:15:15[0m
[32m2026-08-31 22:53:09[0m | [1mINFO    [0m | [36myolox.core.trainer[0m:[36m199[0m - [1mep:32/50, it:460/577, total_loss:3.992, iou_loss:2.042, l1_loss:0.000, conf_loss:1.234, cls_loss:0.716, lr:1.94e-05, ETA:1:15:06[0m
[32m2026-08-31 22:53:18[0m | [1mINFO    [0m | [36myolox.core.trainer[0m:[36m199[0m - [1mep:32/50, it:480/577, total_loss:5.442, iou_loss:3.055, l1_loss:0.000, conf_loss:1.732, cls_loss:0.656, lr:1.93e-05, ETA:1:14:58[0m
[32m2026-08-31 22:53:27[0m | [1mINFO    [0m | [36myolox.core.trainer[0m:[36m199[0m - [1mep:32/50, it:500/577, total_loss:5.449, iou_loss:2.847, l1_loss:0.000, conf_loss:1.948, cls_loss:0.655, lr:1.92e-05, ETA:1:14:50[0m
[32m2026-08-31 22:53:34[0m | [1mINFO    [0m | [36myolox.core.trainer[0m:[36m199[0m - [1mep:32/50, it:520/577, total_loss:5.436, iou_loss:2.866, l1_loss:0.000, conf_loss:1.908, cls_loss:0.662, lr:1.91e-05, ETA:1:14:40[0m
[32m2026-08-31 22:53:43[0m | [1mINFO    [0m | [36myolox.core.trainer[0m:[36m199[0m - [1mep:32/50, it:540/577, total_loss:5.483, iou_loss:2.525, l1_loss:0.000, conf_loss:2.284, cls_loss:0.675, lr:1.90e-05, ETA:1:14:32[0m
[32m2026-08-31 22:53:53[0m | [1mINFO    [0m | [36myolox.core.trainer[0m:[36m199[0m - [1mep:32/50, it:560/577, total_loss:5.697, iou_loss:2.703, l1_loss:0.000, conf_loss:2.337, cls_loss:0.657, lr:1.89e-05, ETA:1:14:24[0m
[32m2026-08-31 22:54:00[0m | [1mINFO    [0m | [36myolox.core.trainer[0m:[36m259[0m - [1mSave weights to D:\Codes\HDR\Sana\hdr4rtt_rod\cfg_hdr4rtt_rod_dedup[0m
[32m2026-08-31 22:54:00[0m | [1mINFO    [0m | [36myolox.core.trainer[0m:[36m152[0m - [1m---> start train epoch33[0m
[32m2026-08-31 22:54:09[0m | [1mINFO    [0m | [36myolox.core.trainer[0m:[36m199[0m - [1mep:33/50, it:20/577, total_loss:5.284, iou_loss:2.628, l1_loss:0.000, conf_loss:2.042, cls_loss:0.614, lr:1.87e-05, ETA:1:14:08[0m
[32m2026-08-31 22:54:17[0m | [1mINFO    [0m | [36myolox.core.trainer[0m:[36m199[0m - [1mep:33/50, it:40/577, total_loss:4.337, iou_loss:2.182, l1_loss:0.000, conf_loss:1.607, cls_loss:0.548, lr:1.86e-05, ETA:1:13:59[0m
[32m2026-08-31 22:54:26[0m | [1mINFO    [0m | [36myolox.core.trainer[0m:[36m199[0m - [1mep:33/50, it:60/577, total_loss:4.987, iou_loss:2.476, l1_loss:0.000, conf_loss:1.916, cls_loss:0.595, lr:1.85e-05, ETA:1:13:51[0m
[32m2026-08-31 22:54:35[0m | [1mINFO    [0m | [36myolox.core.trainer[0m:[36m199[0m - [1mep:33/50, it:80/577, total_loss:5.558, iou_loss:2.748, l1_loss:0.000, conf_loss:2.156, cls_loss:0.654, lr:1.84e-05, ETA:1:13:42[0m
[32m2026-08-31 22:54:42[0m | [1mINFO    [0m | [36myolox.core.trainer[0m:[36m199[0m - [1mep:33/50, it:100/577, total_loss:5.229, iou_loss:2.760, l1_loss:0.000, conf_loss:1.839, cls_loss:0.629, lr:1.83e-05, ETA:1:13:33[0m
[32m2026-08-31 22:54:49[0m | [1mINFO    [0m | [36myolox.core.trainer[0m:[36m199[0m - [1mep:33/50, it:120/577, total_loss:4.844, iou_loss:2.247, l1_loss:0.000, conf_loss:2.001, cls_loss:0.596, lr:1.81e-05, ETA:1:13:23[0m
[32m2026-08-31 22:54:57[0m | [1mINFO    [0m | [36myolox.core.trainer[0m:[36m199[0m - [1mep:33/50, it:140/577, total_loss:5.461, iou_loss:2.326, l1_loss:0.000, conf_loss:2.529, cls_loss:0.606, lr:1.80e-05, ETA:1:13:14[0m
[32m2026-08-31 22:55:08[0m | [1mINFO    [0m | [36myolox.core.trainer[0m:[36m199[0m - [1mep:33/50, it:160/577, total_loss:5.354, iou_loss:2.677, l1_loss:0.000, conf_loss:2.043, cls_loss:0.635, lr:1.79e-05, ETA:1:13:07[0m
[32m2026-08-31 22:55:14[0m | [1mINFO    [0m | [36myolox.core.trainer[0m:[36m199[0m - [1mep:33/50, it:180/577, total_loss:5.016, iou_loss:2.183, l1_loss:0.000, conf_loss:2.156, cls_loss:0.677, lr:1.78e-05, ETA:1:12:57[0m
[32m2026-08-31 22:55:21[0m | [1mINFO    [0m | [36myolox.core.trainer[0m:[36m199[0m - [1mep:33/50, it:200/577, total_loss:4.551, iou_loss:2.467, l1_loss:0.000, conf_loss:1.486, cls_loss:0.598, lr:1.77e-05, ETA:1:12:48[0m
[32m2026-08-31 22:55:29[0m | [1mINFO    [0m | [36myolox.core.trainer[0m:[36m199[0m - [1mep:33/50, it:220/577, total_loss:6.705, iou_loss:2.915, l1_loss:0.000, conf_loss:3.130, cls_loss:0.660, lr:1.76e-05, ETA:1:12:39[0m
[32m2026-08-31 22:55:37[0m | [1mINFO    [0m | [36myolox.core.trainer[0m:[36m199[0m - [1mep:33/50, it:240/577, total_loss:4.193, iou_loss:2.065, l1_loss:0.000, conf_loss:1.552, cls_loss:0.576, lr:1.75e-05, ETA:1:12:30[0m
[32m2026-08-31 22:55:44[0m | [1mINFO    [0m | [36myolox.core.trainer[0m:[36m199[0m - [1mep:33/50, it:260/577, total_loss:4.577, iou_loss:2.403, l1_loss:0.000, conf_loss:1.600, cls_loss:0.573, lr:1.74e-05, ETA:1:12:21[0m
[32m2026-08-31 22:55:55[0m | [1mINFO    [0m | [36myolox.core.trainer[0m:[36m199[0m - [1mep:33/50, it:280/577, total_loss:5.612, iou_loss:2.750, l1_loss:0.000, conf_loss:2.228, cls_loss:0.634, lr:1.73e-05, ETA:1:12:13[0m
[32m2026-08-31 22:56:04[0m | [1mINFO    [0m | [36myolox.core.trainer[0m:[36m199[0m - [1mep:33/50, it:300/577, total_loss:4.024, iou_loss:2.188, l1_loss:0.000, conf_loss:1.255, cls_loss:0.581, lr:1.72e-05, ETA:1:12:05[0m
[32m2026-08-31 22:56:13[0m | [1mINFO    [0m | [36myolox.core.trainer[0m:[36m199[0m - [1mep:33/50, it:320/577, total_loss:4.980, iou_loss:2.583, l1_loss:0.000, conf_loss:1.774, cls_loss:0.624, lr:1.71e-05, ETA:1:11:57[0m
[32m2026-08-31 22:56:20[0m | [1mINFO    [0m | [36myolox.core.trainer[0m:[36m199[0m - [1mep:33/50, it:340/577, total_loss:6.865, iou_loss:2.507, l1_loss:0.000, conf_loss:3.687, cls_loss:0.672, lr:1.70e-05, ETA:1:11:47[0m
[32m2026-08-31 22:56:30[0m | [1mINFO    [0m | [36myolox.core.trainer[0m:[36m199[0m - [1mep:33/50, it:360/577, total_loss:6.607, iou_loss:3.093, l1_loss:0.000, conf_loss:2.780, cls_loss:0.734, lr:1.70e-05, ETA:1:11:39[0m
[32m2026-08-31 22:56:37[0m | [1mINFO    [0m | [36myolox.core.trainer[0m:[36m199[0m - [1mep:33/50, it:380/577, total_loss:3.286, iou_loss:1.621, l1_loss:0.000, conf_loss:1.177, cls_loss:0.488, lr:1.69e-05, ETA:1:11:30[0m
[32m2026-08-31 22:56:45[0m | [1mINFO    [0m | [36myolox.core.trainer[0m:[36m199[0m - [1mep:33/50, it:400/577, total_loss:4.890, iou_loss:2.443, l1_loss:0.000, conf_loss:1.833, cls_loss:0.615, lr:1.68e-05, ETA:1:11:21[0m
[32m2026-08-31 22:56:53[0m | [1mINFO    [0m | [36myolox.core.trainer[0m:[36m199[0m - [1mep:33/50, it:420/577, total_loss:4.869, iou_loss:2.507, l1_loss:0.000, conf_loss:1.755, cls_loss:0.607, lr:1.67e-05, ETA:1:11:12[0m
[32m2026-08-31 22:57:03[0m | [1mINFO    [0m | [36myolox.core.trainer[0m:[36m199[0m - [1mep:33/50, it:440/577, total_loss:5.927, iou_loss:2.898, l1_loss:0.000, conf_loss:2.372, cls_loss:0.658, lr:1.66e-05, ETA:1:11:04[0m
[32m2026-08-31 22:57:11[0m | [1mINFO    [0m | [36myolox.core.trainer[0m:[36m199[0m - [1mep:33/50, it:460/577, total_loss:4.314, iou_loss:2.352, l1_loss:0.000, conf_loss:1.393, cls_loss:0.569, lr:1.65e-05, ETA:1:10:56[0m
[32m2026-08-31 22:57:18[0m | [1mINFO    [0m | [36myolox.core.trainer[0m:[36m199[0m - [1mep:33/50, it:480/577, total_loss:4.558, iou_loss:2.395, l1_loss:0.000, conf_loss:1.543, cls_loss:0.620, lr:1.64e-05, ETA:1:10:46[0m
[32m2026-08-31 22:57:26[0m | [1mINFO    [0m | [36myolox.core.trainer[0m:[36m199[0m - [1mep:33/50, it:500/577, total_loss:3.494, iou_loss:1.802, l1_loss:0.000, conf_loss:1.188, cls_loss:0.504, lr:1.63e-05, ETA:1:10:37[0m
[32m2026-08-31 22:57:35[0m | [1mINFO    [0m | [36myolox.core.trainer[0m:[36m199[0m - [1mep:33/50, it:520/577, total_loss:3.939, iou_loss:2.122, l1_loss:0.000, conf_loss:1.252, cls_loss:0.565, lr:1.62e-05, ETA:1:10:29[0m
[32m2026-08-31 22:57:43[0m | [1mINFO    [0m | [36myolox.core.trainer[0m:[36m199[0m - [1mep:33/50, it:540/577, total_loss:4.048, iou_loss:2.207, l1_loss:0.000, conf_loss:1.268, cls_loss:0.574, lr:1.61e-05, ETA:1:10:20[0m
