stem,cls,source,missed,size,rel_lum,box_dr,scene_dr
hdr_00070,pottedplant,S1,False,11.017227172851562,13.202728915234033,2.563749074935913,6.341362464021008
hdr_00070,pottedplant,S1,True,4.596063137054443,40.65250420779694,1.0829488039016724,6.341362464021008
hdr_00070,pottedplant,S1,False,20.975662231445312,0.697231441661797,2.7073209285736084,6.341362464021008
hdr_00070,person,S1,False,37.43274688720703,0.49169320961302265,3.168398380279541,6.341362464021008
hdr_00070,person,S1,False,34.781761169433594,0.3948994459005035,3.199198007583618,6.341362464021008
hdr_00070,person,S1,False,24.55328369140625,2.118666726153193,2.5641372203826904,6.341362464021008
hdr_00070,person,S1,False,18.651823043823242,87.48287312923622,0.9241623878479004,6.341362464021008
hdr_00070,person,S1,True,9.386935234069824,55.49810167996949,2.081306219100952,6.341362464021008
hdr_00070,pottedplant,S1,False,6.529074668884277,41.75907490286783,1.92257559299469,6.341362464021008
hdr_00102,pottedplant,S1,False,11.017227172851562,13.846616389732414,2.5870132446289062,6.341362464021008
hdr_00102,pottedplant,S1,True,4.596063137054443,41.80847041757623,1.069882869720459,6.341362464021008
hdr_00102,pottedplant,S1,False,20.975662231445312,0.7083778269147294,2.720590114593506,6.341362464021008
hdr_00102,person,S1,False,35.80058670043945,0.4802210307586748,3.170487880706787,6.341362464021008
hdr_00102,person,S1,False,34.781761169433594,0.3867014242997447,3.217404842376709,6.341362464021008
hdr_00102,person,S1,False,23.22261619567871,1.9491894678610178,2.6135101318359375,6.341362464021008
hdr_00102,person,S1,False,19.57476234436035,50.3762913891585,2.4264564514160156,6.341362464021008
hdr_00102,pottedplant,S1,False,6.529074668884277,43.23575238877455,1.8897274732589722,6.341362464021008
hdr_00133,pottedplant,S1,False,11.017227172851562,13.890846918529624,2.572169303894043,6.339130857433855
hdr_00133,pottedplant,S1,True,4.596063137054443,41.78627944550889,1.0732189416885376,6.339130857433855
hdr_00133,pottedplant,S1,False,20.975662231445312,0.7113597986592383,2.705244779586792,6.339130857433855
hdr_00133,person,S1,False,35.76293182373047,0.4834423834123677,3.1896684169769287,6.339130857433855
hdr_00133,person,S1,False,34.781761169433594,0.39776898223642987,3.2278785705566406,6.339130857433855
hdr_00133,person,S1,False,23.24293327331543,1.4841101992062111,2.722761631011963,6.339130857433855
hdr_00133,person,S1,False,12.258190155029297,108.78434874984794,1.7030174732208252,6.339130857433855
hdr_00133,pottedplant,S1,False,6.529074668884277,42.9037218730223,1.8930079936981201,6.339130857433855
hdr_00147,pottedplant,S1,False,11.017227172851562,14.303066233769059,2.5605313777923584,6.341115073252767
hdr_00147,pottedplant,S1,True,4.596063137054443,43.2287052253774,1.06381094455719,6.341115073252767
hdr_00147,pottedplant,S1,False,20.975662231445312,0.7095605679124436,2.718689441680908,6.341115073252767
hdr_00147,person,S1,False,35.76293182373047,0.49099877793117075,3.207650661468506,6.341115073252767
hdr_00147,person,S1,False,34.781761169433594,0.3662037766370145,3.2389347553253174,6.341115073252767
hdr_00147,person,S1,False,22.73479461669922,2.391299106084461,2.498739004135132,6.341115073252767
hdr_00147,person,S1,False,14.386458396911621,60.691364699455896,2.3902502059936523,6.341115073252767
hdr_00147,pottedplant,S1,False,6.529074668884277,44.561005719456126,1.9950482845306396,6.341115073252767
hdr_00194,pottedplant,S1,False,11.017227172851562,13.052988657638563,2.554807424545288,6.341115073252767
hdr_00194,pottedplant,S1,True,4.596063137054443,40.291240812124734,1.0828880071640015,6.341115073252767
hdr_00194,pottedplant,S1,False,20.975662231445312,0.7315423490683014,2.679234504699707,6.341115073252767
hdr_00194,person,S1,False,35.80058670043945,0.4610809187365858,3.155902624130249,6.341115073252767
hdr_00194,person,S1,False,34.781761169433594,0.40187923914355217,3.2029404640197754,6.341115073252767
hdr_00194,person,S1,False,23.393678665161133,1.8175475915544514,2.5870249271392822,6.341115073252767
hdr_00194,pottedplant,S1,False,6.529074668884277,39.18815307761086,1.9015698432922363,6.341115073252767
hdr_00205,person,S1,False,12.102499961853027,176.96046709669326,1.670607566833496,6.397650746569041
hdr_00205,car,S1,False,61.3698616027832,0.5006431126436485,6.142549991607666,6.397650746569041
hdr_00207,person,S1,False,11.000988960266113,163.33837112255267,2.1808559894561768,6.397867948114905
hdr_00207,car,S1,False,61.67670440673828,0.48918692846200934,6.1374664306640625,6.397867948114905
hdr_00226,car,S1,False,67.73966217041016,0.5802989010359069,6.127068996429443,6.400034009871413
hdr_00226,person,S1,False,15.513534545898438,227.2871820961926,1.1393473148345947,6.400034009871413
hdr_00226,person,S1,False,9.959671974182129,67.58338568201776,6.061853408813477,6.400034009871413
hdr_00231,car,S1,False,69.28827667236328,0.6311421117716896,6.1212944984436035,6.399168881135323
hdr_00231,person,S1,True,6.640605449676514,38.39285725455036,5.771892070770264,6.399168881135323
hdr_00231,person,S1,False,15.061298370361328,266.31015171281234,1.0932230949401855,6.399168881135323
hdr_00243,car,S1,False,72.813720703125,0.6509397479055915,6.107953071594238,6.400034009871413
hdr_00243,person,S1,False,16.302404403686523,261.6373183156287,1.0603333711624146,6.400034009871413
hdr_00243,person,S1,True,5.055387496948242,5.052440667936941,5.224307060241699,6.400034009871413
hdr_00257,car,S1,False,75.75563049316406,0.7182728196386232,6.0929484367370605,6.3985189017445
hdr_00257,person,S1,False,13.268020629882812,127.43462466375192,6.124373435974121,6.3985189017445
hdr_00265,car,S1,False,72.68296813964844,0.7763437292159675,6.088337421417236,6.398735669646132
hdr_00265,person,S1,False,13.561391830444336,93.15600568861652,6.120258331298828,6.398735669646132
hdr_00277,car,S1,False,63.32540512084961,0.724161109489507,5.971338272094727,6.401328480224412
hdr_00277,person,S1,False,6.548725128173828,2.2233473552420304,4.870267391204834,6.401328480224412
hdr_00311,car,S1,False,50.200260162353516,0.747798759261579,6.0965118408203125,6.398085041087135
hdr_00311,person,S1,False,15.269400596618652,241.0852193635591,1.5162664651870728,6.398085041087135
hdr_00311,person,S1,True,11.24454116821289,202.21417867220464,1.5816421508789062,6.398085041087135
hdr_00311,person,S1,False,29.95167350769043,0.29075005831583106,4.022769451141357,6.398085041087135
hdr_00326,car,S1,False,44.487972259521484,0.6689858290237006,6.120037078857422,6.397867948114905
hdr_00326,person,S1,True,31.508546829223633,0.2332323941590025,4.799466133117676,6.397867948114905
hdr_00326,person,S1,False,10.863986015319824,195.29560696465649,1.6913079023361206,6.397867948114905
hdr_00326,person,S1,False,12.230881690979004,161.63602219767537,2.9877676963806152,6.397867948114905
hdr_00326,person,S1,False,15.753623962402344,188.76599046851325,1.4531346559524536,6.397867948114905
hdr_00333,car,S1,False,43.371742248535156,0.755001224039199,6.125080108642578,6.397867948114905
hdr_00333,person,S1,False,33.35759353637695,0.2996729534809255,4.7604570388793945,6.397867948114905
hdr_00333,person,S1,False,11.437468528747559,212.61568706297612,1.5815104246139526,6.397867948114905
hdr_00333,person,S1,False,15.749486923217773,184.35434026614243,1.4778728485107422,6.397867948114905
hdr_00333,person,S1,False,15.832856178283691,195.76273559263976,2.491621255874634,6.397867948114905
hdr_00364,car,S1,False,33.64373016357422,0.9609953823765067,5.923547267913818,6.397433436340887
hdr_00364,person,S1,False,27.994522094726562,0.49510683219529705,5.951881408691406,6.397433436340887
hdr_00364,person,S1,False,12.956833839416504,135.60067846519254,1.8235924243927002,6.397433436340887
hdr_00364,person,S1,False,15.222412109375,152.46936527760616,1.4842947721481323,6.397433436340887
hdr_00364,person,S1,False,15.190961837768555,182.8808787289708,1.6746785640716553,6.397433436340887
hdr_00379,car,S1,False,31.067520141601562,1.7610304611120473,6.024326801300049,6.400681727339578
hdr_00379,person,S1,False,30.375635147094727,19.696225660283062,6.139383792877197,6.400681727339578
hdr_00379,person,S1,False,13.921941757202148,111.4167569358235,1.4473270177841187,6.400681727339578
hdr_00379,person,S1,False,12.861065864562988,129.52570120507892,1.671905279159546,6.400681727339578
hdr_00397,car,S1,False,30.33951759338379,8.732513373781986,3.2046539783477783,6.398302025594224
hdr_00397,person,S1,False,13.581463813781738,24.870583539101432,6.163857460021973,6.398302025594224
hdr_00397,person,S1,False,26.534622192382812,1.527532183595499,6.123681545257568,6.398302025594224
hdr_00397,person,S1,False,11.180351257324219,97.7559659015481,1.5730918645858765,6.398302025594224
hdr_00397,person,S1,False,12.861063957214355,90.01825774159555,1.5246632099151611,6.398302025594224
hdr_00569,person,S1,False,41.797386169433594,5.45773246830896,3.3840677738189697,6.105418177711523
hdr_00569,person,S1,False,55.218441009521484,1.226309618532937,4.707417964935303,6.105418177711523
hdr_00569,pottedplant,S1,False,25.098371505737305,2.400646214317467,4.855428695678711,6.105418177711523
hdr_00569,bottle,S1,False,9.29496955871582,3.8905640445692447,2.679711103439331,6.105418177711523
hdr_00569,bottle,S1,False,13.201323509216309,5.311651709532734,2.667405605316162,6.105418177711523
hdr_00576,person,S1,False,39.72016525268555,7.334637892900785,3.9485559463500977,5.995484268694961
hdr_00576,person,S1,False,61.15497970581055,1.200119816336605,4.4462361335754395,5.995484268694961
hdr_00576,pottedplant,S1,False,19.957021713256836,3.1777197327966524,4.974065780639648,5.995484268694961
hdr_00576,bottle,S1,False,9.483144760131836,11.575880982335223,2.838932514190674,5.995484268694961
hdr_00578,person,S1,False,41.54118728637695,6.896549500507821,3.9815633296966553,6.005463239500614
hdr_00578,person,S1,False,62.55397033691406,1.2306126220368867,4.451145172119141,6.005463239500614
hdr_00578,pottedplant,S1,False,19.973302841186523,3.0832313809222707,5.2293171882629395,6.005463239500614
hdr_00578,bottle,S1,True,9.061859130859375,16.474719086028728,2.5311880111694336,6.005463239500614
hdr_00587,person,S1,False,36.60768508911133,21.78380292501734,4.218487739562988,6.037554081220623
hdr_00587,person,S1,False,59.755958557128906,2.5851289168659295,4.216555595397949,6.037554081220623
hdr_00587,pottedplant,S1,False,17.251840591430664,5.835437832427062,5.924163341522217,6.037554081220623
hdr_00596,person,S1,False,29.762283325195312,27.527856777001887,5.859058380126953,5.909008200397284
hdr_00596,person,S1,False,57.16843032836914,4.555031775762701,4.211933135986328,5.909008200397284
hdr_00596,pottedplant,S1,False,16.546411514282227,14.569388622609683,5.771877288818359,5.909008200397284
hdr_00597,person,S1,False,29.395172119140625,27.462810847561656,5.842129707336426,5.871460237471443
hdr_00597,person,S1,False,58.84154510498047,4.7627212759660305,4.145823955535889,5.871460237471443
hdr_00597,pottedplant,S1,False,16.03912925720215,15.882246987933163,5.7294158935546875,5.871460237471443
hdr_00656,person,S1,False,47.55248260498047,1.0870134100398663,4.159717559814453,5.860265946013861
hdr_00656,person,S1,False,23.4388427734375,170.8321054796616,3.7242507934570312,5.860265946013861
hdr_00656,person,S1,False,15.37148666381836,1.2520552204916406,3.749732732772827,5.860265946013861
hdr_00656,person,S1,False,52.212493896484375,0.8774471426207225,4.256832122802734,5.860265946013861
hdr_00656,diningtable,S1,False,41.082611083984375,1.654446549495418,4.301987648010254,5.860265946013861
hdr_00656,bottle,S1,True,6.4120965003967285,1.1659848271086055,1.8495484590530396,5.860265946013861
hdr_00656,bottle,S1,False,5.222175598144531,0.7418833969230091,1.8835313320159912,5.860265946013861
hdr_00656,bottle,S1,False,5.687639236450195,1.2612733241080525,1.86635160446167,5.860265946013861
hdr_00656,bottle,S1,False,6.634546756744385,1.4294142080174819,1.8891814947128296,5.860265946013861
hdr_00656,bottle,S1,False,4.738472938537598,1.832554392144207,3.4631402492523193,5.860265946013861
hdr_00656,bottle,S1,False,5.416991233825684,1.3463441173311514,1.939736008644104,5.860265946013861
hdr_00656,bottle,S1,False,5.934000015258789,1.150886921374218,1.828397512435913,5.860265946013861
hdr_00656,bottle,S1,False,5.724382400512695,2.339234124759614,1.7543063163757324,5.860265946013861
hdr_00656,bottle,S1,False,5.171321868896484,2.072971813153261,3.530386447906494,5.860265946013861
hdr_00656,bottle,S1,False,5.51732873916626,1.37611455104871,3.450868606567383,5.860265946013861
hdr_00656,bottle,S1,False,3.5722010135650635,2.2810833086928035,2.2417993545532227,5.860265946013861
hdr_00656,bottle,S1,False,3.923675775527954,0.43678233152574913,1.9649056196212769,5.860265946013861
hdr_00656,bottle,S1,False,3.4074816703796387,0.4865631080066408,1.7221449613571167,5.860265946013861
hdr_00656,bottle,S1,False,4.072775363922119,0.5498031219572284,2.100128173828125,5.860265946013861
hdr_00656,bottle,S1,False,3.0269651412963867,1.2423341245843553,1.1108989715576172,5.860265946013861
hdr_00656,bottle,S1,False,2.7766714096069336,1.2454233084474413,0.6285825967788696,5.860265946013861
hdr_00656,bottle,S1,False,2.635303497314453,1.26586985744212,1.3953357934951782,5.860265946013861
hdr_00656,chair,S1,False,31.91324806213379,0.7534987883368882,2.9040729999542236,5.860265946013861
hdr_00656,chair,S1,False,35.11181640625,0.5561613175643957,2.762300491333008,5.860265946013861
hdr_00656,bottle,S1,False,2.9790804386138916,1.6643005915980509,0.808918833732605,5.860265946013861
hdr_00733,person,S1,False,47.83247375488281,1.1704542365600554,4.227956771850586,5.849654383639195
hdr_00733,person,S1,False,25.898557662963867,52.259672326429325,3.75775146484375,5.849654383639195
hdr_00733,person,S1,True,15.37148666381836,1.1292147101070558,3.564128875732422,5.849654383639195
hdr_00733,person,S1,False,51.03917694091797,0.8223549979572792,4.3290486335754395,5.849654383639195
hdr_00733,diningtable,S1,False,41.082611083984375,1.6395754086680188,4.375998497009277,5.849654383639195
hdr_00733,bottle,S1,False,6.4120965003967285,1.0791594140370737,1.8068150281906128,5.849654383639195
hdr_00733,bottle,S1,False,5.222175598144531,0.6919623255602819,1.85416579246521,5.849654383639195
hdr_00733,bottle,S1,False,5.687639236450195,1.144261481115177,1.7971746921539307,5.849654383639195
hdr_00733,bottle,S1,False,6.634546756744385,1.2651543971523227,1.789048433303833,5.849654383639195
hdr_00733,bottle,S1,False,5.055426597595215,1.3024091785986065,1.1464923620224,5.849654383639195
hdr_00733,bottle,S1,False,5.6209540367126465,1.610236689139943,1.882588267326355,5.849654383639195
hdr_00733,bottle,S1,False,5.934000015258789,1.4196562631854581,1.883069634437561,5.849654383639195
hdr_00733,bottle,S1,False,5.724382400512695,2.7299833783722804,1.8224011659622192,5.849654383639195
hdr_00733,bottle,S1,False,5.171321868896484,2.7184324652138243,3.617037534713745,5.849654383639195
hdr_00733,bottle,S1,False,5.51732873916626,1.7549274696869208,3.53014874458313,5.849654383639195
hdr_00733,bottle,S1,False,3.5722010135650635,2.730223871753289,2.3634414672851562,5.849654383639195
hdr_00733,bottle,S1,False,3.923675775527954,0.5274647859977147,2.0544538497924805,5.849654383639195
hdr_00733,bottle,S1,False,3.4074816703796387,0.5878740853786318,1.8253016471862793,5.849654383639195
hdr_00733,bottle,S1,False,4.072775363922119,0.5718871004090664,2.191230058670044,5.849654383639195
hdr_00733,bottle,S1,False,3.0269651412963867,1.3627398087916935,1.1269909143447876,5.849654383639195
hdr_00733,bottle,S1,False,2.7766714096069336,1.3671147529700465,0.6319270133972168,5.849654383639195
hdr_00733,bottle,S1,False,2.635303497314453,1.1209479509923768,1.407357931137085,5.849654383639195
hdr_00733,chair,S1,False,31.91324806213379,0.8238938342237346,3.138425350189209,5.849654383639195
hdr_00733,chair,S1,False,35.11181640625,0.5178527502948923,2.767178773880005,5.849654383639195
hdr_00733,bottle,S1,False,2.9790804386138916,1.8597891451518154,0.8290956020355225,5.849654383639195
hdr_00781,person,S1,False,6.513516426086426,1.6281883273359326,5.537265300750732,6.050114289118228
hdr_00781,person,S1,False,8.268048286437988,0.3767264883515221,5.592475414276123,6.050114289118228
hdr_00781,car,S1,False,13.217297554016113,0.1578614739555144,5.977128505706787,6.050114289118228
hdr_00781,car,S1,False,28.426467895507812,0.12768236529819563,5.5217413902282715,6.050114289118228
hdr_00782,car,S1,False,28.426467895507812,0.12932566012165694,5.508425712585449,6.024272479556238
hdr_00782,car,S1,False,13.870933532714844,0.22453861136726005,5.943568229675293,6.024272479556238
hdr_00782,person,S1,False,7.802165985107422,0.2462871430318051,5.560571193695068,6.024272479556238
hdr_00782,person,S1,False,6.454921722412109,1.7728071851371692,3.5217998027801514,6.024272479556238
hdr_00785,person,S1,False,7.475341796875,1.662663307331961,3.097144842147827,5.862133882148981
hdr_00785,person,S1,False,7.475341796875,0.28576964974979957,5.706347942352295,5.862133882148981
hdr_00785,car,S1,False,16.52958869934082,0.2837493514871294,5.766859531402588,5.862133882148981
hdr_00785,car,S1,False,28.99288558959961,0.14730907096442422,5.3317461013793945,5.862133882148981
hdr_00786,car,S1,False,28.99288558959961,0.15137761665496885,5.369759559631348,5.907406481667336
hdr_00786,car,S1,False,18.379507064819336,0.23933888238290688,5.8007588386535645,5.907406481667336
hdr_00786,person,S1,False,7.254274368286133,0.2781055129624027,5.781682014465332,5.907406481667336
hdr_00786,person,S1,False,7.254275798797607,1.7129318709524988,2.934749126434326,5.907406481667336
hdr_00796,car,S1,False,23.449377059936523,0.4595847193421731,5.640871524810791,5.774900857425269
hdr_00796,car,S1,False,28.238582611083984,0.1355921303547143,5.256915092468262,5.774900857425269
hdr_00796,person,S1,False,6.488420009613037,0.5219164815451266,5.268772602081299,5.774900857425269
hdr_00796,person,S1,False,6.4884209632873535,1.6327505218186014,2.2198638916015625,5.774900857425269
hdr_00798,car,S1,False,22.617321014404297,0.8277152665301261,5.640171051025391,5.76661956765946
hdr_00798,car,S1,False,28.645599365234375,0.1529190580887341,5.311431407928467,5.76661956765946
hdr_00798,person,S1,False,8.228531837463379,0.504316427233689,5.238519191741943,5.76661956765946
hdr_00798,person,S1,False,6.661038875579834,1.8967719149336717,1.7001352310180664,5.76661956765946
hdr_00867,person,S1,False,6.589797019958496,0.4561297085526235,5.715301513671875,6.232288651796438
hdr_00867,person,S1,False,6.589797019958496,1.1762305938203768,2.0767743587493896,6.232288651796438
hdr_00867,car,S1,False,28.163894653320312,1.4059466474576074,6.125367164611816,6.232288651796438
hdr_00867,car,S1,False,23.24555778503418,0.21239894673377988,5.881629943847656,6.232288651796438
hdr_00900,car,S1,False,28.715208053588867,1.5644083343798165,6.048929214477539,6.160921388414519
hdr_00900,person,S1,False,5.702589988708496,2.208145187256747,1.7063735723495483,6.160921388414519
hdr_00914,car,S1,False,28.853925704956055,1.7097484436813246,6.068692207336426,6.190259637613159
hdr_00914,person,S1,False,5.807168483734131,2.641616932056929,2.476299285888672,6.190259637613159
hdr_00916,car,S1,False,28.390811920166016,1.7942847584931845,6.0559234619140625,6.178904886736037
hdr_00916,person,S1,False,5.1116204261779785,1.7908732574987956,2.406620740890503,6.178904886736037
hdr_00918,car,S1,False,29.493480682373047,1.771904947869687,6.03305196762085,6.158667259745623
hdr_00918,person,S1,False,6.215136528015137,2.81979424552236,2.3400917053222656,6.158667259745623
hdr_00918,person,S1,True,3.8188982009887695,1.5031836589869385,5.674975395202637,6.158667259745623
hdr_00965,person,S1,False,3.78883695602417,1.4288023570414425,5.399802207946777,6.043781223148749
hdr_00965,person,S1,False,3.78883695602417,1.5265038586431692,5.605132102966309,6.043781223148749
hdr_00965,person,S1,False,9.897503852844238,1.0948582428515021,5.761850357055664,6.043781223148749
hdr_00965,car,S1,False,23.931304931640625,2.284016563486831,6.0254225730896,6.043781223148749
hdr_00980,car,S1,False,18.923643112182617,3.001402771768878,6.076728343963623,6.030831116282166
hdr_00980,person,S1,False,4.0878424644470215,1.3897560123324089,5.585413455963135,6.030831116282166
hdr_00980,person,S1,False,4.087840557098389,1.227381001635121,5.3796563148498535,6.030831116282166
hdr_00983,car,S1,False,17.211671829223633,3.07177049522563,5.957641124725342,5.89410549328164
hdr_00983,person,S1,False,3.4200727939605713,0.6872891192370509,5.411446571350098,5.89410549328164
hdr_00983,person,S1,False,3.420073986053467,1.063311700690732,5.258794784545898,5.89410549328164
hdr_00986,car,S1,False,15.245389938354492,3.16538613706021,6.044093132019043,5.968994225199216
hdr_00986,person,S1,False,3.1595747470855713,1.4132488489840342,5.418296813964844,5.968994225199216
hdr_00986,person,S1,False,3.1595747470855713,1.123056982385032,5.359935283660889,5.968994225199216
hdr_00986,person,S1,False,3.159573554992676,0.9136965474529076,5.159200668334961,5.968994225199216
hdr_00993,person,S1,True,2.7321865558624268,1.0824624977588302,4.84222412109375,5.681734296588373
hdr_00993,person,S1,False,2.7321865558624268,0.9325431798713071,3.860508918762207,5.681734296588373
hdr_00993,person,S1,False,2.7321865558624268,1.3754356834073749,5.075066089630127,5.681734296588373
hdr_00993,car,S1,True,8.7771635055542,4.167414785744168,5.8053717613220215,5.681734296588373
hdr_01001,person,S1,True,1.9008958339691162,1.5714399857973067,5.131044864654541,5.662095295871137
hdr_01001,person,S1,True,1.9008948802947998,0.9625619881434213,4.809421062469482,5.662095295871137
hdr_01001,car,S1,False,20.069522857666016,0.2649329857345127,5.479662895202637,5.662095295871137
hdr_01005,person,S1,True,1.8487423658370972,0.6575866497264453,4.78473424911499,5.706432361676144
hdr_01005,person,S1,True,1.8487414121627808,1.3951307574918077,5.168210983276367,5.706432361676144
hdr_01005,person,S1,True,1.8487423658370972,0.8106492944468804,4.859607696533203,5.706432361676144
hdr_01005,car,S1,False,23.472890853881836,0.19886285959783834,5.408268928527832,5.706432361676144
hdr_01009,person,S1,True,2.6269519329071045,0.4641210043363104,4.962096214294434,5.682298681959424
hdr_01009,person,S1,False,2.626952886581421,0.8524926656395007,5.050046920776367,5.682298681959424
hdr_01009,person,S1,True,2.6269519329071045,0.4728684991484704,4.732473850250244,5.682298681959424
hdr_01009,car,S1,False,26.58868980407715,0.1727809932936438,5.324365139007568,5.682298681959424
hdr_01011,person,S1,False,2.8811075687408447,1.012922544160118,4.870049953460693,5.567027858736476
hdr_01011,person,S1,False,2.8811075687408447,1.0921274778317895,4.902515888214111,5.567027858736476
hdr_01011,person,S1,True,2.8811075687408447,0.550508704401472,4.6299238204956055,5.567027858736476
hdr_01011,car,S1,False,25.749332427978516,0.18020332497509658,5.210652828216553,5.567027858736476
hdr_01023,person,S1,False,3.1129062175750732,0.517064262657321,4.771853446960449,5.798945232847358
hdr_01023,person,S1,True,3.1129074096679688,1.0069271401803652,5.14688777923584,5.798945232847358
hdr_01023,person,S1,False,3.1129062175750732,0.8172644743697135,3.7183406352996826,5.798945232847358
hdr_01023,car,S1,False,25.352685928344727,0.4165313904674784,5.456367492675781,5.798945232847358
hdr_01037,person,S1,False,2.826009750366211,0.39897936707144926,4.848496913909912,5.613373326346723
hdr_01037,person,S1,False,2.826009750366211,1.3166094081573512,4.860950946807861,5.613373326346723
hdr_01037,person,S1,False,2.826009750366211,0.9727072641183124,4.058923244476318,5.613373326346723
hdr_01037,car,S1,False,22.04859733581543,0.4272814594609754,5.499705791473389,5.613373326346723
hdr_01043,person,S1,False,2.700256109237671,0.8310549926131504,5.461124897003174,5.855749844848897
hdr_01043,person,S1,False,2.700256109237671,1.206211572307386,5.193943977355957,5.855749844848897
hdr_01043,person,S1,False,2.700256109237671,0.37205304589736976,5.0034332275390625,5.855749844848897
hdr_01043,car,S1,False,15.427480697631836,0.3648948923216149,5.455329418182373,5.855749844848897
hdr_01112,person,S1,False,30.6091251373291,0.22097264798924385,2.7494523525238037,3.529562573768409
hdr_01112,person,S1,False,34.344120025634766,0.11879958376975092,2.484677791595459,3.529562573768409
hdr_01112,person,S1,False,26.871753692626953,0.09087767755716887,2.7339930534362793,3.529562573768409
hdr_01112,person,S1,False,28.786155700683594,0.1553720286877563,2.4636895656585693,3.529562573768409
hdr_01112,person,S1,True,25.958776473999023,0.10101662246958565,2.556642770767212,3.529562573768409
hdr_01134,person,S1,False,47.996578216552734,0.18450166339190338,2.6314074993133545,3.464450700368076
hdr_01134,person,S1,False,36.48145294189453,0.13847249903274367,2.6913583278656006,3.464450700368076
hdr_01134,person,S1,False,37.945335388183594,0.19281582319384974,2.239166021347046,3.464450700368076
hdr_01136,person,S1,False,48.16340637207031,0.1998164179377597,2.638974905014038,3.250474349225711
hdr_01136,person,S1,False,36.47924041748047,0.1448650185364122,2.7056996822357178,3.250474349225711
hdr_01136,person,S1,False,40.33555221557617,0.29165017663322496,2.2348732948303223,3.250474349225711
hdr_01138,person,S1,False,50.58592987060547,0.2185624480125386,2.6457886695861816,3.2615814521230315
hdr_01138,person,S1,False,35.921875,0.14480947919153722,2.7813684940338135,3.2615814521230315
hdr_01138,person,S1,False,39.14704895019531,0.1752640379383313,2.2673962116241455,3.2615814521230315
hdr_01156,person,S1,False,38.123512268066406,0.20724174719400118,2.675276279449463,3.439248422603943
hdr_01156,person,S1,False,46.96983337402344,0.16214570106298162,1.9708236455917358,3.439248422603943
hdr_01156,person,S1,False,39.46826934814453,0.25384730484886475,2.553955316543579,3.439248422603943
hdr_01157,person,S1,False,49.22804260253906,0.1781305161544236,2.016538143157959,3.4882653214053896
hdr_01157,person,S1,False,37.76522445678711,0.21685954899916574,2.65466046333313,3.4882653214053896
hdr_01157,person,S1,False,37.62540054321289,0.2860505177127547,2.601454019546509,3.4882653214053896
hdr_01161,person,S1,False,50.29202651977539,0.2942931558061478,2.016296148300171,3.4803014702365265
hdr_01161,person,S1,False,42.09566879272461,0.48667207656251854,3.1338086128234863,3.4803014702365265
hdr_01161,person,S1,False,41.26731872558594,0.3861661799162588,2.2779576778411865,3.4803014702365265
hdr_01161,person,S1,False,40.45848846435547,0.5303013123331476,2.772716760635376,3.4803014702365265
hdr_01169,person,S1,False,38.040428161621094,0.8807153116713349,2.9366140365600586,3.5805361241783342
hdr_01169,person,S1,False,47.12080001831055,0.45465719804346877,2.5592477321624756,3.5805361241783342
hdr_01169,person,S1,False,48.661643981933594,0.3854634914874219,2.214902400970459,3.5805361241783342
hdr_01176,person,S1,False,55.768287658691406,0.17692616065438188,2.7838826179504395,3.435381797431324
hdr_01176,person,S1,False,43.5391960144043,0.15229143031133893,2.5991926193237305,3.435381797431324
hdr_01178,person,S1,False,57.878623962402344,0.09345353892223802,2.789695978164673,3.449254070336931
hdr_01184,person,S1,False,65.32605743408203,0.07735569355539723,2.9376230239868164,3.394580121028908
hdr_01185,person,S1,False,66.86058044433594,0.07904106037128414,2.961852788925171,3.396082673843268
hdr_01187,person,S1,False,67.44148254394531,0.08471858433780782,2.962488889694214,3.334773202788654
hdr_01190,person,S1,False,64.56053161621094,0.062179144673716345,2.8603975772857666,3.28570903843478
hdr_01252,person,S1,False,41.74374008178711,0.99608861347734,2.6552441120147705,3.3670463715641348
hdr_01300,person,S3,False,74.27556610107422,0.5971224117870175,1.4659736156463623,2.448652670027398
hdr_01300,person,S3,True,5.103135108947754,2.9491555033156565,0.3258627951145172,2.448652670027398
hdr_01303,person,S3,False,58.863067626953125,0.2515959876877217,3.7695424556732178,4.696737600478152
hdr_01303,person,S3,False,34.470787048339844,1.7975766504503352,3.2019567489624023,4.696737600478152
hdr_01303,person,S3,False,51.509647369384766,4.564926813351501,4.0265212059021,4.696737600478152
hdr_01303,bottle,S3,False,8.472229957580566,0.5937198198331144,1.4812008142471313,4.696737600478152
hdr_01303,diningtable,S3,False,35.612247467041016,163.08171292994183,3.81754994392395,4.696737600478152
hdr_01303,bottle,S3,False,6.137027263641357,77.23429073635918,3.111311674118042,4.696737600478152
hdr_01303,bottle,S3,False,9.13828182220459,270.15242039814456,3.1689717769622803,4.696737600478152
hdr_01313,person,S3,False,63.849849700927734,0.33696801684290073,4.396996021270752,4.764222440701933
hdr_01313,person,S3,False,34.16990280151367,2.040797174840803,3.2603585720062256,4.764222440701933
hdr_01313,person,S3,False,52.056610107421875,5.825974369805086,4.01032829284668,4.764222440701933
hdr_01313,diningtable,S3,False,34.87387466430664,204.2023410273084,3.765151262283325,4.764222440701933
hdr_01313,bottle,S3,False,8.159260749816895,0.46576931705915464,1.368357539176941,4.764222440701933
hdr_01313,bottle,S3,False,7.359822750091553,0.3436135919043702,1.7443771362304688,4.764222440701933
hdr_01313,bottle,S3,False,6.994234561920166,0.4365714720157474,1.748469591140747,4.764222440701933
hdr_01313,bottle,S3,False,9.578722953796387,288.3201526683083,3.2062160968780518,4.764222440701933
hdr_01313,bottle,S3,False,8.652921676635742,235.88872465739433,3.1386332511901855,4.764222440701933
hdr_01325,person,S3,False,10.756979942321777,1.5950376178261063,1.8213791847229004,3.847424863008474
hdr_01325,person,S3,False,9.702615737915039,2.0356732936730624,1.8883988857269287,3.847424863008474
hdr_01325,person,S3,False,37.80754852294922,0.42656877699155815,1.6704175472259521,3.847424863008474
hdr_01329,person,S3,False,26.178232192993164,0.767401276136103,2.2520346641540527,5.074704321224991
hdr_01329,person,S3,False,19.37731170654297,0.3719280374859789,1.6182458400726318,5.074704321224991
hdr_01329,person,S3,False,28.193008422851562,1.1844524887715424,4.075626373291016,5.074704321224991
hdr_01329,bottle,S3,False,6.560605049133301,70.85300916490843,3.0832061767578125,5.074704321224991
hdr_01329,bottle,S3,False,4.184029579162598,1.500429488277088,2.1329233646392822,5.074704321224991
hdr_01329,bottle,S3,False,4.0100884437561035,2.5362617088803985,1.366159200668335,5.074704321224991
hdr_01329,bottle,S3,True,4.342738628387451,2.0854562418547626,1.312562346458435,5.074704321224991
hdr_01329,bottle,S3,False,4.114318370819092,0.6497278958301963,0.9378288984298706,5.074704321224991
hdr_01329,bottle,S3,False,3.8761403560638428,0.4528304517452507,0.9022222757339478,5.074704321224991
hdr_01329,bottle,S3,False,3.9711785316467285,0.6075407438364369,1.4768829345703125,5.074704321224991
hdr_01329,bottle,S3,False,4.323738098144531,0.4474760577639484,1.0891344547271729,5.074704321224991
hdr_01329,bottle,S3,False,3.571160078048706,0.6395861819043934,0.9941064715385437,5.074704321224991
hdr_01329,bottle,S3,False,4.07528018951416,0.3857017722161251,0.9803196787834167,5.074704321224991
hdr_01329,bottle,S3,False,2.990757465362549,0.45820222935207966,0.8769436478614807,5.074704321224991
hdr_01329,bottle,S3,True,3.3527369499206543,0.4343284895314383,0.6650902628898621,5.074704321224991
hdr_01329,bottle,S3,True,2.4235892295837402,0.43160041725447645,0.5533965229988098,5.074704321224991
hdr_01329,chair,S3,False,22.815263748168945,0.5073603338415522,1.4379032850265503,5.074704321224991
hdr_01329,chair,S3,False,24.107479095458984,0.5451038039763055,1.5971170663833618,5.074704321224991
hdr_01329,chair,S3,False,14.8941068649292,0.5137550161845706,0.9898995757102966,5.074704321224991
hdr_01329,chair,S3,True,17.513124465942383,0.33830896599940835,1.7623045444488525,5.074704321224991
hdr_01329,diningtable,S3,False,31.62378692626953,0.5450728931609494,3.9565975666046143,5.074704321224991
hdr_01329,chair,S3,False,20.934207916259766,0.6480437606964177,2.9238088130950928,5.074704321224991
hdr_01329,diningtable,S3,False,19.046581268310547,0.403647903386437,1.6607431173324585,5.074704321224991
hdr_01335,person,S3,False,11.154322624206543,0.3925617175675149,1.9318233728408813,2.9605461293849955
hdr_01335,person,S3,False,6.950263023376465,0.08616608660378468,2.4154512882232666,2.9605461293849955
hdr_01335,person,S3,False,3.1752071380615234,0.12602077523620386,1.4244422912597656,2.9605461293849955
hdr_01335,person,S3,False,2.375063419342041,0.1960033634397861,2.034322738647461,2.9605461293849955
hdr_01335,car,S3,False,12.64483642578125,0.12525868294013923,2.1719796657562256,2.9605461293849955
hdr_01335,car,S3,False,14.095868110656738,0.20294880713834104,2.654573440551758,2.9605461293849955
hdr_01335,car,S3,False,15.910011291503906,0.614722365916615,2.805382013320923,2.9605461293849955
hdr_01336,car,S3,True,67.32091522216797,0.37311887515357606,4.333097457885742,4.7921569745989485
hdr_01336,car,S3,True,37.494239807128906,2.1035208222942954,3.424090623855591,4.7921569745989485
hdr_01336,car,S3,True,52.30421447753906,6.9808794158577845,3.96911358833313,4.7921569745989485
hdr_01336,diningtable,S3,False,33.92851638793945,207.86197660403286,3.756559133529663,4.7921569745989485
hdr_01336,bottle,S3,False,7.673856735229492,0.706753098087796,1.2924482822418213,4.7921569745989485
hdr_01336,bottle,S3,False,7.7659525871276855,0.42409148111378314,1.8438284397125244,4.7921569745989485
hdr_01336,bottle,S3,False,7.5795745849609375,0.4700532585056394,1.7942650318145752,4.7921569745989485
hdr_01336,bottle,S3,True,7.216512203216553,0.17859022266346025,1.8117709159851074,4.7921569745989485
hdr_01336,bottle,S3,False,8.979412078857422,199.42414943606286,3.1465041637420654,4.7921569745989485
hdr_01336,bottle,S3,False,9.812907218933105,241.47661276704767,3.0854055881500244,4.7921569745989485
hdr_01347,person,S3,False,28.14175796508789,2.3690199244497716,3.8218863010406494,7.227056912239915
hdr_01351,person,S3,False,55.97816848754883,1.314285410392419,4.364145278930664,7.772885315809572
hdr_01351,person,S3,False,32.054290771484375,19.589361055905393,3.8361310958862305,7.772885315809572
hdr_01351,bottle,S3,False,4.577963829040527,12.13734711845845,2.389197826385498,7.772885315809572
hdr_01351,bottle,S3,True,6.08432674407959,57.912977858841,2.5898478031158447,7.772885315809572
hdr_01351,bottle,S3,True,5.045304775238037,10.0781333748279,2.2935595512390137,7.772885315809572
hdr_01351,bottle,S3,True,7.080142021179199,25.509849851387738,2.590074062347412,7.772885315809572
hdr_01351,pottedplant,S3,False,32.73671340942383,2.953323419283549,5.103964328765869,7.772885315809572
hdr_01351,bottle,S3,True,10.161483764648438,5.059870907253736,4.308545112609863,7.772885315809572
hdr_01352,person,S3,False,9.254321098327637,0.19000026455705132,1.6886245012283325,2.9442278792523333
hdr_01352,car,S3,False,16.2429256439209,0.3163130287132586,2.6929590702056885,2.9442278792523333
hdr_01352,car,S3,False,12.42092227935791,0.10561685351342454,2.1524596214294434,2.9442278792523333
hdr_01352,car,S3,True,5.81837797164917,0.26723358704087324,1.974413275718689,2.9442278792523333
hdr_01352,car,S3,False,5.201626777648926,0.24068069393581792,1.94926917552948,2.9442278792523333
hdr_01352,car,S3,False,3.989433526992798,0.10972922919833335,1.7741104364395142,2.9442278792523333
hdr_01352,car,S3,False,4.132573127746582,0.1335892020905886,2.3346636295318604,2.9442278792523333
hdr_01353,person,S3,False,69.79390716552734,0.554546617694856,1.2488049268722534,2.4899428543904696
hdr_01353,person,S3,False,5.253974914550781,2.703032330489555,1.147104263305664,2.4899428543904696
hdr_01353,person,S3,False,4.934628486633301,3.5021545907795932,0.9892829656600952,2.4899428543904696
hdr_01354,person,S3,False,52.20464324951172,0.8472897626688244,4.08006477355957,6.066275298824098
hdr_01354,person,S3,False,38.526092529296875,1.060433012031573,3.5071897506713867,6.066275298824098
hdr_01354,person,S3,False,43.59355926513672,0.25726484182000625,3.129896640777588,6.066275298824098
hdr_01354,person,S3,False,7.80654239654541,0.38316333473997105,2.0776174068450928,6.066275298824098
hdr_01354,person,S3,False,8.239908218383789,0.21073316169386866,2.1992697715759277,6.066275298824098
hdr_01367,person,S3,False,58.190582275390625,3.561699233577803,2.9220428466796875,5.844908741292223
hdr_01367,person,S3,False,70.21087646484375,0.8285871361629803,3.399332284927368,5.844908741292223
hdr_01381,person,S3,False,14.715121269226074,0.3732869261811078,1.1319609880447388,4.021780756499961
hdr_01381,chair,S3,False,14.858505249023438,0.3387391506476295,1.2246395349502563,4.021780756499961
hdr_01387,person,S3,True,7.3035078048706055,0.21782485656123363,1.3154982328414917,4.703154037824411
hdr_01387,person,S3,True,5.080528259277344,0.3106723156127825,1.537867784500122,4.703154037824411
hdr_01387,person,S3,True,4.732285499572754,0.4016730663904332,1.5368512868881226,4.703154037824411
hdr_01399,person,S3,False,5.1009321212768555,0.10733160517217379,1.5659881830215454,3.2335090659648484
hdr_01399,person,S3,False,5.139272689819336,0.10846393590413766,1.6726950407028198,3.2335090659648484
hdr_01399,person,S3,False,5.2042155265808105,0.1507826828722822,1.7141151428222656,3.2335090659648484
hdr_01399,person,S3,False,5.307311534881592,0.19309157445558855,1.555875301361084,3.2335090659648484
hdr_01399,person,S3,False,3.588312864303589,0.10630693127308173,1.1842283010482788,3.2335090659648484
hdr_01399,person,S3,False,4.120423316955566,0.18424817868249316,1.6427698135375977,3.2335090659648484
hdr_01399,person,S3,False,9.341790199279785,0.35698475920899875,2.666072368621826,3.2335090659648484
hdr_01399,person,S3,False,2.8050954341888428,0.32645171726159844,1.3208400011062622,3.2335090659648484
hdr_01399,person,S3,True,1.6855729818344116,0.7362446380348168,1.9022291898727417,3.2335090659648484
hdr_01399,car,S3,False,11.490620613098145,0.29991373041194574,2.2341699600219727,3.2335090659648484
hdr_01399,car,S3,False,12.945344924926758,0.3136577745803471,2.4787137508392334,3.2335090659648484
hdr_01399,car,S3,False,15.863924980163574,1.1837110708060017,2.9181439876556396,3.2335090659648484
hdr_01399,car,S3,False,17.19855499267578,0.1457896481920095,2.468853712081909,3.2335090659648484
hdr_01399,car,S3,False,13.68105697631836,0.2057924950205933,2.835632085800171,3.2335090659648484
hdr_01399,car,S3,False,11.783519744873047,0.25392430827067286,2.739387273788452,3.2335090659648484
hdr_01399,car,S3,True,7.175604820251465,1.1182840321062582,2.011838674545288,3.2335090659648484
hdr_01400,car,S3,False,80.02379608154297,0.6794025143448196,2.6201794147491455,3.153376593052653
hdr_01400,car,S3,False,11.170027732849121,1.8055527319665268,2.2434916496276855,3.153376593052653
hdr_01400,car,S3,False,14.288166046142578,1.2258109051510242,2.066453456878662,3.153376593052653
hdr_01400,car,S3,False,12.10661792755127,1.1089563375199063,1.9205468893051147,3.153376593052653
hdr_01400,car,S3,False,11.385411262512207,2.189989077646803,2.060281753540039,3.153376593052653
hdr_01402,person,S3,False,32.74266052246094,0.20791514543747916,2.8446850776672363,5.233900577303698
hdr_01402,person,S3,False,18.468425750732422,1.3627581132922355,4.028527736663818,5.233900577303698
hdr_01402,person,S3,False,24.528179168701172,0.38285023463856876,2.3363113403320312,5.233900577303698
hdr_01412,person,S3,False,29.552919387817383,2.855086840169869,2.4618773460388184,7.489351798576121
hdr_01421,person,S3,False,56.16844940185547,1.3015237560076662,4.068631172180176,6.52574989159953
hdr_01421,person,S3,False,51.35209655761719,4.312374928523324,4.255035877227783,6.52574989159953
hdr_01422,person,S3,False,35.89679718017578,0.26195158557376896,2.604069471359253,5.335158503109292
hdr_01422,person,S3,False,16.759719848632812,1.4117748996884674,3.618546724319458,5.335158503109292
hdr_01422,person,S3,False,22.666839599609375,0.5546684147503096,2.2488105297088623,5.335158503109292
hdr_01430,person,S3,False,63.788997650146484,0.33712423287140586,4.396416664123535,4.755139513072905
hdr_01430,person,S3,False,34.518917083740234,1.791760009193199,3.196193218231201,4.755139513072905
hdr_01430,person,S3,False,51.947139739990234,5.8940505117979685,4.023338794708252,4.755139513072905
hdr_01430,diningtable,S3,False,36.913658142089844,120.61323753176814,3.857469081878662,4.755139513072905
hdr_01430,bottle,S3,False,7.15246057510376,65.87900464082495,3.2390687465667725,4.755139513072905
hdr_01430,bottle,S3,False,9.070838928222656,217.25199862386194,3.0604448318481445,4.755139513072905
hdr_01430,bottle,S3,False,7.778148174285889,0.4540911068054006,1.3762253522872925,4.755139513072905
hdr_01430,bottle,S3,False,7.720552444458008,0.2799806012131968,1.7008709907531738,4.755139513072905
hdr_01430,bottle,S3,False,7.579575538635254,0.40443291229215617,1.6963425874710083,4.755139513072905
hdr_01431,person,S3,False,52.2305793762207,0.6202602981932301,4.304673671722412,6.012689048249374
hdr_01431,person,S3,False,38.682762145996094,1.2491062458019835,3.6536781787872314,6.012689048249374
hdr_01431,person,S3,False,38.37687301635742,0.16022493078564293,3.4375662803649902,6.012689048249374
hdr_01431,person,S3,False,8.10295295715332,0.3729906846365294,1.8566257953643799,6.012689048249374
hdr_01431,person,S3,False,8.661368370056152,0.20224491581389312,2.1600358486175537,6.012689048249374
hdr_01440,person,S3,False,13.921442985534668,2.218409817470469,1.9409807920455933,4.542475212320428
hdr_01440,person,S3,False,10.798707962036133,3.846541884232208,1.8152388334274292,4.542475212320428
hdr_01440,person,S3,False,72.26451110839844,0.5027434209683715,2.3203201293945312,4.542475212320428
hdr_01440,person,S3,False,12.828100204467773,0.3898064058794344,2.1828231811523438,4.542475212320428
hdr_01440,person,S3,False,11.117400169372559,0.3882137481561338,1.0698531866073608,4.542475212320428
hdr_01440,person,S3,True,7.90570068359375,0.5992785186034896,0.825534462928772,4.542475212320428
hdr_01440,person,S3,False,7.934709072113037,0.5826714370991731,1.811414122581482,4.542475212320428
hdr_01440,person,S3,False,7.068643569946289,0.6818515674463852,0.9014373421669006,4.542475212320428
hdr_01440,person,S3,False,10.419885635375977,0.42073191953086586,1.6277949810028076,4.542475212320428
hdr_01440,person,S3,True,14.513763427734375,0.37279599168958566,2.178130865097046,4.542475212320428
hdr_01440,person,S3,False,11.212167739868164,0.2508860337539585,1.4086869955062866,4.542475212320428
hdr_01440,person,S3,False,10.317254066467285,0.1911081552483853,1.4983887672424316,4.542475212320428
hdr_01440,person,S3,False,10.335463523864746,0.3778072149810198,1.6766654253005981,4.542475212320428
hdr_01440,person,S3,False,12.895833015441895,0.2907595712596871,0.9908412098884583,4.542475212320428
hdr_01440,person,S3,False,11.15432357788086,0.43749638048155187,0.8093079328536987,4.542475212320428
hdr_01440,person,S3,False,9.256780624389648,0.5426381013342658,2.055689573287964,4.542475212320428
hdr_01440,person,S3,False,7.2915358543396,0.7849527151678426,1.8958529233932495,4.542475212320428
hdr_01440,person,S3,False,7.6806416511535645,0.6015021558408726,1.8374965190887451,4.542475212320428
hdr_01440,person,S3,False,6.972251892089844,0.9166422813212245,0.7686333060264587,4.542475212320428
hdr_01440,person,S3,False,7.664058208465576,0.9918306772564496,1.1227338314056396,4.542475212320428
hdr_01440,person,S3,True,7.527846336364746,0.6297400378323205,0.8738213777542114,4.542475212320428
hdr_01440,person,S3,True,3.927170515060425,0.8763855098982692,0.735645592212677,4.542475212320428
hdr_01440,person,S3,True,4.833697319030762,1.0385453656521064,0.7107774615287781,4.542475212320428
hdr_01440,person,S3,True,4.308717727661133,0.9022951366479584,0.7871591448783875,4.542475212320428
hdr_01440,person,S3,False,11.014091491699219,0.26677420580804634,1.1088038682937622,4.542475212320428
hdr_01440,person,S3,True,8.116928100585938,0.2858240794311676,1.2058026790618896,4.542475212320428
hdr_01440,person,S3,False,6.13429069519043,0.6054051104259394,2.063769578933716,4.542475212320428
hdr_01440,person,S3,True,8.402414321899414,0.20667627834430977,1.472235083580017,4.542475212320428
hdr_01440,person,S3,True,6.319563865661621,0.24253665736914468,0.5703341364860535,4.542475212320428
hdr_01440,person,S3,True,4.351806163787842,2.021401934159289,1.7636643648147583,4.542475212320428
hdr_01440,person,S3,True,11.611201286315918,0.2743055188189901,1.6973613500595093,4.542475212320428
hdr_01441,person,S3,False,41.56217575073242,0.9006321364620902,3.351893901824951,7.518003448860325
hdr_01442,person,S3,False,28.302865982055664,2.355036063659657,2.6483845710754395,7.138598332226278
hdr_01447,person,S3,False,71.04673767089844,1.0755332208922803,4.211490631103516,4.481748142022873
hdr_01447,person,S3,False,50.586570739746094,16.872474863097747,3.581021308898926,4.481748142022873
hdr_01447,person,S3,True,43.68370056152344,0.5811851042799194,3.72405743598938,4.481748142022873
hdr_01447,bottle,S3,False,7.6913981437683105,81.23747761307513,2.7477927207946777,4.481748142022873
hdr_01447,bottle,S3,False,9.912493705749512,453.1214335623779,1.585792899131775,4.481748142022873
hdr_01447,bottle,S3,False,7.349029064178467,1.1191420070561477,0.7329637408256531,4.481748142022873
hdr_01447,bottle,S3,False,7.479763031005859,1.442871370432221,1.2387760877609253,4.481748142022873
hdr_01447,bottle,S3,False,7.011191368103027,1.0754717557065498,1.306641936302185,4.481748142022873
hdr_01447,bottle,S3,False,7.776479244232178,1.0727663163012333,1.2974574565887451,4.481748142022873
hdr_01447,chair,S3,False,22.891645431518555,0.2185331548484238,0.8089186549186707,4.481748142022873
hdr_01447,diningtable,S3,False,38.511390686035156,434.98843233529414,3.921771287918091,4.481748142022873
hdr_01448,person,S3,False,57.61696243286133,1.0601984624805034,4.2525811195373535,6.023332691018636
hdr_01448,person,S3,False,36.9779052734375,1.1849235363491228,3.3865466117858887,6.023332691018636
hdr_01448,person,S3,False,40.55183410644531,0.18887527001999824,3.31425404548645,6.023332691018636
hdr_01448,person,S3,False,7.505400657653809,0.3456543038374521,2.0460140705108643,6.023332691018636
hdr_01448,person,S3,False,7.639811992645264,0.19325344582783482,2.2377841472625732,6.023332691018636
hdr_01448,person,S3,False,5.86578369140625,1.3348403512958351,2.2731993198394775,6.023332691018636
hdr_01448,person,S3,True,4.998144626617432,1.5205529399950688,2.1980271339416504,6.023332691018636
hdr_01449,person,S3,False,18.984546661376953,0.40547958176563775,1.3917391300201416,4.954568391599792
hdr_01449,person,S3,False,33.81682205200195,1.1102349539466156,2.9599688053131104,4.954568391599792
hdr_01449,person,S3,False,29.327852249145508,1.2663296312363894,4.016936302185059,4.954568391599792
hdr_01449,diningtable,S3,False,31.458372116088867,0.6071818865458524,3.9862492084503174,4.954568391599792
hdr_01449,diningtable,S3,False,34.47277069091797,0.9725745564306164,1.458920955657959,4.954568391599792
hdr_01449,diningtable,S3,False,18.949857711791992,0.5252269474557594,1.6265825033187866,4.954568391599792
hdr_01449,chair,S3,False,23.41570472717285,0.5856776360996366,1.3653275966644287,4.954568391599792
hdr_01449,chair,S3,False,24.25385284423828,0.6105245276415148,1.566069483757019,4.954568391599792
hdr_01449,chair,S3,False,19.236799240112305,0.7655280643260505,2.3083300590515137,4.954568391599792
hdr_01449,chair,S3,True,17.91837501525879,0.37923904989233914,1.491258144378662,4.954568391599792
hdr_01449,chair,S3,False,20.38639259338379,0.7153099738787089,1.035612940788269,4.954568391599792
hdr_01449,bottle,S3,False,4.726599216461182,2.1973977833921454,2.0904178619384766,4.954568391599792
hdr_01449,bottle,S3,True,4.7506937980651855,3.1750248883466243,1.378211259841919,4.954568391599792
hdr_01449,bottle,S3,False,4.826330184936523,1.7465191498006178,1.731191635131836,4.954568391599792
hdr_01449,bottle,S3,False,4.045080184936523,0.7441611051588479,0.9803849458694458,4.954568391599792
hdr_01449,bottle,S3,False,3.9775230884552,0.5172087543344271,0.876190185546875,4.954568391599792
hdr_01449,bottle,S3,False,4.610156536102295,0.6748474422367021,1.387817144393921,4.954568391599792
hdr_01449,bottle,S3,False,4.741852283477783,0.5095217047186592,1.077090859413147,4.954568391599792
hdr_01449,bottle,S3,False,3.6750171184539795,0.5641954899317689,1.0172713994979858,4.954568391599792
hdr_01449,bottle,S3,False,3.5763840675354004,0.48271391893405063,0.9277852177619934,4.954568391599792
hdr_01449,bottle,S3,False,2.7636382579803467,0.490793644553414,0.6944297552108765,4.954568391599792
hdr_01449,bottle,S3,True,2.0410828590393066,0.6335999410144655,0.9766679406166077,4.954568391599792
hdr_01451,person,S3,False,19.614791870117188,0.41767382670476993,1.3844239711761475,4.967483166030265
hdr_01451,person,S3,False,34.555809020996094,1.2429412817158392,3.0061635971069336,4.967483166030265
hdr_01451,person,S3,False,29.140871047973633,1.3445848552801245,4.03302001953125,4.967483166030265
hdr_01451,chair,S3,False,19.772520065307617,0.7219645031631715,0.896925151348114,4.967483166030265
hdr_01451,chair,S3,False,17.711212158203125,0.3790017420364967,1.4375191926956177,4.967483166030265
hdr_01451,chair,S3,False,25.439605712890625,0.6518895667513728,1.5924057960510254,4.967483166030265
hdr_01451,chair,S3,False,18.802677154541016,0.9170951019674062,2.2672858238220215,4.967483166030265
hdr_01451,chair,S3,False,22.862613677978516,0.6278788995819565,1.3278751373291016,4.967483166030265
hdr_01451,diningtable,S3,False,18.934322357177734,0.5248156370110884,1.6361286640167236,4.967483166030265
hdr_01451,bottle,S3,False,4.092240333557129,1.3986596628779893,2.1182339191436768,4.967483166030265
hdr_01451,bottle,S3,True,4.663357257843018,3.1334939911973496,1.7055237293243408,4.967483166030265
hdr_01451,bottle,S3,False,4.590453147888184,1.725856747493502,1.7479828596115112,4.967483166030265
hdr_01451,bottle,S3,False,4.296319961547852,0.732832319040849,0.9981004595756531,4.967483166030265
hdr_01451,bottle,S3,False,3.9031238555908203,0.5180628322791773,0.8852686285972595,4.967483166030265
hdr_01451,bottle,S3,False,4.569468975067139,0.6511484176482281,1.4219169616699219,4.967483166030265
hdr_01451,bottle,S3,False,4.509929656982422,0.49754663388789766,1.077211856842041,4.967483166030265
hdr_01451,bottle,S3,False,3.831653356552124,0.6507272711213621,1.0228002071380615,4.967483166030265
hdr_01451,bottle,S3,False,3.876715898513794,0.49633020982992576,0.8725466132164001,4.967483166030265
hdr_01451,bottle,S3,False,3.4860215187072754,0.5190187754906791,0.6643216609954834,4.967483166030265
hdr_01451,diningtable,S3,False,32.741886138916016,0.608201398709844,3.9814867973327637,4.967483166030265
hdr_01451,diningtable,S3,False,34.501529693603516,0.9010914557827021,1.469314455986023,4.967483166030265
hdr_01451,bottle,S3,False,6.223269462585449,78.69389799484073,3.121258497238159,4.967483166030265
hdr_01452,person,S3,False,42.92020034790039,2.4484794134538137,3.7404468059539795,6.604871852344775
hdr_01452,person,S3,True,3.5079281330108643,2.4478769183209463,2.05212664604187,6.604871852344775
hdr_01452,person,S3,True,3.9802372455596924,2.941424406646153,1.5756412744522095,6.604871852344775
hdr_01452,person,S3,True,3.8546435832977295,4.925150771738012,2.1877293586730957,6.604871852344775
hdr_01452,person,S3,True,4.660035133361816,3.9535869870334737,3.742100238800049,6.604871852344775
hdr_01452,person,S3,True,8.252678871154785,1.6720204254205135,2.9989120960235596,6.604871852344775
hdr_01467,person,S3,True,6.611741542816162,0.30122829574796417,1.6152212619781494,4.434058993099623
hdr_01469,person,S3,False,29.80075454711914,0.68165673176371,2.339343786239624,5.19430897103658
hdr_01469,person,S3,False,18.98455238342285,0.3893728552332562,1.6832315921783447,5.19430897103658
hdr_01469,person,S3,False,29.316389083862305,1.1641324459754763,4.027575969696045,5.19430897103658
hdr_01469,chair,S3,False,18.67582893371582,0.654929677532639,0.7520197033882141,5.19430897103658
hdr_01469,chair,S3,False,17.2891845703125,0.3585159355978755,1.7119158506393433,5.19430897103658
hdr_01469,chair,S3,False,23.658905029296875,0.5645071743430835,1.6189513206481934,5.19430897103658
hdr_01469,chair,S3,False,23.09645652770996,0.45160230125034634,1.4727295637130737,5.19430897103658
hdr_01469,chair,S3,False,20.277652740478516,0.677829709199825,2.6387758255004883,5.19430897103658
hdr_01469,diningtable,S3,False,33.95756530761719,1.0144040656809916,1.5803096294403076,5.19430897103658
hdr_01469,diningtable,S3,False,31.79079246520996,0.5677963876063565,3.9583661556243896,5.19430897103658
hdr_01469,diningtable,S3,True,18.76062774658203,0.3982271704455837,1.6456853151321411,5.19430897103658
hdr_01469,bottle,S3,False,5.849893093109131,80.60364152339464,3.1433067321777344,5.19430897103658
hdr_01469,bottle,S3,False,4.145781517028809,0.5745526248747775,1.490546703338623,5.19430897103658
hdr_01469,bottle,S3,False,4.055542469024658,0.4796106966070437,1.0926851034164429,5.19430897103658
hdr_01469,bottle,S3,False,3.090078592300415,0.629399975336134,1.0052621364593506,5.19430897103658
hdr_01469,bottle,S3,False,3.7501468658447266,0.38646806333843187,0.9321990013122559,5.19430897103658
hdr_01469,bottle,S3,False,2.551711082458496,0.46390181852875473,0.9018032550811768,5.19430897103658
hdr_01469,bottle,S3,False,3.7010796070098877,0.684845018558798,0.9794507026672363,5.19430897103658
hdr_01469,bottle,S3,False,3.314768075942993,0.4744078134721547,0.9874518513679504,5.19430897103658
hdr_01469,bottle,S3,False,2.798856735229492,0.4353921529322089,0.6752457618713379,5.19430897103658
hdr_01469,bottle,S3,False,2.2502377033233643,0.46074696243683055,0.5651901364326477,5.19430897103658
hdr_01474,person,S3,False,52.09685516357422,0.7656879703329782,4.107878684997559,6.044214658763038
hdr_01474,person,S3,False,34.24287033081055,1.0302334606600696,2.8517086505889893,6.044214658763038
hdr_01474,person,S3,False,39.21126937866211,0.18026836158460655,3.209637403488159,6.044214658763038
hdr_01475,person,S3,False,47.30897903442383,1.1693938562322022,4.197742938995361,5.00892004062065
hdr_01475,person,S3,True,35.15814208984375,8.607161781294055,4.175629615783691,5.00892004062065
hdr_01475,person,S3,False,49.22385787963867,0.8916093190599966,4.342573642730713,5.00892004062065
hdr_01475,person,S3,False,11.225303649902344,1.0884164964934047,2.719766616821289,5.00892004062065
hdr_01475,bottle,S3,False,4.0957794189453125,1.7052893710667543,1.2851219177246094,5.00892004062065
hdr_01475,bottle,S3,False,5.5902252197265625,0.8744549673027338,1.885683298110962,5.00892004062065
hdr_01475,bottle,S3,True,4.89541482925415,0.6846254501287126,1.9448580741882324,5.00892004062065
hdr_01475,bottle,S3,False,4.787182331085205,0.8412720160027214,1.8654487133026123,5.00892004062065
hdr_01475,bottle,S3,False,5.381808757781982,0.9264705421996646,1.860921025276184,5.00892004062065
hdr_01475,bottle,S3,False,4.443633556365967,1.4667155708273811,1.9118449687957764,5.00892004062065
hdr_01475,bottle,S3,False,5.508145809173584,1.2043560876810557,1.8429447412490845,5.00892004062065
hdr_01475,bottle,S3,False,5.225282669067383,1.7244015414201894,1.8298685550689697,5.00892004062065
hdr_01475,bottle,S3,False,4.38619327545166,1.9603993167330491,1.7725759744644165,5.00892004062065
hdr_01475,bottle,S3,False,4.940129280090332,1.2474176620541626,2.007213830947876,5.00892004062065
hdr_01475,bottle,S3,False,3.6748881340026855,0.40107657848961276,1.9900145530700684,5.00892004062065
hdr_01475,bottle,S3,False,2.671693801879883,0.37949766105242727,1.8528472185134888,5.00892004062065
hdr_01475,bottle,S3,False,4.19837760925293,0.5358224194620472,2.0738890171051025,5.00892004062065
hdr_01475,bottle,S3,False,3.7960469722747803,1.3618979544773915,1.0780305862426758,5.00892004062065
hdr_01475,bottle,S3,False,3.8300697803497314,1.3857638805555874,0.7108528017997742,5.00892004062065
hdr_01475,bottle,S3,False,2.0129923820495605,1.1536512729864339,1.4724775552749634,5.00892004062065
hdr_01475,chair,S3,False,31.18809700012207,0.7780899620905798,2.8534562587738037,5.00892004062065
hdr_01475,chair,S3,False,33.57746505737305,0.5292738358218455,2.841170072555542,5.00892004062065
hdr_01475,diningtable,S3,False,41.9448127746582,1.7150783075264755,4.3151116371154785,5.00892004062065
hdr_01475,bottle,S3,True,3.1060733795166016,837.0619821628509,2.526423931121826,5.00892004062065
hdr_01490,person,S3,False,13.552248001098633,1.5912278801705717,1.4684666395187378,3.782553810150828
hdr_01490,person,S3,False,12.433128356933594,1.496468317389883,1.2517590522766113,3.782553810150828
hdr_01490,person,S3,False,27.21826171875,0.6676465199889471,2.13869309425354,3.782553810150828
hdr_01490,person,S3,False,5.688741207122803,0.914997201334857,0.530992329120636,3.782553810150828
hdr_01490,person,S3,True,6.104600429534912,0.3508953704106699,0.7663685083389282,3.782553810150828
hdr_01499,car,S3,False,20.16731071472168,0.21930923165545146,2.4174084663391113,3.3617131309150783
hdr_01499,car,S3,False,13.52664852142334,0.2922671223195279,2.8064284324645996,3.3617131309150783
hdr_01499,car,S3,False,10.628752708435059,0.4504271213186391,2.8458304405212402,3.3617131309150783
hdr_01499,car,S3,False,11.203725814819336,0.40974578222522606,2.316584825515747,3.3617131309150783
hdr_01499,car,S3,False,13.153964042663574,0.6193835429920347,2.4715499877929688,3.3617131309150783
hdr_01499,car,S3,False,16.535558700561523,2.0045969013440392,3.0320730209350586,3.3617131309150783
hdr_01499,person,S3,False,5.0668230056762695,0.28301735237755016,1.5881915092468262,3.3617131309150783
hdr_01499,person,S3,False,3.5498862266540527,0.4351779745364301,1.57816743850708,3.3617131309150783
hdr_01499,person,S3,False,3.917451858520508,0.33697673945027246,1.5759223699569702,3.3617131309150783
hdr_01499,person,S3,False,6.225625991821289,0.15264155123392822,1.7738144397735596,3.3617131309150783
hdr_01499,person,S3,False,5.6529035568237305,0.17375231954653347,1.94454026222229,3.3617131309150783
hdr_01499,person,S3,True,1.9271882772445679,0.42746064923079297,1.6030853986740112,3.3617131309150783
hdr_01499,person,S3,True,1.6303008794784546,1.6687871223940622,2.157938241958618,3.3617131309150783
hdr_01499,person,S3,False,5.5001983642578125,1.0563531018635963,2.1205403804779053,3.3617131309150783
hdr_01500,person,S3,False,5.361482620239258,0.17495948546623397,1.6041285991668701,3.317769362429192
hdr_01500,person,S3,False,5.946590423583984,0.1509114770360638,1.8256725072860718,3.317769362429192
hdr_01500,person,S3,False,4.843364715576172,0.24922924362878354,1.731049656867981,3.317769362429192
hdr_01500,person,S3,True,8.395590782165527,0.29650949158169665,2.017301082611084,3.317769362429192
hdr_01500,person,S3,False,2.4147684574127197,0.3843845610999744,1.474867343902588,3.317769362429192
hdr_01500,person,S3,True,1.6288142204284668,0.5252570233699105,1.9895355701446533,3.317769362429192
hdr_01500,person,S3,False,2.973064422607422,0.29811765343877894,1.7418144941329956,3.317769362429192
hdr_01500,car,S3,False,20.686908721923828,0.21217477426595102,2.3625831604003906,3.317769362429192
hdr_01500,car,S3,False,13.39459228515625,0.2926744690130059,2.7768630981445312,3.317769362429192
hdr_01500,car,S3,False,10.802778244018555,0.38161702976562467,2.812133312225342,3.317769362429192
hdr_01500,car,S3,False,16.3570499420166,1.9797092785126051,3.033280611038208,3.317769362429192
hdr_01500,car,S3,False,13.749801635742188,0.5215031176505127,2.874356746673584,3.317769362429192
hdr_01500,car,S3,False,12.106508255004883,0.3685854047282117,2.2482943534851074,3.317769362429192
hdr_01502,person,S3,False,12.661072731018066,3.750038749126344,1.9647666215896606,4.063990670561192
hdr_01502,person,S3,False,12.77431583404541,7.415126160817229,1.6973901987075806,4.063990670561192
hdr_01502,person,S3,False,74.2146987915039,0.5538236528700571,2.0601301193237305,4.063990670561192
hdr_01502,person,S3,False,10.609986305236816,0.5009536030349353,0.9917777180671692,4.063990670561192
hdr_01502,person,S3,False,10.925863265991211,0.5967745025562899,1.5869842767715454,4.063990670561192
hdr_01502,person,S3,False,9.230813026428223,0.3546407192529284,0.8575989603996277,4.063990670561192
hdr_01502,person,S3,False,10.901206970214844,0.2737690778226506,0.9000189304351807,4.063990670561192
hdr_01502,person,S3,False,7.739345073699951,0.27697925927803896,0.9485213756561279,4.063990670561192
hdr_01502,person,S3,False,16.02918815612793,0.2693535320476882,1.190348744392395,4.063990670561192
hdr_01502,person,S3,False,12.779973030090332,0.5006221467534571,1.0551944971084595,4.063990670561192
hdr_01502,person,S3,False,11.391997337341309,0.320221915814426,0.9628987908363342,4.063990670561192
hdr_01502,person,S3,True,7.68264102935791,0.4615426805061068,0.8758095502853394,4.063990670561192
hdr_01502,person,S3,False,11.606989860534668,0.4623335444128369,1.111122965812683,4.063990670561192
hdr_01502,person,S3,False,10.173379898071289,0.5258468916862525,1.10663640499115,4.063990670561192
hdr_01502,person,S3,True,6.114499092102051,0.270710471713714,0.8412997126579285,4.063990670561192
hdr_01502,person,S3,False,10.623023986816406,0.49949222799121645,0.9185748100280762,4.063990670561192
hdr_01502,person,S3,False,8.002463340759277,0.5996493204065864,0.8319491744041443,4.063990670561192
hdr_01502,person,S3,True,13.083267211914062,0.4649540081001519,1.8120439052581787,4.063990670561192
hdr_01502,person,S3,True,10.155119895935059,0.62725717262174,1.6592020988464355,4.063990670561192
hdr_01502,person,S3,True,6.741540908813477,0.8881281031712055,0.9806285500526428,4.063990670561192
hdr_01502,person,S3,True,9.453890800476074,0.5879924236094826,0.9192043542861938,4.063990670561192
hdr_01502,person,S3,True,7.972203254699707,0.6327971452985642,0.9034785032272339,4.063990670561192
hdr_01502,person,S3,False,6.062898635864258,0.972908742782435,0.9634253978729248,4.063990670561192
hdr_01502,person,S3,False,7.772892951965332,1.2456374821883662,0.9108121395111084,4.063990670561192
hdr_01502,person,S3,True,5.277469635009766,1.3008740016698137,0.8964439034461975,4.063990670561192
hdr_01502,person,S3,True,4.041906833648682,1.3242230151948433,0.8707906007766724,4.063990670561192
hdr_01502,person,S3,False,7.879572868347168,1.2615617885790047,0.8148648142814636,4.063990670561192
hdr_01502,person,S3,True,3.435866594314575,2.264720634644427,0.5279300808906555,4.063990670561192
hdr_01502,person,S3,True,10.577651023864746,0.22524240531528536,1.0961540937423706,4.063990670561192
hdr_01502,person,S3,False,10.01378059387207,0.3200643984551055,1.4399223327636719,4.063990670561192
hdr_01502,person,S3,False,9.82606315612793,0.3357286607552882,1.57290518283844,4.063990670561192
hdr_01502,person,S3,True,7.246951580047607,1.0181667140107045,1.7915853261947632,4.063990670561192
hdr_01502,person,S3,True,5.3683648109436035,1.1257609377691913,0.9896615147590637,4.063990670561192
hdr_01502,person,S3,False,6.102497577667236,0.9786574421658486,0.9045903086662292,4.063990670561192
hdr_01502,person,S3,False,7.93026065826416,0.6646416526891318,0.9227041602134705,4.063990670561192
hdr_01502,person,S3,False,9.409700393676758,0.4542210762980381,0.849726140499115,4.063990670561192
hdr_01502,person,S3,True,5.652017593383789,1.3856557936714178,0.6787856221199036,4.063990670561192
hdr_01502,person,S3,False,8.642603874206543,0.6622062917057279,1.3868460655212402,4.063990670561192
hdr_01502,person,S3,True,6.129354476928711,0.7594506094128398,0.7032008171081543,4.063990670561192
hdr_01502,person,S3,True,5.046360969543457,1.5904757528422269,0.5148774981498718,4.063990670561192
hdr_01502,person,S3,True,5.54048490524292,1.2147214413176892,1.5202287435531616,4.063990670561192
hdr_01502,person,S3,True,11.276446342468262,1.2347685683220562,1.794790267944336,4.063990670561192
hdr_01503,person,S3,False,12.673389434814453,1.9528095312872216,1.6427326202392578,3.725052331146861
hdr_01503,person,S3,False,12.07983112335205,1.6909779439963166,1.4022197723388672,3.725052331146861
hdr_01503,person,S3,True,3.8414463996887207,0.665876274012757,0.49259763956069946,3.725052331146861
hdr_01512,person,S3,False,11.47912883758545,2.031446420586847,1.6251777410507202,4.043676814606938
hdr_01512,person,S3,False,6.301995277404785,0.7969577325534815,0.5429927110671997,4.043676814606938
hdr_01512,person,S3,True,5.469886302947998,0.7814458521362307,1.431908369064331,4.043676814606938
hdr_01512,person,S3,True,5.9059529304504395,0.6824728484578871,0.8538194298744202,4.043676814606938
hdr_01512,person,S3,True,5.920584678649902,0.4604258056249325,1.0547245740890503,4.043676814606938
hdr_01512,person,S3,False,7.029659271240234,0.5266284337928242,1.219340205192566,4.043676814606938
hdr_01512,person,S3,False,12.171730995178223,1.9628102218923573,1.1447300910949707,4.043676814606938
hdr_01512,person,S3,False,40.070255279541016,0.7229750886214511,1.8820236921310425,4.043676814606938
hdr_01512,person,S3,True,3.6024696826934814,1.0233641897244727,1.1848289966583252,4.043676814606938
hdr_01519,person,S3,False,73.68020629882812,0.6118837032862797,4.514676094055176,4.950244505136642
hdr_01519,person,S3,False,35.11885452270508,2.006397053548633,3.716585874557495,4.950244505136642
hdr_01519,person,S3,False,50.690513610839844,9.852206420676561,3.994175910949707,4.950244505136642
hdr_01519,bottle,S3,False,6.925304412841797,0.7179140083733673,1.848976731300354,4.950244505136642
hdr_01519,bottle,S3,False,7.410048484802246,0.602035588622404,1.8130512237548828,4.950244505136642
hdr_01519,bottle,S3,False,7.672551155090332,0.35831887490697534,1.2410856485366821,4.950244505136642
hdr_01519,bottle,S3,False,9.857780456542969,263.58100603594517,3.192548990249634,4.950244505136642
hdr_01519,bottle,S3,False,10.954209327697754,2.99864952702045,3.7459464073181152,4.950244505136642
hdr_01519,diningtable,S3,False,35.176300048828125,82.90609997847842,4.063737392425537,4.950244505136642
hdr_01520,bottle,S3,False,5.632908344268799,1.0140308969962344,1.8302537202835083,4.969804982027335
hdr_01520,bottle,S3,False,5.1544508934021,0.6473205217837545,1.9107449054718018,4.969804982027335
hdr_01520,bottle,S3,False,5.391367435455322,0.9532546770232113,1.9240102767944336,4.969804982027335
hdr_01520,bottle,S3,False,5.275989532470703,0.9482216504684939,1.608381986618042,4.969804982027335
hdr_01520,bottle,S3,False,4.061117172241211,1.522906786659318,1.2917591333389282,4.969804982027335
hdr_01520,bottle,S3,False,4.490608215332031,1.3857616222328786,1.958611249923706,4.969804982027335
hdr_01520,bottle,S3,False,5.553243637084961,1.0846734037411845,1.8230247497558594,4.969804982027335
hdr_01520,bottle,S3,False,4.962636470794678,1.3238877232290172,1.7803380489349365,4.969804982027335
hdr_01520,bottle,S3,False,4.894791126251221,1.3129231655259928,2.0208072662353516,4.969804982027335
hdr_01520,bottle,S3,False,4.304815292358398,2.0967190672677876,1.741061806678772,4.969804982027335
hdr_01520,bottle,S3,True,3.2038919925689697,1.475331224918843,2.271721124649048,4.969804982027335
hdr_01520,bottle,S3,False,3.4860212802886963,0.5878530426090253,2.037644863128662,4.969804982027335
hdr_01520,bottle,S3,False,2.5636558532714844,0.34037098631201057,1.9493215084075928,4.969804982027335
hdr_01520,bottle,S3,False,4.33708381652832,0.5442598844630424,2.0741937160491943,4.969804982027335
hdr_01520,bottle,S3,False,3.67879319190979,1.3493907324006102,1.0855921506881714,4.969804982027335
hdr_01520,bottle,S3,False,3.105576753616333,1.5886977829290638,0.7149973511695862,4.969804982027335
hdr_01520,bottle,S3,False,3.0887451171875,1.1613624675848289,0.549406111240387,4.969804982027335
hdr_01520,bottle,S3,False,2.25341534614563,1.0658553160979212,1.4447118043899536,4.969804982027335
hdr_01520,chair,S3,False,33.88983154296875,0.5105387841165144,2.8083605766296387,4.969804982027335
hdr_01520,chair,S3,False,31.457164764404297,0.7343574325852733,2.7783210277557373,4.969804982027335
hdr_01520,diningtable,S3,False,41.28121566772461,1.5012439277199026,4.317382335662842,4.969804982027335
hdr_01520,person,S3,False,10.968705177307129,0.8641906558087168,2.7921652793884277,4.969804982027335
hdr_01520,person,S3,False,49.601409912109375,0.834859137110045,4.286361217498779,4.969804982027335
hdr_01520,person,S3,False,47.48535919189453,1.234514927379264,4.188031196594238,4.969804982027335
hdr_01520,person,S3,False,22.10357666015625,103.64810582545276,3.5233240127563477,4.969804982027335
hdr_01520,bottle,S3,False,3.2072572708129883,558.7847056524403,2.561697483062744,4.969804982027335
hdr_01527,car,S3,False,92.17688751220703,0.8462504747951598,2.64376163482666,3.105369854177177
hdr_01527,car,S3,False,8.157990455627441,3.9263687666178306,1.8532274961471558,3.105369854177177
hdr_01527,car,S3,False,12.300827026367188,2.163681109483242,1.994941234588623,3.105369854177177
hdr_01527,car,S3,False,9.425590515136719,2.1783350968582127,1.8892977237701416,3.105369854177177
hdr_01527,car,S3,False,11.168108940124512,10.733273644798958,2.0416982173919678,3.105369854177177
hdr_01527,car,S3,False,7.391414165496826,4.809374717383833,1.8205187320709229,3.105369854177177
hdr_01527,car,S3,False,7.158000946044922,5.465994718469079,1.941304087638855,3.105369854177177
hdr_01527,car,S3,False,4.728623867034912,5.09434225043862,1.645677089691162,3.105369854177177
hdr_01527,car,S3,False,5.159405708312988,7.3332356611861735,1.6556593179702759,3.105369854177177
hdr_01527,car,S3,False,7.7727742195129395,3.7398034348038416,1.7224782705307007,3.105369854177177
hdr_01528,person,S3,False,57.72449493408203,1.1428104450121765,3.555722236633301,5.665063753160673
hdr_01528,person,S3,False,39.53411102294922,0.8991783696054011,2.990619421005249,5.665063753160673
hdr_01528,person,S3,False,38.92789840698242,0.19369923477273723,3.0856244564056396,5.665063753160673
hdr_01528,person,S3,False,8.077231407165527,0.31021942717650985,2.0185256004333496,5.665063753160673
hdr_01528,person,S3,False,7.795167922973633,0.16762304017009577,1.942779302597046,5.665063753160673
hdr_01528,person,S3,False,6.895938396453857,0.30533989562254993,1.712109088897705,5.665063753160673
hdr_01528,person,S3,True,4.581002712249756,0.8478860662242687,1.836194396018982,5.665063753160673
hdr_01529,person,S3,False,36.08654022216797,15.541921558409992,4.747080326080322,7.272554644555069
hdr_01529,person,S3,False,48.27170944213867,0.6946136439121072,4.748073101043701,7.272554644555069
hdr_01532,person,S3,False,41.59403610229492,0.562235121038416,3.6304125785827637,7.364489048281799
hdr_01563,person,S3,False,48.82701110839844,0.5967236679621889,3.4789509773254395,5.7769151117084965
hdr_01563,person,S3,False,49.531341552734375,0.2544528524233342,3.5876221656799316,5.7769151117084965
hdr_01563,person,S3,False,7.8782854080200195,0.4325714769459368,1.7075514793395996,5.7769151117084965
hdr_01563,person,S3,False,8.586360931396484,0.2701272189398955,2.237643003463745,5.7769151117084965
hdr_01563,person,S3,False,5.443244457244873,0.08762570377689388,2.20950984954834,5.7769151117084965
hdr_01563,person,S3,False,6.3255228996276855,0.2817169629184124,2.282897472381592,5.7769151117084965
hdr_01563,person,S3,False,7.087107181549072,0.17926861112936185,3.744541883468628,5.7769151117084965
hdr_01563,person,S3,False,5.131284713745117,1.8576468665713135,1.6915258169174194,5.7769151117084965
hdr_01564,bottle,S3,False,11.09921932220459,8.383110405695259,2.8656229972839355,5.044336802489974
hdr_01564,person,S3,False,40.7397346496582,12.411805542440682,2.7609846591949463,5.044336802489974
hdr_01564,person,S3,False,79.1110610961914,0.6809619826803693,3.3687918186187744,5.044336802489974
hdr_01568,person,S3,False,14.962723731994629,0.7869482272741485,1.0627208948135376,3.811877670839976
hdr_01568,person,S3,True,18.133512496948242,0.4456229240062215,1.3671576976776123,3.811877670839976
hdr_01568,person,S3,True,17.676067352294922,0.43403403443484195,1.1516138315200806,3.811877670839976
hdr_01568,person,S3,False,12.936882972717285,0.39024414866758567,1.2740983963012695,3.811877670839976
hdr_01568,person,S3,False,13.65770149230957,0.4099012843100981,1.2029815912246704,3.811877670839976
hdr_01568,person,S3,True,14.301222801208496,0.3465883140926353,1.4469720125198364,3.811877670839976
hdr_01568,person,S3,False,16.335819244384766,0.4763294219237211,1.1170952320098877,3.811877670839976
hdr_01568,person,S3,False,10.015247344970703,0.7628365624179752,1.1404105424880981,3.811877670839976
hdr_01568,person,S3,False,11.197867393493652,0.5537980617398814,1.0112214088439941,3.811877670839976
hdr_01568,person,S3,True,19.10615348815918,0.690261153191249,1.0386536121368408,3.811877670839976
hdr_01568,person,S3,True,13.988190650939941,0.8445568443079955,1.101331353187561,3.811877670839976
hdr_01568,person,S3,False,10.139288902282715,0.9058835396296132,1.0889869928359985,3.811877670839976
hdr_01568,person,S3,False,6.291734218597412,0.5171177877625872,0.6966230273246765,3.811877670839976
hdr_01568,person,S3,False,11.688462257385254,0.4689432310452168,1.3777037858963013,3.811877670839976
hdr_01568,person,S3,False,13.485971450805664,0.5477250784265499,1.2655996084213257,3.811877670839976
hdr_01568,person,S3,False,15.774919509887695,0.4266222430585379,1.5307120084762573,3.811877670839976
hdr_01568,person,S3,False,11.759207725524902,0.763487777743038,1.0554615259170532,3.811877670839976
hdr_01568,person,S3,False,11.352251052856445,1.0537674348548265,1.2176246643066406,3.811877670839976
hdr_01568,person,S3,True,6.407878398895264,1.6029810054529485,1.046989917755127,3.811877670839976
hdr_01568,person,S3,True,5.7632575035095215,1.421906852865633,0.8379340171813965,3.811877670839976
hdr_01568,person,S3,False,7.6800642013549805,1.1199724519901213,0.9919809699058533,3.811877670839976
hdr_01568,person,S3,False,7.78110933303833,2.0030003272263297,0.9385855793952942,3.811877670839976
hdr_01568,person,S3,True,9.304657936096191,2.6615081734594317,1.0871379375457764,3.811877670839976
hdr_01568,person,S3,True,9.184334754943848,2.9789400337517646,0.7732913494110107,3.811877670839976
hdr_01568,person,S3,False,8.856578826904297,2.05029505319153,1.0229495763778687,3.811877670839976
hdr_01568,person,S3,False,11.573586463928223,0.7516999625065588,1.5634578466415405,3.811877670839976
hdr_01568,person,S3,False,16.327241897583008,0.4009592561901024,1.3922086954116821,3.811877670839976
hdr_01568,person,S3,False,8.989331245422363,0.4867424776494023,1.3061305284500122,3.811877670839976
hdr_01568,person,S3,False,12.672443389892578,0.46104375231565237,1.346406102180481,3.811877670839976
hdr_01568,person,S3,True,9.254916191101074,0.4723967850545572,0.7725613117218018,3.811877670839976
hdr_01568,person,S3,True,11.985490798950195,1.0219151336256533,0.8257604837417603,3.811877670839976
hdr_01568,person,S3,False,11.381592750549316,0.9860046636354428,1.0633994340896606,3.811877670839976
hdr_01568,person,S3,True,7.854548931121826,1.3683610050150565,1.0378732681274414,3.811877670839976
hdr_01568,person,S3,True,7.978836536407471,1.7745324544027872,1.0347071886062622,3.811877670839976
hdr_01568,person,S3,True,13.263773918151855,1.8100477140459326,1.0237892866134644,3.811877670839976
hdr_01568,person,S3,False,8.813758850097656,4.020609550834368,1.4490846395492554,3.811877670839976
hdr_01568,person,S3,False,7.610061168670654,6.12642590726077,1.409319519996643,3.811877670839976
hdr_01568,person,S3,False,6.762674331665039,1.6620700213229571,0.8195412755012512,3.811877670839976
hdr_01568,person,S3,True,5.225061416625977,1.5717265887281306,0.8250922560691833,3.811877670839976
hdr_01568,person,S3,False,5.9059600830078125,2.0849812145165814,0.8770012259483337,3.811877670839976
hdr_01568,person,S3,True,4.293332099914551,1.2824125091273655,0.7376819849014282,3.811877670839976
hdr_01568,person,S3,True,10.193525314331055,0.7159141298816762,1.1887909173965454,3.811877670839976
hdr_01568,person,S3,False,7.7774271965026855,1.4266880546543792,1.083178997039795,3.811877670839976
hdr_01573,person,S3,False,42.14618682861328,1.9630276548064853,3.227586507797241,5.933299204217047
hdr_01574,person,S3,False,44.131324768066406,0.5561284876026643,3.434627056121826,7.43441975597231
hdr_01589,person,S3,False,20.183738708496094,0.39002814427293525,1.5115376710891724,4.901976292056275
hdr_01589,person,S3,False,30.25005531311035,1.156074541728467,3.993581533432007,4.901976292056275
hdr_01589,chair,S3,False,21.039262771606445,0.6611434073514497,3.0149900913238525,4.901976292056275
hdr_01589,chair,S3,False,24.54782485961914,0.5895682452903802,1.590151071548462,4.901976292056275
hdr_01589,chair,S3,False,24.409591674804688,0.5834342595923345,1.437831997871399,4.901976292056275
hdr_01589,diningtable,S3,False,34.40365219116211,0.9706530234942288,1.5938758850097656,4.901976292056275
hdr_01589,diningtable,S3,False,33.11784744262695,0.602738664941253,3.954751491546631,4.901976292056275
hdr_01589,diningtable,S3,False,19.7571964263916,0.5133907287887722,1.6005817651748657,4.901976292056275
hdr_01589,bottle,S3,False,4.610281467437744,2.190634257719853,2.08036208152771,4.901976292056275
hdr_01589,bottle,S3,True,4.28905725479126,2.8194230153416204,1.581725835800171,4.901976292056275
hdr_01589,bottle,S3,False,5.242656707763672,1.676632558735572,1.737878441810608,4.901976292056275
hdr_01589,chair,S3,False,19.218120574951172,0.6273596008337808,0.750153124332428,4.901976292056275
hdr_01589,chair,S3,True,18.618146896362305,0.3588537063940412,1.7375218868255615,4.901976292056275
hdr_01589,bottle,S3,False,4.209465503692627,0.6103307723737023,1.5253263711929321,4.901976292056275
hdr_01589,bottle,S3,False,4.227957725524902,0.4675042558722406,1.0692932605743408,4.901976292056275
hdr_01589,bottle,S3,False,3.836864948272705,0.5001943065155476,1.0003007650375366,4.901976292056275
hdr_01589,bottle,S3,False,3.674474000930786,0.3701461223031697,0.8865205645561218,4.901976292056275
hdr_01589,bottle,S3,False,2.7066617012023926,0.48232458031182374,0.8759639859199524,4.901976292056275
hdr_01589,bottle,S3,False,3.314746856689453,0.43735383125051475,0.6468108892440796,4.901976292056275
hdr_01589,bottle,S3,False,2.274909734725952,0.459262192596706,0.5821185111999512,4.901976292056275
hdr_01589,bottle,S3,False,3.9746510982513428,0.6773819901522108,0.9530864357948303,4.901976292056275
hdr_01589,bottle,S3,False,3.7922422885894775,0.4520975375553205,0.9108321666717529,4.901976292056275
hdr_01589,bottle,S3,False,6.321880340576172,73.88893932560535,3.180633068084717,4.901976292056275
hdr_01591,person,S3,False,79.58002471923828,0.7246288329049334,4.568319797515869,5.610348082111827
hdr_01591,person,S3,False,54.96205520629883,17.320134157644787,4.072886943817139,5.610348082111827
hdr_01591,diningtable,S3,False,30.86203956604004,62.8411607885106,4.251102924346924,5.610348082111827
hdr_01591,bottle,S3,False,10.514450073242188,434.52231660821957,3.508272647857666,5.610348082111827
hdr_01591,bottle,S3,False,7.682599067687988,1.6784189177567772,1.8573981523513794,5.610348082111827
hdr_01591,bottle,S3,False,8.3194580078125,0.6843372263575818,1.0373649597167969,5.610348082111827
hdr_01600,person,S3,False,59.221656799316406,3.107223713595165,2.8442487716674805,5.596080228827399
hdr_01600,person,S3,False,69.94554901123047,0.828218062794732,2.9286093711853027,5.596080228827399
hdr_01601,person,S3,False,36.63680648803711,2.262916140457255,3.4095797538757324,5.863165616778486
hdr_01601,person,S3,False,84.00672149658203,0.9302721498189305,4.597143173217773,5.863165616778486
hdr_01601,person,S3,False,53.620304107666016,9.099929927980419,4.296943664550781,5.863165616778486
hdr_01601,bottle,S3,True,7.6556220054626465,4.423763717417682,1.529214859008789,5.863165616778486
hdr_01601,chair,S3,False,19.192304611206055,0.3193170052811682,1.4310815334320068,5.863165616778486
hdr_01612,person,S3,False,14.608120918273926,0.2210185821364455,1.0041955709457397,4.071815544855404
hdr_01617,person,S3,False,7.561901092529297,0.8316209792441458,1.2033097743988037,4.324668901687044
hdr_01617,person,S3,False,9.660079956054688,0.30220717078351444,1.113488793373108,4.324668901687044
hdr_01617,person,S3,False,7.626137733459473,0.24762550121192856,0.9483169317245483,4.324668901687044
hdr_01617,person,S3,True,8.240459442138672,5.730899165437254,3.4419362545013428,4.324668901687044
hdr_01617,person,S3,False,7.979307174682617,3.406955531083044,1.5955523252487183,4.324668901687044
hdr_01617,person,S3,False,10.359789848327637,0.874987039999647,1.5097837448120117,4.324668901687044
hdr_01617,person,S3,True,7.682894229888916,0.5112987917970735,1.3364595174789429,4.324668901687044
hdr_01617,person,S3,True,6.082358360290527,0.5333081200560509,1.0909560918807983,4.324668901687044
hdr_01617,person,S3,True,12.362842559814453,0.39395879540994166,1.0902248620986938,4.324668901687044
hdr_01617,person,S3,True,3.4612839221954346,4.873870948054358,0.9515385031700134,4.324668901687044
hdr_01617,person,S3,False,9.353864669799805,0.19553320872941504,1.1516897678375244,4.324668901687044
hdr_01617,person,S3,True,10.722454071044922,0.2355185170524192,1.0461456775665283,4.324668901687044
hdr_01617,person,S3,False,62.379371643066406,0.42625370692776055,2.739096164703369,4.324668901687044
hdr_01622,person,S3,False,44.51213073730469,0.9517139438251431,3.2673850059509277,7.51029772327755
hdr_01628,person,S3,False,12.345163345336914,0.9410996584295046,2.0865659713745117,3.5344436648968625
hdr_01628,person,S3,False,13.395822525024414,1.5951051685715387,1.8516225814819336,3.5344436648968625
hdr_01630,person,S3,False,48.81548309326172,0.7787039925091126,3.4705400466918945,6.113023729650254
hdr_01630,person,S3,False,40.624141693115234,0.470822381235908,3.2998669147491455,6.113023729650254
hdr_01630,person,S3,False,43.87595748901367,0.18060757779909092,3.2945289611816406,6.113023729650254
hdr_01630,person,S3,False,8.413677215576172,0.31884802035117005,1.7552510499954224,6.113023729650254
hdr_01630,person,S3,True,7.301929473876953,0.25888785199562314,2.5808682441711426,6.113023729650254
hdr_01630,person,S3,True,7.170968532562256,0.12429968269171879,2.1088931560516357,6.113023729650254
hdr_01630,person,S3,True,5.485369682312012,1.286511761968593,1.8064582347869873,6.113023729650254
hdr_01635,person,S3,False,82.05638122558594,0.8147133504821019,4.5978899002075195,5.811148612944606
hdr_01635,person,S3,False,54.182899475097656,13.173484914775914,4.23885440826416,5.811148612944606
hdr_01635,bottle,S3,False,8.349015235900879,1.2610900402866283,2.09390926361084,5.811148612944606
hdr_01635,bottle,S3,True,7.857102394104004,3.488788860830149,2.285370349884033,5.811148612944606
hdr_01635,person,S3,False,30.95549964904785,1.5572874621120278,3.310426712036133,5.811148612944606
hdr_01635,bottle,S3,False,6.7131171226501465,175.38744526650427,3.8803951740264893,5.811148612944606
hdr_01635,diningtable,S3,False,18.99846076965332,79.71716296714044,4.074127197265625,5.811148612944606
hdr_01640,person,S3,False,10.470829010009766,1.267609026788349,2.119215488433838,3.639963101243026
hdr_01640,person,S3,False,11.26220417022705,1.8309812864662565,1.4711490869522095,3.639963101243026
hdr_01646,person,S3,False,44.41034698486328,0.9180324264776427,3.2804152965545654,7.524760234167315
hdr_01648,person,S3,False,15.044161796569824,0.8540163249487679,1.928213119506836,3.394012919806649
hdr_01648,person,S3,False,12.375327110290527,1.2184941257517796,1.6364750862121582,3.394012919806649
hdr_01662,person,S3,False,60.17653274536133,2.005304141229063,4.452324390411377,5.9853849236973
hdr_01662,person,S3,False,78.48934173583984,0.7090280536193468,4.768936634063721,5.9853849236973
hdr_01662,chair,S3,False,21.755023956298828,0.37012680842870643,1.3785771131515503,5.9853849236973
hdr_01666,person,S3,False,12.840524673461914,1.0962355142460074,0.975603461265564,3.67170273423642
hdr_01666,person,S3,False,12.3268404006958,1.1756701996604093,1.1155394315719604,3.67170273423642
hdr_01666,person,S3,False,10.957853317260742,1.1198146965360447,0.9730144739151001,3.67170273423642
hdr_01666,person,S3,False,12.107931137084961,0.8160129955188506,1.1150400638580322,3.67170273423642
hdr_01666,person,S3,True,13.944000244140625,0.5696793429875628,1.2291157245635986,3.67170273423642
hdr_01666,person,S3,False,14.995901107788086,0.3858336218957109,1.4342812299728394,3.67170273423642
hdr_01666,person,S3,False,16.103796005249023,0.36817337229931146,1.1227304935455322,3.67170273423642
hdr_01666,person,S3,False,10.744843482971191,0.24896500488776702,1.7231546640396118,3.67170273423642
hdr_01666,person,S3,True,17.9190673828125,0.515474911783464,1.2370587587356567,3.67170273423642
hdr_01666,person,S3,False,13.905313491821289,0.5097280140997922,0.959725558757782,3.67170273423642
hdr_01666,person,S3,False,14.191675186157227,0.6382685700333928,1.2527388334274292,3.67170273423642
hdr_01666,person,S3,False,12.388448715209961,0.5726328330760254,1.2111515998840332,3.67170273423642
hdr_01666,person,S3,True,14.30976676940918,0.5739444767304227,1.266105055809021,3.67170273423642
hdr_01666,person,S3,False,17.83892059326172,0.48655196815014035,1.144240140914917,3.67170273423642
hdr_01666,person,S3,False,12.317834854125977,0.8609957699695222,1.3040965795516968,3.67170273423642
hdr_01666,person,S3,False,12.506999015808105,0.8374212294335481,1.2021372318267822,3.67170273423642
hdr_01666,person,S3,False,8.558564186096191,1.574875206442012,1.2443352937698364,3.67170273423642
hdr_01666,person,S3,True,8.240463256835938,1.409154026396727,0.9943829774856567,3.67170273423642
hdr_01666,person,S3,False,12.030635833740234,0.8878067155041084,1.007395625114441,3.67170273423642
hdr_01666,person,S3,False,8.014802932739258,1.4949395597203436,0.9585375785827637,3.67170273423642
hdr_01666,person,S3,False,9.09962272644043,1.6957864013316264,1.027438759803772,3.67170273423642
hdr_01666,person,S3,True,7.856501579284668,1.8424040943984241,0.82767254114151,3.67170273423642
hdr_01666,person,S3,False,8.224525451660156,1.7475685331778654,1.311328649520874,3.67170273423642
hdr_01666,person,S3,False,8.224445343017578,2.0630519625800354,1.9829862117767334,3.67170273423642
hdr_01666,person,S3,False,13.083271980285645,0.6358631550559378,1.0715622901916504,3.67170273423642
hdr_01666,person,S3,False,9.714566230773926,0.6792003696692935,1.2550383806228638,3.67170273423642
hdr_01666,person,S3,False,12.039939880371094,0.8673380886556459,1.2173256874084473,3.67170273423642
hdr_01666,person,S3,False,13.913745880126953,0.5197864050450297,1.4065344333648682,3.67170273423642
hdr_01666,person,S3,False,12.461240768432617,0.23128607223126332,1.7869964838027954,3.67170273423642
hdr_01666,person,S3,True,19.0616455078125,0.383657509568976,1.5272365808486938,3.67170273423642
hdr_01666,person,S3,False,4.4070916175842285,2.8638062940328393,0.7738290429115295,3.67170273423642
hdr_01666,person,S3,False,7.256764888763428,2.5918538144542365,0.9112155437469482,3.67170273423642
hdr_01666,person,S3,False,7.634958744049072,3.225751244686352,1.182626724243164,3.67170273423642
hdr_01666,person,S3,True,4.971294403076172,4.57999088359502,1.021300196647644,3.67170273423642
hdr_01666,person,S3,False,9.425582885742188,2.5780961195864385,1.0975950956344604,3.67170273423642
hdr_01666,person,S3,True,5.381785869598389,2.578607176708792,1.1137281656265259,3.67170273423642
hdr_01666,person,S3,True,6.999593734741211,2.1015021644499194,0.5985185503959656,3.67170273423642
hdr_01666,person,S3,True,9.816088676452637,2.4070416801664347,0.8259127140045166,3.67170273423642
hdr_01666,person,S3,False,7.543736457824707,5.138141850147469,1.0894838571548462,3.67170273423642
hdr_01666,person,S3,True,8.262792587280273,3.0866457663953715,0.8688029646873474,3.67170273423642
hdr_01666,person,S3,False,9.431333541870117,3.7138254180595798,0.7020872831344604,3.67170273423642
hdr_01666,person,S3,False,8.713539123535156,1.524024094416991,1.2800347805023193,3.67170273423642
hdr_01666,person,S3,True,4.966787815093994,2.658383147090688,0.9314767718315125,3.67170273423642
hdr_01666,person,S3,True,8.277652740478516,1.1943293547312006,0.9422780871391296,3.67170273423642
hdr_01666,person,S3,False,7.676867485046387,1.8521218386173515,0.9953218698501587,3.67170273423642
hdr_01666,person,S3,True,5.729225158691406,2.1652334477370987,0.8240635395050049,3.67170273423642
hdr_01666,person,S3,True,10.774130821228027,1.5930068261635253,1.0380361080169678,3.67170273423642
hdr_01666,person,S3,True,19.22998809814453,0.727783752746758,1.2434598207473755,3.67170273423642
hdr_01666,person,S3,False,11.685154914855957,0.3796463668062597,1.0867785215377808,3.67170273423642
hdr_01666,person,S3,True,7.251699447631836,1.7774914847021712,1.0701478719711304,3.67170273423642
hdr_01668,person,S3,False,48.80594253540039,1.1435545986051912,4.240505218505859,4.922238071142289
hdr_01668,person,S3,False,53.11812210083008,0.8756641471528109,4.294022083282471,4.922238071142289
hdr_01668,person,S3,False,23.014938354492188,63.38924812234201,3.7269062995910645,4.922238071142289
hdr_01668,person,S3,False,13.680434226989746,0.948161188733573,3.815147876739502,4.922238071142289
hdr_01668,bottle,S3,True,4.391717433929443,3.324255125131951,3.4895548820495605,4.922238071142289
hdr_01668,bottle,S3,False,5.3011474609375,1.143336609819237,2.0955870151519775,4.922238071142289
hdr_01668,bottle,S3,False,5.933091640472412,1.0227464910193411,1.8145501613616943,4.922238071142289
hdr_01668,bottle,S3,False,5.415244102478027,1.2284983606923898,1.7506271600723267,4.922238071142289
hdr_01668,bottle,S3,False,4.589629173278809,0.572494246852737,1.997657060623169,4.922238071142289
hdr_01668,bottle,S3,False,3.274136781692505,1.0172488617472,1.346243977546692,4.922238071142289
hdr_01668,bottle,S3,False,3.562429428100586,1.520761635251262,0.9573193788528442,4.922238071142289
hdr_01668,bottle,S3,False,2.671694278717041,1.1953323251019277,0.5733603835105896,4.922238071142289
hdr_01668,bottle,S3,False,3.9832425117492676,0.44654833122797155,1.9948852062225342,4.922238071142289
hdr_01668,bottle,S3,False,3.1914801597595215,0.4185018880384044,1.7961618900299072,4.922238071142289
hdr_01668,bottle,S3,False,5.2089524269104,1.2112756496145671,1.9644410610198975,4.922238071142289
hdr_01668,bottle,S3,False,4.436051845550537,1.844773419421603,1.7755829095840454,4.922238071142289
hdr_01668,bottle,S3,True,2.6747262477874756,1.3058144116937809,2.2224550247192383,4.922238071142289
hdr_01668,bottle,S3,False,4.683887004852295,0.868823251817771,1.8595508337020874,4.922238071142289
hdr_01668,bottle,S3,False,4.254035472869873,0.5563414175499338,1.5749847888946533,4.922238071142289
hdr_01668,bottle,S3,False,5.048068523406982,0.9356503891059904,1.875821590423584,4.922238071142289
hdr_01668,bottle,S3,False,5.724382400512695,1.256113667178235,1.8443142175674438,4.922238071142289
hdr_01668,chair,S3,False,32.213382720947266,0.7902058556738568,2.9681317806243896,4.922238071142289
hdr_01668,bottle,S3,True,2.7424285411834717,555.2326219818933,2.5541462898254395,4.922238071142289
hdr_01668,chair,S3,False,35.45063400268555,0.529606650015411,2.7970824241638184,4.922238071142289
hdr_01668,diningtable,S3,False,43.06452941894531,1.4599772988234994,4.314035892486572,4.922238071142289
hdr_01669,person,S3,False,18.968894958496094,0.4172294071822266,1.3368083238601685,4.959057415644714
hdr_01669,person,S3,False,36.467994689941406,1.1682496031676302,2.8549089431762695,4.959057415644714
hdr_01669,person,S3,False,30.912113189697266,1.29264351859987,4.0183892250061035,4.959057415644714
hdr_01669,bottle,S3,False,7.0412917137146,66.38165023692797,3.295320749282837,4.959057415644714
hdr_01669,bottle,S3,False,4.589630126953125,0.7073035460120544,1.3938665390014648,4.959057415644714
hdr_01669,bottle,S3,False,4.119784355163574,0.5016159570542444,1.0680158138275146,4.959057415644714
hdr_01669,bottle,S3,False,3.508532762527466,0.5967632536154212,1.0164027214050293,4.959057415644714
hdr_01669,bottle,S3,False,4.0727763175964355,0.5105889812390542,0.8633990287780762,4.959057415644714
hdr_01669,bottle,S3,False,2.700413465499878,0.5905305692714099,0.83549565076828,4.959057415644714
hdr_01669,bottle,S3,True,2.700413465499878,0.5409760904836376,0.8683000206947327,4.959057415644714
hdr_01669,bottle,S3,False,3.3073179721832275,0.5152889188587628,0.662776529788971,4.959057415644714
hdr_01669,bottle,S3,False,4.370114326477051,0.780357529857609,0.978987455368042,4.959057415644714
hdr_01669,bottle,S3,False,4.138707637786865,0.5052055328096903,0.8446443676948547,4.959057415644714
hdr_01669,bottle,S3,False,4.175653457641602,1.4137658366866401,2.1536672115325928,4.959057415644714
hdr_01669,bottle,S3,True,4.450783729553223,3.0567092492693013,1.6034550666809082,4.959057415644714
hdr_01669,bottle,S3,False,4.401302337646484,1.5107228206434835,1.7250581979751587,4.959057415644714
hdr_01669,diningtable,S3,False,35.051910400390625,0.9158596765596537,1.4983441829681396,4.959057415644714
hdr_01669,diningtable,S3,False,33.297889709472656,0.6581976635212943,3.965468645095825,4.959057415644714
hdr_01669,diningtable,S3,False,20.412158966064453,0.5069417842520515,1.590737223625183,4.959057415644714
hdr_01669,chair,S3,False,19.956192016601562,0.7178275843891124,0.7577304244041443,4.959057415644714
hdr_01669,chair,S3,False,24.37469482421875,0.6254820561481195,1.5546839237213135,4.959057415644714
hdr_01669,chair,S3,False,20.161457061767578,0.7217326492001851,2.4085025787353516,4.959057415644714
hdr_01669,chair,S3,False,25.0997314453125,0.5486173100915497,1.4335601329803467,4.959057415644714
hdr_01669,chair,S3,True,19.137510299682617,0.3995701836850645,1.46480393409729,4.959057415644714
hdr_01675,person,S3,False,54.27703094482422,0.7027895726410112,2.9689159393310547,5.358695092174254
hdr_01675,person,S3,False,11.51817798614502,0.14780702475390056,2.248166084289551,5.358695092174254
hdr_01675,person,S3,False,9.77470874786377,0.24752260501456916,3.339207172393799,5.358695092174254
hdr_01675,person,S3,False,7.968520164489746,0.4143257119346672,2.3343236446380615,5.358695092174254
hdr_01675,person,S3,False,9.493608474731445,0.41033632285617627,2.124207019805908,5.358695092174254
hdr_01675,person,S3,False,10.40379810333252,0.43292063517425383,3.059274673461914,5.358695092174254
hdr_01677,person,S3,False,27.763465881347656,0.6901700785437577,2.3161327838897705,5.166088081493951
hdr_01677,person,S3,True,21.01637840270996,0.40946536072188544,1.7496708631515503,5.166088081493951
hdr_01677,person,S3,False,33.16758728027344,1.2266521340362346,3.9960765838623047,5.166088081493951
hdr_01677,diningtable,S3,False,32.11579132080078,0.5757489327870173,3.957887649536133,5.166088081493951
hdr_01677,diningtable,S3,False,35.26312255859375,0.8253708289055578,1.629721999168396,5.166088081493951
hdr_01677,diningtable,S3,False,19.964872360229492,0.4654239557161824,1.6010533571243286,5.166088081493951
hdr_01677,bottle,S3,False,4.5484724044799805,0.6255655644212107,1.434667706489563,5.166088081493951
hdr_01677,bottle,S3,False,4.691027641296387,0.45139302797488057,1.0902960300445557,5.166088081493951
hdr_01677,bottle,S3,False,3.7562084197998047,0.6363880004468914,0.9987056255340576,5.166088081493951
hdr_01677,bottle,S3,False,3.8016464710235596,0.4043274414689216,0.9431219696998596,5.166088081493951
hdr_01677,bottle,S3,False,3.143989324569702,0.47957790849639237,0.8582326769828796,5.166088081493951
hdr_01677,bottle,S3,True,3.0429863929748535,0.4828669121104965,0.45272937417030334,5.166088081493951
hdr_01677,bottle,S3,False,3.648411512374878,0.45312369277776765,0.6476070284843445,5.166088081493951
hdr_01677,bottle,S3,False,4.192627429962158,0.46289635627635556,0.8525647521018982,5.166088081493951
hdr_01677,bottle,S3,False,5.0176239013671875,0.6736128829430396,0.9856334328651428,5.166088081493951
hdr_01677,bottle,S3,False,7.383276462554932,60.9855991852027,3.3047902584075928,5.166088081493951
hdr_01677,chair,S3,False,20.006450653076172,0.7999158830911373,1.789689064025879,5.166088081493951
hdr_01677,chair,S3,False,24.526771545410156,0.5870472951379777,1.5864598751068115,5.166088081493951
hdr_01677,chair,S3,False,25.16115951538086,0.46102636269392355,1.4935907125473022,5.166088081493951
hdr_01677,chair,S3,False,20.159454345703125,0.668859335742736,1.0018389225006104,5.166088081493951
hdr_01677,chair,S3,False,18.41314697265625,0.37314338717681567,1.6492061614990234,5.166088081493951
hdr_01681,person,S3,False,48.77325439453125,1.108073503632675,4.232839584350586,4.994586480914706
hdr_01681,person,S3,False,46.60112762451172,0.7671092476025695,4.276994228363037,4.994586480914706
hdr_01681,person,S3,False,22.763364791870117,55.02064314097242,3.7149434089660645,4.994586480914706
hdr_01681,person,S3,False,13.632796287536621,1.2109171697816432,2.7325634956359863,4.994586480914706
hdr_01681,diningtable,S3,False,44.29176712036133,1.6938726520656846,4.327127456665039,4.994586480914706
hdr_01681,bottle,S3,True,5.426826000213623,0.9762991625597276,1.8538296222686768,4.994586480914706
hdr_01681,bottle,S3,False,5.343535423278809,0.676227432568115,1.9402358531951904,4.994586480914706
hdr_01681,bottle,S3,False,5.793485164642334,1.0030730882649987,1.9360238313674927,4.994586480914706
hdr_01681,bottle,S3,False,5.276291847229004,1.2941804669238712,2.145379066467285,4.994586480914706
hdr_01681,bottle,S3,False,5.984189987182617,1.0739766668789188,1.8180534839630127,4.994586480914706
hdr_01681,bottle,S3,False,5.25806188583374,1.7930090035687885,1.8280621767044067,4.994586480914706
hdr_01681,bottle,S3,False,5.072612762451172,0.6275502942785106,2.0408709049224854,4.994586480914706
hdr_01681,bottle,S3,False,3.3028767108917236,1.0787250362972312,1.638216495513916,4.994586480914706
hdr_01681,bottle,S3,False,3.3850760459899902,1.4773015269927845,1.0464293956756592,4.994586480914706
hdr_01681,bottle,S3,False,2.8816585540771484,1.2260958010755703,0.9343676567077637,4.994586480914706
hdr_01681,bottle,S3,False,3.1868107318878174,0.44447145622846995,1.7785720825195312,4.994586480914706
hdr_01681,bottle,S3,False,3.969902276992798,0.40257595957312853,1.9706084728240967,4.994586480914706
hdr_01681,bottle,S3,False,4.714086532592773,1.2289856637006182,2.0049021244049072,4.994586480914706
hdr_01681,bottle,S3,True,2.478220224380493,1.1867239002560943,2.2577598094940186,4.994586480914706
hdr_01681,bottle,S3,False,4.554068088531494,1.9492838175705165,1.4109587669372559,4.994586480914706
hdr_01681,bottle,S3,True,2.668034553527832,583.2863974887334,2.5477652549743652,4.994586480914706
hdr_01681,bottle,S3,False,4.4419779777526855,1.6413419243457326,1.236327886581421,4.994586480914706
hdr_01681,bottle,S3,False,5.186040878295898,0.9407278759783806,1.6210204362869263,4.994586480914706
hdr_01681,chair,S3,False,31.503400802612305,0.7732701306784662,2.937526226043701,4.994586480914706
hdr_01681,chair,S3,False,36.545814514160156,0.5451289600669311,2.8453121185302734,4.994586480914706
hdr_01684,person,S3,False,49.07402801513672,1.4230498052338854,3.195052146911621,5.791071489235656
hdr_01689,person,S3,False,7.157531261444092,1.1720139042157243,1.771500587463379,4.117703074826289
hdr_01689,person,S3,False,6.993875503540039,0.7339756189301514,1.1753283739089966,4.117703074826289
hdr_01689,person,S3,False,9.83747673034668,1.0462801806880815,2.2136318683624268,4.117703074826289
hdr_01689,person,S3,False,6.848748683929443,5.526448469098641,2.0914299488067627,4.117703074826289
hdr_01689,person,S3,False,8.805723190307617,0.6043567776784325,2.058840274810791,4.117703074826289
hdr_01689,person,S3,True,3.657346248626709,0.802260731910341,1.0291213989257812,4.117703074826289
hdr_01689,person,S3,True,7.6547040939331055,1.0883316493500346,1.6420526504516602,4.117703074826289
hdr_01689,person,S3,False,8.981852531433105,0.5672081928848837,2.479815721511841,4.117703074826289
hdr_01689,person,S3,True,6.857617378234863,1.122648847394666,1.9618849754333496,4.117703074826289
hdr_01689,person,S3,True,5.231995582580566,0.9477027970514238,1.0568923950195312,4.117703074826289
hdr_01689,person,S3,True,10.232752799987793,0.8143913897302377,2.127562999725342,4.117703074826289
hdr_01689,person,S3,False,8.660629272460938,0.2409188078998824,2.1628265380859375,4.117703074826289
hdr_01689,person,S3,False,9.583245277404785,0.19208273781647967,2.3601670265197754,4.117703074826289
hdr_01689,person,S3,False,7.996685981750488,0.3232099566079013,1.1936742067337036,4.117703074826289
hdr_01689,person,S3,True,4.98956298828125,0.5190576481526853,1.202970266342163,4.117703074826289
hdr_01689,person,S3,True,4.409683704376221,0.8904273094362942,1.5299272537231445,4.117703074826289
hdr_01689,person,S3,True,4.664736747741699,0.8275990640658983,0.9120996594429016,4.117703074826289
hdr_01689,person,S3,True,4.671074867248535,0.5215477064803129,0.9192079305648804,4.117703074826289
hdr_01689,person,S3,False,7.584484577178955,0.9367073937039176,1.6228642463684082,4.117703074826289
hdr_01689,person,S3,False,8.876788139343262,0.6691778410745944,2.0574631690979004,4.117703074826289
hdr_01689,person,S3,True,6.307597637176514,2.6613018323840256,2.2688465118408203,4.117703074826289
hdr_01689,person,S3,False,6.785398006439209,0.552792948733339,1.430671215057373,4.117703074826289
hdr_01689,person,S3,False,8.153478622436523,0.3816741638393778,1.23566734790802,4.117703074826289
hdr_01689,person,S3,True,11.62545108795166,0.7751837460562827,2.0627474784851074,4.117703074826289
hdr_01689,person,S3,True,6.70009183883667,1.342834219581973,1.2464325428009033,4.117703074826289
hdr_01689,person,S3,True,4.2337493896484375,1.611496326910863,1.0192328691482544,4.117703074826289
hdr_01689,person,S3,False,8.595941543579102,1.0620919787531735,1.85184645652771,4.117703074826289
hdr_01689,person,S3,True,8.716915130615234,0.6584064224510022,1.8513048887252808,4.117703074826289
hdr_01689,person,S3,True,4.734241962432861,0.9509520700652757,1.3516463041305542,4.117703074826289
hdr_01689,person,S3,True,3.7703640460968018,1.727202226386943,1.4955487251281738,4.117703074826289
hdr_01689,person,S3,False,6.8664326667785645,1.538792216130699,1.7943178415298462,4.117703074826289
hdr_01689,person,S3,True,9.321717262268066,0.8700770004135473,1.9102023839950562,4.117703074826289
hdr_01689,person,S3,False,12.444013595581055,0.6429867663885611,2.1541666984558105,4.117703074826289
hdr_01689,person,S3,False,12.339054107666016,0.41192285244883375,2.172377586364746,4.117703074826289
hdr_01689,person,S3,True,8.101865768432617,0.8771284213473737,1.5012484788894653,4.117703074826289
hdr_01689,person,S3,False,9.260908126831055,0.9654811867777083,1.3570599555969238,4.117703074826289
hdr_01689,person,S3,True,9.54092788696289,1.106289766810015,1.5476831197738647,4.117703074826289
hdr_01689,person,S3,True,7.054485321044922,1.181468315803612,1.1695901155471802,4.117703074826289
hdr_01689,person,S3,False,8.164868354797363,0.7590493251387515,1.708069920539856,4.117703074826289
hdr_01689,person,S3,True,9.951971054077148,0.6653818640639314,1.7332149744033813,4.117703074826289
hdr_01691,person,S3,False,49.190860748291016,1.5014112653989515,3.2841737270355225,5.64650411127768
hdr_01697,person,S3,False,57.13433074951172,1.2426696993779287,4.090400695800781,6.516044000002136
hdr_01697,person,S3,False,52.45851135253906,4.043057192184374,4.201173782348633,6.516044000002136
hdr_01705,person,S3,False,12.29697036743164,1.7972563174337717,2.057831048965454,4.375288058718176
hdr_01705,person,S3,False,12.716007232666016,3.249149884361691,1.8781760931015015,4.375288058718176
hdr_01705,person,S3,False,7.684687614440918,0.691372406938365,1.3397917747497559,4.375288058718176
hdr_01705,person,S3,True,7.587818622589111,0.30545458258793584,0.9011601805686951,4.375288058718176
hdr_01705,person,S3,False,6.4819231033325195,0.24795082806504615,0.9718354344367981,4.375288058718176
hdr_01705,person,S3,False,7.740040302276611,0.4386934315691642,0.8459100127220154,4.375288058718176
hdr_01705,person,S3,True,6.2243828773498535,0.22983523436668918,1.2144917249679565,4.375288058718176
hdr_01705,person,S3,False,6.141289234161377,0.26582708372837877,1.0813419818878174,4.375288058718176
hdr_01705,person,S3,True,8.800433158874512,0.4000696386924132,0.8611611127853394,4.375288058718176
hdr_01705,person,S3,False,9.716971397399902,0.25640178392832846,0.9978116154670715,4.375288058718176
hdr_01705,person,S3,False,9.906661987304688,0.4082075746662164,0.8725984692573547,4.375288058718176
hdr_01705,person,S3,False,8.322919845581055,0.3275482907414855,0.7733220458030701,4.375288058718176
hdr_01705,person,S3,True,8.498387336730957,0.18441636942092068,1.3375486135482788,4.375288058718176
hdr_01705,person,S3,True,6.997092247009277,0.9074098734625883,1.3529658317565918,4.375288058718176
hdr_01705,person,S3,True,4.067230224609375,0.6445199905997174,0.4522194564342499,4.375288058718176
hdr_01705,person,S3,False,6.231619834899902,0.5689965464034897,0.945286214351654,4.375288058718176
hdr_01705,person,S3,False,9.096844673156738,0.3220269807591979,1.0461604595184326,4.375288058718176
hdr_01705,person,S3,False,5.524051189422607,0.6818700629006424,0.9037519097328186,4.375288058718176
hdr_01705,person,S3,False,6.883429050445557,0.6602784152930155,1.1796417236328125,4.375288058718176
hdr_01705,person,S3,True,7.6527228355407715,0.45373654036614386,1.21725594997406,4.375288058718176
hdr_01705,person,S3,True,4.632256031036377,0.46481391879426653,0.9448913931846619,4.375288058718176
hdr_01705,person,S3,True,9.028081893920898,0.24298236030114112,1.2745522260665894,4.375288058718176
hdr_01705,person,S3,True,9.47387981414795,0.9030749727882188,0.7451968789100647,4.375288058718176
hdr_01705,person,S3,True,7.336098670959473,0.4207339880543795,1.1842737197875977,4.375288058718176
hdr_01705,person,S3,False,52.171592712402344,0.40879738926302206,1.4030711650848389,4.375288058718176
hdr_01705,person,S3,True,5.10571813583374,1.3004127512198393,1.6198053359985352,4.375288058718176
hdr_01705,person,S3,True,5.621091842651367,0.4011504442607633,0.9942275881767273,4.375288058718176
hdr_01706,person,S3,False,60.99568557739258,14.358742374151868,4.626410484313965,7.313772743769808
hdr_01707,person,S3,False,58.88613510131836,1.8999998363138277,4.5164031982421875,6.077160084706399
hdr_01707,person,S3,False,79.5606918334961,0.7311414957415783,4.539373874664307,6.077160084706399
hdr_01707,person,S3,False,29.027992248535156,5.950552925594436,3.767267942428589,6.077160084706399
hdr_01707,chair,S3,False,21.699325561523438,0.371691823762372,1.5320714712142944,6.077160084706399
hdr_01709,person,S3,False,67.15281677246094,0.8201419039776515,4.097928524017334,4.4466875303022055
hdr_01709,person,S3,False,51.769126892089844,12.629092107022348,3.4974586963653564,4.4466875303022055
hdr_01709,bottle,S3,False,9.97677993774414,472.3043092773947,1.6788833141326904,4.4466875303022055
hdr_01709,bottle,S3,False,8.88797378540039,85.93549375368538,3.1425204277038574,4.4466875303022055
hdr_01709,bottle,S3,True,7.274407386779785,1.3262726601486627,1.6258856058120728,4.4466875303022055
hdr_01709,bottle,S3,False,7.274410724639893,1.0011006045990918,1.361973762512207,4.4466875303022055
hdr_01709,bottle,S3,True,7.274407863616943,1.0382139009193838,1.2531789541244507,4.4466875303022055
hdr_01709,bottle,S3,True,7.274407863616943,0.9863383493013753,1.0704489946365356,4.4466875303022055
hdr_01709,diningtable,S3,False,41.373451232910156,473.52538041906956,3.7201685905456543,4.4466875303022055
hdr_01709,chair,S3,False,20.235565185546875,0.17056969417099468,1.1083283424377441,4.4466875303022055
hdr_01709,bottle,S3,True,6.137573719024658,0.4475609330045442,0.6756227016448975,4.4466875303022055
hdr_01709,person,S3,False,12.490371704101562,0.32530569799427717,0.5009386539459229,4.4466875303022055
hdr_01725,person,S3,False,19.635452270507812,0.38928908202822915,1.4336199760437012,5.193857005096572
hdr_01725,person,S3,False,32.14684295654297,1.1479453777110327,3.998091697692871,5.193857005096572
hdr_01725,person,S3,False,32.67219161987305,0.7592138940583043,2.3416035175323486,5.193857005096572
hdr_01725,bottle,S3,False,5.811027526855469,80.71074461202775,3.1493117809295654,5.193857005096572
hdr_01725,bottle,S3,False,3.903991460800171,0.6547748269146656,0.9594413042068481,5.193857005096572
hdr_01725,bottle,S3,False,4.120444297790527,0.46014994353834154,0.8652609586715698,5.193857005096572
hdr_01725,bottle,S3,False,4.811513900756836,0.5676427299170288,1.4199824333190918,5.193857005096572
hdr_01725,bottle,S3,False,4.588869094848633,0.4487944479646362,1.0734648704528809,5.193857005096572
hdr_01725,bottle,S3,False,3.9920315742492676,0.5603123269354541,1.0038988590240479,5.193857005096572
hdr_01725,bottle,S3,False,3.632675886154175,0.3674169498065003,0.9328577518463135,5.193857005096572
hdr_01725,bottle,S3,False,2.755941152572632,0.4688638650375108,0.90569007396698,5.193857005096572
hdr_01725,bottle,S3,False,3.5818543434143066,0.44833853046684397,0.6429157257080078,5.193857005096572
hdr_01725,bottle,S3,False,2.4912686347961426,0.45976247852544433,0.5308975577354431,5.193857005096572
hdr_01725,chair,S3,False,19.844600677490234,0.6754678334855054,0.7524335980415344,5.193857005096572
hdr_01725,chair,S3,True,19.182559967041016,0.3766506511800403,1.6847021579742432,5.193857005096572
hdr_01725,chair,S3,False,19.839439392089844,0.6719113643431738,1.7992208003997803,5.193857005096572
hdr_01725,chair,S3,False,25.165409088134766,0.6084495246078035,1.5633593797683716,5.193857005096572
hdr_01725,chair,S3,False,25.24072265625,0.41225519006540906,1.519749641418457,5.193857005096572
hdr_01725,diningtable,S3,False,35.57023239135742,0.8577653822678794,1.6306160688400269,5.193857005096572
hdr_01725,diningtable,S3,False,34.029537200927734,0.6251929758038095,3.939849853515625,5.193857005096572
hdr_01725,diningtable,S3,True,20.168062210083008,0.40079874537039345,1.6080082654953003,5.193857005096572
hdr_01745,car,S3,False,98.0113525390625,1.0070005010725733,2.911375045776367,3.46859163125911
hdr_01745,car,S3,False,5.207927703857422,12.652765701858343,1.646056890487671,3.46859163125911
hdr_01745,car,S3,False,4.709479808807373,9.601415678235767,1.8160204887390137,3.46859163125911
hdr_01745,car,S3,False,5.42635440826416,14.249501431767348,1.7033262252807617,3.46859163125911
hdr_01745,car,S3,False,7.6356306076049805,7.086728895614378,2.3061413764953613,3.46859163125911
hdr_01745,car,S3,False,2.630448818206787,6.956893243738586,1.626658320426941,3.46859163125911
hdr_01745,car,S3,False,11.278133392333984,8.24075688739687,2.713571786880493,3.46859163125911
hdr_01751,person,S3,False,77.10173797607422,0.6697233019217823,4.660721778869629,5.357872198062949
hdr_01751,person,S3,False,53.8294563293457,19.36232794825927,4.1469550132751465,5.357872198062949
hdr_01751,bottle,S3,True,6.145351409912109,1.1637684646854554,2.167297840118408,5.357872198062949
hdr_01751,bottle,S3,False,7.777771949768066,0.8531421328764621,1.5213713645935059,5.357872198062949
hdr_01751,bottle,S3,False,8.458185195922852,0.5268567186480272,0.9893942475318909,5.357872198062949
hdr_01751,bottle,S3,False,10.230073928833008,369.6644164501467,3.1163995265960693,5.357872198062949
hdr_01751,diningtable,S3,False,33.30716323852539,71.04794992978223,4.132344722747803,5.357872198062949
hdr_01755,person,S3,False,8.542757987976074,0.4099418707377351,0.3308691084384918,2.439380208567669
hdr_01755,person,S3,True,9.308647155761719,0.2684242091015536,0.8960573673248291,2.439380208567669
hdr_01755,person,S3,False,7.541139602661133,0.5271669130008126,0.3200955390930176,2.439380208567669
hdr_01755,person,S3,True,8.439033508300781,0.2812509533121211,1.1467883586883545,2.439380208567669
hdr_01755,person,S3,True,8.969717025756836,0.25769454681921844,0.40063372254371643,2.439380208567669
hdr_01755,person,S3,False,7.554586410522461,0.3149878631210656,1.173983097076416,2.439380208567669
hdr_01755,person,S3,True,4.363461017608643,0.7428783873674909,0.4102694094181061,2.439380208567669
hdr_01755,person,S3,True,4.490602493286133,0.8917162320723577,0.3909500241279602,2.439380208567669
hdr_01755,person,S3,False,68.3411636352539,0.508958421157479,1.3547978401184082,2.439380208567669
hdr_01755,person,S3,True,24.71071434020996,2.5476066414606677,0.7772465944290161,2.439380208567669
hdr_01757,person,S3,False,21.52391242980957,0.5285016804006696,1.4559106826782227,4.949794123656581
hdr_01757,person,S3,False,41.79002380371094,1.44440436383979,3.3877511024475098,4.949794123656581
hdr_01757,person,S3,False,32.20487594604492,1.1778184553276079,3.984325408935547,4.949794123656581
hdr_01757,chair,S3,False,24.197296142578125,0.6139420525419773,1.5271623134613037,4.949794123656581
hdr_01757,chair,S3,False,23.941730499267578,0.5854624022608872,1.3592904806137085,4.949794123656581
hdr_01757,chair,S3,False,20.20322036743164,0.6177634255101963,0.8579347729682922,4.949794123656581
hdr_01757,chair,S3,True,13.501628875732422,0.4351237140450682,1.4186091423034668,4.949794123656581
hdr_01757,chair,S3,False,22.059642791748047,0.7441704750347579,3.125779867172241,4.949794123656581
hdr_01757,bottle,S3,False,6.229085445404053,58.05203372114872,3.2080156803131104,4.949794123656581
hdr_01757,bottle,S3,False,3.730581045150757,0.799311864342219,1.0341813564300537,4.949794123656581
hdr_01757,bottle,S3,False,3.8265342712402344,0.5071751388821377,0.9219629764556885,4.949794123656581
hdr_01757,bottle,S3,False,3.666537284851074,0.5223005925960037,0.7001664638519287,4.949794123656581
hdr_01757,bottle,S3,True,3.104031562805176,0.4949307628874068,0.9515701532363892,4.949794123656581
hdr_01757,bottle,S3,False,4.208146572113037,0.5131343572932914,1.1093775033950806,4.949794123656581
hdr_01757,bottle,S3,False,3.8013641834259033,0.6311992401172173,1.034155249595642,4.949794123656581
hdr_01757,bottle,S3,False,4.796201229095459,0.6822858082538188,1.373131513595581,4.949794123656581
hdr_01757,diningtable,S3,False,36.325523376464844,0.7631702450687354,1.5049387216567993,4.949794123656581
hdr_01757,diningtable,S3,False,32.995975494384766,0.6170284012301619,3.9991455078125,4.949794123656581
hdr_01757,diningtable,S3,False,19.055957794189453,0.5096955977567369,1.652373194694519,4.949794123656581
hdr_01757,bottle,S3,False,4.506993770599365,2.109322549660864,1.881486415863037,4.949794123656581
hdr_01757,bottle,S3,False,4.35183572769165,2.9566725821090984,1.3580598831176758,4.949794123656581
hdr_01757,bottle,S3,False,4.9909515380859375,2.373783049087939,1.7514410018920898,4.949794123656581
hdr_01773,person,S3,False,11.538238525390625,0.19786589910352553,1.3096035718917847,3.630468952350922
hdr_01773,car,S3,False,10.332661628723145,0.3299454182762579,2.2071032524108887,3.630468952350922
hdr_01773,car,S3,False,4.813877582550049,0.22627647913533355,1.6087795495986938,3.630468952350922
hdr_01773,car,S3,False,3.750148296356201,0.15094953102404784,1.8284811973571777,3.630468952350922
hdr_01773,car,S3,False,4.386479377746582,0.1250281160901806,1.455127239227295,3.630468952350922
hdr_01773,car,S3,False,3.0747697353363037,0.1851380702014378,1.9591096639633179,3.630468952350922
hdr_01773,car,S3,False,3.658236265182495,0.15124888151320084,3.2571258544921875,3.630468952350922
hdr_01773,car,S3,False,4.285641670227051,0.1252595904707301,2.3887641429901123,3.630468952350922
hdr_01773,car,S3,False,2.886525869369507,0.11832409740113571,1.0362824201583862,3.630468952350922
hdr_01773,car,S3,False,3.151721239089966,0.10850015402821589,1.6340997219085693,3.630468952350922
hdr_01773,car,S3,True,1.7921322584152222,0.2157976134051642,1.3058525323867798,3.630468952350922
hdr_01773,car,S3,True,2.3812596797943115,0.21735766215844296,1.8357399702072144,3.630468952350922
hdr_01779,person,S3,False,48.97655487060547,0.7332358621017713,3.258486747741699,7.481303209909094
hdr_01780,person,S3,False,57.79172134399414,1.2229704009019429,4.06937837600708,6.55386660723837
hdr_01780,person,S3,False,53.5743522644043,3.4264416774447977,4.147322177886963,6.55386660723837
hdr_01783,person,S3,False,33.856266021728516,0.3481191571117188,2.4563040733337402,5.396964115361309
hdr_01783,person,S3,False,24.452953338623047,0.711570390237894,2.3507070541381836,5.396964115361309
hdr_01783,person,S3,False,19.70414161682129,1.434347802699812,3.9191088676452637,5.396964115361309
hdr_01785,person,S3,False,4.294929027557373,0.26910107873709144,1.5717746019363403,3.3586442701940173
hdr_01785,person,S3,False,3.9890236854553223,0.30792869456870287,1.5451452732086182,3.3586442701940173
hdr_01785,person,S3,False,5.170346260070801,0.4265026264605439,1.6664304733276367,3.3586442701940173
hdr_01785,person,S3,False,6.47731351852417,0.16300072121655065,1.817664384841919,3.3586442701940173
hdr_01785,person,S3,False,6.1589250564575195,0.17467412175258695,1.9423819780349731,3.3586442701940173
hdr_01785,person,S3,False,2.353079319000244,0.42871975260120676,1.389400601387024,3.3586442701940173
hdr_01785,person,S3,True,2.002998113632202,0.48871296796817704,2.176884889602661,3.3586442701940173
hdr_01785,person,S3,True,1.1198865175247192,0.5593116783010921,1.4096118211746216,3.3586442701940173
hdr_01785,person,S3,False,3.313340187072754,0.13341898420239556,1.5186774730682373,3.3586442701940173
hdr_01785,person,S3,True,3.5190601348876953,0.24642713484360346,1.6121617555618286,3.3586442701940173
hdr_01785,person,S3,False,5.818357467651367,1.0705265118337777,2.854856252670288,3.3586442701940173
hdr_01785,car,S3,False,17.024681091308594,1.9251594619294206,3.020691394805908,3.3586442701940173
hdr_01785,car,S3,False,13.963818550109863,0.6113555140721756,2.8848745822906494,3.3586442701940173
hdr_01785,car,S3,False,12.201855659484863,0.4375528390322062,2.3535633087158203,3.3586442701940173
hdr_01785,car,S3,False,20.888809204101562,0.21991058563426608,2.3893465995788574,3.3586442701940173
hdr_01785,car,S3,False,13.229905128479004,0.310070792951191,2.8294713497161865,3.3586442701940173
hdr_01785,car,S3,False,11.428519248962402,0.4239871706725016,2.8183913230895996,3.3586442701940173
hdr_01789,car,S3,False,99.62090301513672,1.005929094320288,2.4663095474243164,3.1588722245569048
hdr_01791,person,S3,False,63.81229782104492,0.2826653138589836,4.239936351776123,4.772756609973477
hdr_01791,person,S3,False,37.423885345458984,1.8777689963620467,3.424341917037964,4.772756609973477
hdr_01791,person,S3,False,55.52030944824219,5.137728132189166,4.0377302169799805,4.772756609973477
hdr_01791,bottle,S3,False,9.673527717590332,228.1992930249666,3.1089775562286377,4.772756609973477
hdr_01791,bottle,S3,False,10.962275505065918,328.5515510198709,3.2133779525756836,4.772756609973477
hdr_01791,bottle,S3,False,7.131477355957031,0.38618047718868137,1.3213118314743042,4.772756609973477
hdr_01791,bottle,S3,False,7.612936019897461,0.33571817365586404,1.6777386665344238,4.772756609973477
hdr_01791,bottle,S3,False,7.612936019897461,0.4635797734765526,1.6224286556243896,4.772756609973477
hdr_01791,diningtable,S3,False,35.22183609008789,183.1287673802973,3.801988363265991,4.772756609973477
hdr_01793,person,S3,False,12.197073936462402,0.9207691720451194,1.1260285377502441,4.016022267939597
hdr_01793,person,S3,False,12.565779685974121,1.0537945762774281,1.371095895767212,4.016022267939597
hdr_01793,person,S3,False,10.189119338989258,0.9508966278716302,0.8690522909164429,4.016022267939597
hdr_01793,person,S3,False,16.11591339111328,0.47038786861890847,1.198301911354065,4.016022267939597
hdr_01793,person,S3,False,10.588536262512207,0.5110946705186592,0.9050506353378296,4.016022267939597
hdr_01793,person,S3,False,14.513596534729004,0.3703897099362945,1.0623260736465454,4.016022267939597
hdr_01793,person,S3,True,15.475203514099121,0.34258353612945797,1.1054918766021729,4.016022267939597
hdr_01793,person,S3,False,11.25151252746582,0.546001770760711,1.2676808834075928,4.016022267939597
hdr_01793,person,S3,True,15.868093490600586,0.45774848761441117,1.4607213735580444,4.016022267939597
hdr_01793,person,S3,False,12.986144065856934,0.4772413578461019,1.4462791681289673,4.016022267939597
hdr_01793,person,S3,True,9.1285982131958,0.5760235545230781,1.3247416019439697,4.016022267939597
hdr_01793,person,S3,False,12.338979721069336,0.6472012260892512,1.345838189125061,4.016022267939597
hdr_01793,person,S3,True,7.826225280761719,0.5400086085661506,1.258865475654602,4.016022267939597
hdr_01793,person,S3,False,12.275991439819336,0.9609986979604803,1.0194339752197266,4.016022267939597
hdr_01793,person,S3,False,11.350268363952637,0.8149437734182371,1.4253689050674438,4.016022267939597
hdr_01793,person,S3,False,5.941406726837158,0.5789274994315137,0.794232189655304,4.016022267939597
hdr_01793,person,S3,False,7.151125431060791,0.8053896989372747,0.7852798104286194,4.016022267939597
hdr_01793,person,S3,True,5.312094211578369,0.9522332124608954,0.8280737400054932,4.016022267939597
hdr_01793,person,S3,False,6.866429805755615,1.7710266428034107,0.8425101041793823,4.016022267939597
hdr_01793,person,S3,True,9.434946060180664,1.1595947178959185,1.148403286933899,4.016022267939597
hdr_01793,person,S3,False,7.439207077026367,1.8918812650111159,0.9437575340270996,4.016022267939597
hdr_01793,person,S3,True,3.7267348766326904,2.523034350916475,0.7705690860748291,4.016022267939597
hdr_01793,person,S3,False,8.657709121704102,1.1655490983614638,0.9333851337432861,4.016022267939597
hdr_01793,person,S3,True,3.5478298664093018,1.5231100404674307,0.7888873219490051,4.016022267939597
hdr_01793,person,S3,True,11.869474411010742,2.0597703029887757,0.8956195712089539,4.016022267939597
hdr_01793,person,S3,True,4.991982460021973,2.139982324982579,0.7506668567657471,4.016022267939597
hdr_01793,person,S3,True,3.327329158782959,1.8327668294983281,0.6794144511222839,4.016022267939597
hdr_01793,person,S3,True,6.817745208740234,1.577071231526026,1.115152359008789,4.016022267939597
hdr_01793,person,S3,False,7.210046768188477,4.502004062141691,1.3820757865905762,4.016022267939597
hdr_01793,person,S3,False,8.262795448303223,1.9083491603796405,1.1081762313842773,4.016022267939597
hdr_01793,person,S3,True,6.898547172546387,2.8949794851986193,1.097953200340271,4.016022267939597
hdr_01793,person,S3,False,6.432183265686035,3.031653793875599,1.4289782047271729,4.016022267939597
hdr_01793,person,S3,False,5.3411335945129395,1.7583435508795509,0.8681204319000244,4.016022267939597
hdr_01793,person,S3,False,7.395191669464111,2.7720462926744656,1.1166268587112427,4.016022267939597
hdr_01793,person,S3,False,15.61618423461914,0.5428507552782462,1.1109460592269897,4.016022267939597
hdr_01793,person,S3,False,13.350423812866211,0.41614058083460725,1.511978030204773,4.016022267939597
hdr_01793,person,S3,False,15.295632362365723,0.41088353822334545,1.2834663391113281,4.016022267939597
hdr_01793,person,S3,False,12.897904396057129,0.3165563926669617,1.2992554903030396,4.016022267939597
hdr_01793,person,S3,False,16.24260902404785,0.45874923546628227,1.2863142490386963,4.016022267939597
hdr_01793,person,S3,False,11.414710998535156,0.8687170034498629,1.2085635662078857,4.016022267939597
hdr_01793,person,S3,True,9.865947723388672,1.0496299400162346,1.3332867622375488,4.016022267939597
hdr_01793,person,S3,False,11.292930603027344,0.6242439090483721,0.9881008863449097,4.016022267939597
hdr_01793,person,S3,False,9.86729907989502,0.7200975963393959,1.003218173980713,4.016022267939597
hdr_01793,person,S3,False,13.44565486907959,1.0020362851959468,1.5494579076766968,4.016022267939597
hdr_01793,person,S3,True,5.233414649963379,1.8741000052062027,0.997925341129303,4.016022267939597
hdr_01793,person,S3,True,3.8884124755859375,1.7953041681152104,1.0836069583892822,4.016022267939597
hdr_01793,person,S3,True,4.094972610473633,2.87683452447286,1.194828748703003,4.016022267939597
hdr_01793,person,S3,True,7.168656349182129,2.012359802216441,1.1893590688705444,4.016022267939597
hdr_01793,person,S3,True,7.226672649383545,2.63237731754439,0.7617665529251099,4.016022267939597
hdr_01793,person,S3,True,12.887636184692383,3.883067220876042,0.6337209343910217,4.016022267939597
hdr_01793,person,S3,True,6.862239360809326,3.716591923574574,0.8765782117843628,4.016022267939597
hdr_01793,person,S3,True,6.141284942626953,0.45427947824886805,1.0507127046585083,4.016022267939597
hdr_01795,car,S3,False,99.48787689208984,1.0085969333149751,2.488915205001831,3.2199931401020407
hdr_01796,person,S3,False,12.819382667541504,2.3832825477509343,1.6165907382965088,3.649217650002732
hdr_01796,person,S3,False,12.313451766967773,1.8980352716950688,1.4120323657989502,3.649217650002732
hdr_01796,person,S3,False,6.149078369140625,0.35268444208719146,1.8645800352096558,3.649217650002732
hdr_01796,person,S3,True,5.622323513031006,0.6418831385469435,0.6788148283958435,3.649217650002732
hdr_01796,person,S3,True,5.709466934204102,0.6455208919321918,0.6738613843917847,3.649217650002732
hdr_01796,person,S3,False,8.005269050598145,0.7269106127536568,0.41068100929260254,3.649217650002732
hdr_01796,person,S3,True,6.932572364807129,0.6891868403818832,0.40455490350723267,3.649217650002732
hdr_01796,person,S3,True,4.906473159790039,0.5055316866998641,0.7670170068740845,3.649217650002732
hdr_01796,person,S3,False,43.316402435302734,0.6048100845503627,1.0527892112731934,3.649217650002732
hdr_01807,person,S3,False,56.80905532836914,0.6503893196646914,3.4243011474609375,5.353964539973142
hdr_01807,person,S3,True,8.955974578857422,0.2598996320033658,2.008420705795288,5.353964539973142
hdr_01807,person,S3,False,10.05555248260498,0.2885375275777979,3.5545413494110107,5.353964539973142
hdr_01807,person,S3,False,10.463492393493652,0.15646240055477406,2.1246542930603027,5.353964539973142
hdr_01807,person,S3,False,10.652165412902832,0.3070473199928033,2.2481257915496826,5.353964539973142
hdr_01807,person,S3,True,9.179703712463379,0.5654617036177355,2.3631668090820312,5.353964539973142
hdr_01811,person,S3,False,12.795105934143066,1.437161505813181,2.158252477645874,3.803004319089036
hdr_01811,person,S3,False,11.025408744812012,1.8998280881383056,2.071945905685425,3.803004319089036
hdr_01811,person,S3,False,6.407454013824463,0.3597714817198296,1.4504684209823608,3.803004319089036
hdr_01811,person,S3,True,6.214219093322754,0.35934515613553725,0.8479272127151489,3.803004319089036
hdr_01811,person,S3,False,5.673094272613525,0.46437565613325943,1.3235667943954468,3.803004319089036
hdr_01811,person,S3,True,3.897491931915283,0.20919262814095382,1.0712814331054688,3.803004319089036
hdr_01811,person,S3,False,3.387568235397339,0.47901893360575554,1.3359107971191406,3.803004319089036
hdr_01811,person,S3,True,3.666492462158203,0.6081345699675452,0.5079634189605713,3.803004319089036
hdr_01811,person,S3,True,5.839236736297607,0.5372153818360432,0.6621501445770264,3.803004319089036
hdr_01811,person,S3,True,4.378714561462402,0.7271590196296476,0.6948838233947754,3.803004319089036
hdr_01811,person,S3,True,5.187325477600098,0.45726620931544365,0.79258793592453,3.803004319089036
hdr_01811,person,S3,True,3.3862125873565674,0.42606430723940947,0.7367170453071594,3.803004319089036
hdr_01811,person,S3,False,38.36958694458008,0.43284985564974937,1.65658700466156,3.803004319089036
hdr_01812,person,S3,False,55.34194564819336,5.14913259791472,2.3052871227264404,5.423365465840953
hdr_01812,person,S3,False,73.95458984375,0.7293498541713034,2.290320634841919,5.423365465840953
hdr_01816,car,S3,False,99.47840881347656,1.0141106666904787,2.7117092609405518,3.250010061977179
hdr_01816,car,S3,False,11.921022415161133,5.3159767876198964,2.123161554336548,3.250010061977179
hdr_01816,car,S3,False,7.447373867034912,6.334605150730329,2.134050130844116,3.250010061977179
hdr_01816,car,S3,False,6.637266159057617,8.146145056106397,1.9912678003311157,3.250010061977179
hdr_01816,car,S3,False,5.7166056632995605,8.192443457224172,1.8709772825241089,3.250010061977179
hdr_01816,car,S3,False,4.992363452911377,11.803196795217596,1.6262240409851074,3.250010061977179
hdr_01816,car,S3,False,9.24700927734375,6.419515586994957,1.9089295864105225,3.250010061977179
hdr_01816,car,S3,False,2.7338645458221436,12.759394793808081,1.7114800214767456,3.250010061977179
hdr_01816,car,S3,True,6.909677982330322,6.948025401407738,2.6673736572265625,3.250010061977179
hdr_01824,person,S3,False,55.45689010620117,0.8728509236307105,3.7703146934509277,5.6407906100343785
hdr_01824,person,S3,False,18.031951904296875,0.10954438612753441,2.4965434074401855,5.6407906100343785
hdr_01824,person,S3,True,10.01318359375,0.29553886885189146,2.363887071609497,5.6407906100343785
hdr_01824,person,S3,False,10.464418411254883,0.32495654756677134,2.494011402130127,5.6407906100343785
hdr_01824,person,S3,False,8.502570152282715,0.6144919292704314,2.3225388526916504,5.6407906100343785
hdr_01835,bottle,S3,False,4.347587585449219,1.6404423253185416,1.7624567747116089,5.002016853045958
hdr_01835,bottle,S3,False,4.347587585449219,2.2826660144655673,1.4496387243270874,5.002016853045958
hdr_01835,bottle,S3,False,4.347587585449219,1.7046027667890336,1.7163572311401367,5.002016853045958
hdr_01835,bottle,S3,False,6.073550701141357,73.70076317026722,3.1393887996673584,5.002016853045958
hdr_01835,bottle,S3,False,4.368152618408203,0.5925354040718245,0.9838547110557556,5.002016853045958
hdr_01835,bottle,S3,False,4.368153095245361,0.45213136786516533,0.8193530440330505,5.002016853045958
hdr_01835,bottle,S3,False,4.389930725097656,0.5821613105442871,1.4332705736160278,5.002016853045958
hdr_01835,bottle,S3,False,4.389929294586182,0.44567193532761235,1.051965594291687,5.002016853045958
hdr_01835,bottle,S3,False,4.389929294586182,0.5770546115525077,0.9589704275131226,5.002016853045958
hdr_01835,bottle,S3,False,3.8539912700653076,0.37250467780157576,0.9542689919471741,5.002016853045958
hdr_01835,bottle,S3,False,2.7638051509857178,0.45294262213336245,0.8665347099304199,5.002016853045958
hdr_01835,bottle,S3,False,2.389826536178589,0.4492757124742958,0.5550087094306946,5.002016853045958
hdr_01835,bottle,S3,False,3.457662582397461,0.43055839178606536,0.6381202936172485,5.002016853045958
hdr_01835,diningtable,S3,False,35.30865478515625,0.75921485356344,1.6858476400375366,5.002016853045958
hdr_01835,diningtable,S3,False,33.53691864013672,0.5576125284348599,3.956806182861328,5.002016853045958
hdr_01835,diningtable,S3,False,19.31709861755371,0.4213650276156509,1.6756129264831543,5.002016853045958
hdr_01835,chair,S3,False,23.856813430786133,0.5236092444756826,1.4333207607269287,5.002016853045958
hdr_01835,chair,S3,False,24.438758850097656,0.5498216142927022,1.5866514444351196,5.002016853045958
hdr_01835,chair,S3,False,21.37740135192871,0.6426062240880661,2.97708797454834,5.002016853045958
hdr_01835,chair,S3,False,13.781129837036133,0.5415675503041758,0.8792850375175476,5.002016853045958
hdr_01835,chair,S3,True,18.51718521118164,0.35190014911976597,1.6877999305725098,5.002016853045958
hdr_01835,person,S3,False,19.88770294189453,0.3783005511257593,1.558496117591858,5.002016853045958
hdr_01835,person,S3,False,34.5660400390625,0.9627524706865683,2.1918036937713623,5.002016853045958
hdr_01835,person,S3,False,30.901708602905273,0.9944583485698275,4.023642539978027,5.002016853045958
hdr_01836,person,S3,False,18.070270538330078,0.595081437671182,1.1832177639007568,4.055050678898217
hdr_01839,person,S3,False,72.4249038696289,0.5854563423305789,4.512827396392822,4.939654136691253
hdr_01839,person,S3,False,37.56024932861328,1.7400392823774478,3.7374391555786133,4.939654136691253
hdr_01839,person,S3,False,52.47343826293945,7.768812654602265,4.013017177581787,4.939654136691253
hdr_01839,bottle,S3,False,10.073617935180664,266.05916815365646,3.1689398288726807,4.939654136691253
hdr_01839,bottle,S3,False,11.832276344299316,7.635678086493027,3.771130323410034,4.939654136691253
hdr_01839,diningtable,S3,False,34.982505798339844,104.87794175084433,3.9443445205688477,4.939654136691253
hdr_01839,bottle,S3,False,7.395116806030273,0.7221945671902402,1.7868602275848389,4.939654136691253
hdr_01839,bottle,S3,False,7.395116806030273,0.5378330410409183,1.8394381999969482,4.939654136691253
hdr_01839,bottle,S3,False,7.737077713012695,0.3886116704607243,1.2461414337158203,4.939654136691253
hdr_01842,person,S3,False,12.811878204345703,2.00409158186717,1.6335684061050415,4.001626358320949
hdr_01842,person,S3,False,13.320151329040527,1.6579736350552368,1.2036887407302856,4.001626358320949
hdr_01842,person,S3,False,5.923089981079102,0.8477763986042168,0.49410733580589294,4.001626358320949
hdr_01842,person,S3,True,5.81038236618042,0.7876660637102504,1.553281307220459,4.001626358320949
hdr_01842,person,S3,True,4.756702423095703,0.7760919796503912,1.6204122304916382,4.001626358320949
hdr_01842,person,S3,True,6.3248724937438965,0.4711518333106667,0.594574511051178,4.001626358320949
hdr_01842,person,S3,True,4.720195293426514,0.33134837159764224,0.6327842473983765,4.001626358320949
hdr_01842,person,S3,False,7.808855056762695,0.6206080089292343,1.2305845022201538,4.001626358320949
hdr_01842,person,S3,True,4.884305000305176,1.0270072556840202,0.963119626045227,4.001626358320949
hdr_01842,person,S3,True,9.184024810791016,0.7785484953826949,0.6225983500480652,4.001626358320949
hdr_01842,person,S3,False,39.91300964355469,0.7486935818176741,1.8471323251724243,4.001626358320949
hdr_01844,person,S3,False,87.45269775390625,0.7930636520781538,3.155433416366577,3.619856586613541
hdr_01846,person,S3,False,36.44142150878906,1.8069392649761307,3.100710868835449,7.538654038946317
hdr_01848,person,S3,False,10.877543449401855,1.0578076113310306,2.076111078262329,3.419496500843012
hdr_01848,person,S3,False,12.960275650024414,1.690128537086321,1.8073269128799438,3.419496500843012
hdr_01850,person,S3,False,31.335180282592773,5.289194418216137,4.747893810272217,7.322818129881541
hdr_01850,person,S3,False,53.508888244628906,0.4732355971909248,4.597856044769287,7.322818129881541
hdr_01859,person,S3,False,17.69243812561035,0.3399106042870355,1.4656027555465698,4.101407408341346
hdr_01862,person,S3,False,57.10211944580078,1.2396160686400965,4.094447135925293,6.51622808911047
hdr_01862,person,S3,False,53.89250564575195,3.537839693904841,4.144897937774658,6.51622808911047
hdr_01863,person,S3,False,8.887104988098145,0.40121022572749526,0.8929946422576904,2.449453152851523
hdr_01863,person,S3,False,7.6941328048706055,0.5161842444301622,0.35285094380378723,2.449453152851523
hdr_01863,person,S3,True,7.499243259429932,0.4235505002271945,0.2634987533092499,2.449453152851523
hdr_01863,person,S3,True,8.608839988708496,0.27330550953985655,1.1412599086761475,2.449453152851523
hdr_01863,person,S3,True,9.588519096374512,0.9891533022645048,0.46180450916290283,2.449453152851523
hdr_01863,person,S3,True,7.827602863311768,1.0325171846042422,0.32074102759361267,2.449453152851523
hdr_01863,person,S3,True,9.541677474975586,0.25109409592777526,0.41122934222221375,2.449453152851523
hdr_01863,person,S3,True,7.872612953186035,0.35615470599436155,0.3754100203514099,2.449453152851523
hdr_01863,person,S3,True,7.497955799102783,0.3671519647384069,0.2698666453361511,2.449453152851523
hdr_01863,person,S3,True,5.451319694519043,0.32434277532041567,0.1759844273328781,2.449453152851523
hdr_01863,person,S3,True,7.099942207336426,0.2527082066179379,0.3176412284374237,2.449453152851523
hdr_01863,person,S3,True,4.917686462402344,0.73956812661017,0.4847894310951233,2.449453152851523
hdr_01863,person,S3,False,7.324499607086182,0.31691689410635226,1.1864259243011475,2.449453152851523
hdr_01863,person,S3,True,5.66716194152832,0.25499286680770517,0.9958750605583191,2.449453152851523
hdr_01863,person,S3,True,8.493758201599121,0.2638197193885379,0.29471921920776367,2.449453152851523
hdr_01863,person,S3,False,67.6273193359375,0.5022970077162057,1.3254203796386719,2.449453152851523
hdr_01863,person,S3,True,26.675745010375977,2.5860257946657845,0.7841731309890747,2.449453152851523
hdr_01873,person,S3,False,36.038150787353516,1.746655614329636,2.540541648864746,7.502432438902284
hdr_01874,person,S3,False,45.394508361816406,0.9847892962450128,3.4362845420837402,7.470292470568458
hdr_01876,person,S3,True,9.148219108581543,0.2703120932950631,0.4442155957221985,2.439611966402216
hdr_01876,person,S3,True,6.9060378074646,0.29718817659971436,0.49321213364601135,2.439611966402216
hdr_01876,person,S3,False,8.942816734313965,0.4110182859507019,0.9036882519721985,2.439611966402216
hdr_01876,person,S3,False,7.8337202072143555,0.3189159480327265,1.154666543006897,2.439611966402216
hdr_01876,person,S3,False,10.137917518615723,0.3086527713722996,0.33340129256248474,2.439611966402216
hdr_01876,person,S3,True,7.806731700897217,0.3650821396330711,0.31523606181144714,2.439611966402216
hdr_01876,person,S3,True,7.288798809051514,0.35489455006829607,0.3222539722919464,2.439611966402216
hdr_01876,person,S3,False,7.635632038116455,0.4344901902907203,0.26177436113357544,2.439611966402216
hdr_01876,person,S3,True,7.000830173492432,0.5314949543474916,0.3281666934490204,2.439611966402216
hdr_01876,person,S3,True,5.673097610473633,0.9391898917837848,0.49430224299430847,2.439611966402216
hdr_01876,person,S3,False,68.22990417480469,0.5088255040298767,1.338245153427124,2.439611966402216
hdr_01876,person,S3,True,21.37673568725586,2.640990934405524,0.7915706038475037,2.439611966402216
hdr_01887,bottle,S3,False,11.934415817260742,21.16711565468779,3.881171703338623,4.791183001367446
hdr_01887,bottle,S3,False,5.984191417694092,1.7919438877993692,1.3883816003799438,4.791183001367446
hdr_01887,bottle,S3,False,4.549825668334961,1.6780604351368413,1.779798984527588,4.791183001367446
hdr_01887,bottle,S3,False,4.549825668334961,0.9660294600146229,1.9955549240112305,4.791183001367446
hdr_01887,bottle,S3,False,4.5498199462890625,1.5322038938912297,2.140578508377075,4.791183001367446
hdr_01887,bottle,S3,False,4.549826145172119,1.1100511799463302,1.724934458732605,4.791183001367446
hdr_01887,chair,S3,False,26.10074806213379,0.2715319133651097,2.519984006881714,4.791183001367446
hdr_01887,chair,S3,False,21.433984756469727,0.7850767778430073,3.3607311248779297,4.791183001367446
hdr_01887,chair,S3,False,17.54995346069336,0.80533917947673,2.2026777267456055,4.791183001367446
hdr_01887,diningtable,S3,False,46.7652702331543,0.8919442905779074,4.145977973937988,4.791183001367446
hdr_01887,person,S3,False,55.25034713745117,0.4091257995566663,4.122232437133789,4.791183001367446
hdr_01887,chair,S3,False,20.760927200317383,0.1924624585641579,2.863593578338623,4.791183001367446
hdr_01887,chair,S3,False,28.670412063598633,0.15844620981764101,2.9554250240325928,4.791183001367446
hdr_01887,diningtable,S3,False,24.924278259277344,0.7375741995651445,1.5886186361312866,4.791183001367446
hdr_01892,person,S3,False,8.06899642944336,0.40191862069713924,1.018759846687317,3.996420205850297
hdr_01892,person,S3,True,7.106317520141602,0.6495106513120598,2.117173671722412,3.996420205850297
hdr_01892,person,S3,True,6.60392951965332,2.6217230665570668,2.0443620681762695,3.996420205850297
hdr_01892,person,S3,True,4.015473365783691,0.6234327219246124,0.6334120035171509,3.996420205850297
hdr_01892,person,S3,True,5.127899646759033,0.7396410022459079,1.3444006443023682,3.996420205850297
hdr_01892,person,S3,True,5.303300380706787,0.7018555031204884,0.9122269749641418,3.996420205850297
hdr_01892,person,S3,False,5.963040351867676,0.5871160034972246,0.495172917842865,3.996420205850297
hdr_01892,person,S3,False,9.50820541381836,0.36468863915932,1.1839299201965332,3.996420205850297
hdr_01892,person,S3,False,9.235088348388672,0.3230726170371367,1.4224554300308228,3.996420205850297
hdr_01892,person,S3,False,9.831204414367676,0.26531140778411094,2.2079224586486816,3.996420205850297
hdr_01892,person,S3,False,9.524134635925293,0.355385426600867,2.003365993499756,3.996420205850297
hdr_01892,person,S3,True,4.039437294006348,0.7848877634387612,0.8734332323074341,3.996420205850297
hdr_01892,person,S3,True,6.884650707244873,0.7369700429581165,0.5675806999206543,3.996420205850297
hdr_01892,person,S3,True,3.4383416175842285,0.872488960825463,0.7342926859855652,3.996420205850297
hdr_01892,person,S3,False,6.220340728759766,0.7846719455875644,0.4782809913158417,3.996420205850297
hdr_01892,person,S3,False,6.888820171356201,0.8032422181661201,1.6551284790039062,3.996420205850297
hdr_01892,person,S3,False,8.648327827453613,0.43073481527851387,0.8449406623840332,3.996420205850297
hdr_01892,person,S3,False,9.894161224365234,0.5591635680445945,2.327021360397339,3.996420205850297
hdr_01892,person,S3,False,11.5964994430542,0.46863733767098764,1.7419217824935913,3.996420205850297
hdr_01892,person,S3,True,10.021333694458008,0.7491169300508129,2.2947278022766113,3.996420205850297
hdr_01892,person,S3,True,6.247437953948975,0.7284584063826971,1.7019777297973633,3.996420205850297
hdr_01892,person,S3,False,6.121232509613037,0.77492984243285,0.6572320461273193,3.996420205850297
hdr_01892,person,S3,True,6.750697135925293,0.8828852847036781,1.7392058372497559,3.996420205850297
hdr_01892,person,S3,True,4.407953262329102,1.7231491043467728,1.3988902568817139,3.996420205850297
hdr_01892,person,S3,False,6.991949558258057,1.094534620201124,1.1301155090332031,3.996420205850297
hdr_01892,person,S3,False,10.951979637145996,0.7183844070748994,1.8633482456207275,3.996420205850297
hdr_01892,person,S3,False,12.094011306762695,0.5149855929391227,2.1553666591644287,3.996420205850297
hdr_01892,person,S3,False,11.413456916809082,0.4802184344902288,1.5873620510101318,3.996420205850297
hdr_01892,person,S3,True,3.8528852462768555,0.8549894861956135,0.6522619724273682,3.996420205850297
hdr_01892,person,S3,True,3.524786949157715,1.0611507688267088,0.9373812079429626,3.996420205850297
hdr_01892,person,S3,True,5.622503757476807,0.8158589053608849,0.305142343044281,3.996420205850297
hdr_01892,person,S3,True,5.415034294128418,1.1924072841329192,1.3737305402755737,3.996420205850297
hdr_01892,person,S3,False,9.976835250854492,0.6069291796159918,1.5910602807998657,3.996420205850297
hdr_01892,person,S3,True,4.7560505867004395,0.4283873998710336,1.1067322492599487,3.996420205850297
hdr_01892,person,S3,True,6.522025108337402,0.6149151107307135,1.2197511196136475,3.996420205850297
hdr_01892,person,S3,False,12.08466911315918,0.3443032713901553,0.572999894618988,3.996420205850297
hdr_01892,person,S3,True,4.564238548278809,0.654287297820892,0.41100960969924927,3.996420205850297
hdr_01896,person,S3,False,34.02669143676758,0.40502351910694173,2.6102185249328613,5.496088201009269
hdr_01896,person,S3,False,18.337984085083008,1.3177863100889564,4.260425090789795,5.496088201009269
hdr_01896,person,S3,False,24.22240447998047,0.49811666624397655,2.134212017059326,5.496088201009269
hdr_01898,person,S3,False,45.943946838378906,1.4858618648524646,3.5020225048065186,6.116448081059677
hdr_01900,person,S3,False,29.384103775024414,2.2267600751321095,2.775615692138672,7.141798163679404
hdr_01902,person,S3,False,61.29753112792969,0.29066183841148857,4.326268196105957,4.719504467463774
hdr_01902,person,S3,False,36.154850006103516,1.6350059626499052,3.2953786849975586,4.719504467463774
hdr_01902,person,S3,False,51.80689239501953,5.161427736597669,4.0180535316467285,4.719504467463774
hdr_01902,diningtable,S3,False,36.228267669677734,174.06334249516976,3.8125741481781006,4.719504467463774
hdr_01902,bottle,S3,False,8.08933162689209,0.41742787150873917,1.4428513050079346,4.719504467463774
hdr_01902,bottle,S3,False,7.506702899932861,0.27825615820105526,1.8500107526779175,4.719504467463774
hdr_01902,bottle,S3,True,5.459255695343018,0.21754335853071358,2.4192426204681396,4.719504467463774
hdr_01902,bottle,S3,False,5.988852500915527,42.55208126539594,3.3770604133605957,4.719504467463774
hdr_01902,bottle,S3,False,10.115294456481934,245.26683871905783,3.1046347618103027,4.719504467463774
hdr_01913,person,S3,False,83.18477630615234,3.166431541021821,3.2215733528137207,4.105700207784135
hdr_01919,person,S3,False,44.46239471435547,0.9434021475187732,3.2797412872314453,7.541319994608426
hdr_01929,person,S3,False,56.519405364990234,4.373371512069023,2.624398708343506,5.407174557947087
hdr_01929,person,S3,False,67.4978256225586,0.958577645393355,3.35024356842041,5.407174557947087
hdr_01929,person,S3,False,5.362910270690918,12.576306025083172,1.9496322870254517,5.407174557947087
hdr_01929,person,S3,False,4.05046272277832,17.797324266057167,1.6708909273147583,5.407174557947087
hdr_01929,person,S3,True,2.2654879093170166,5.015462960705066,1.2799890041351318,5.407174557947087
hdr_01929,person,S3,True,3.9052176475524902,8.18225752717766,1.1684088706970215,5.407174557947087
hdr_01929,person,S3,False,3.1823642253875732,9.925455833433059,1.5560492277145386,5.407174557947087
hdr_01934,person,S3,False,11.863948822021484,1.0525335640562739,1.013827919960022,3.786171223116392
hdr_01934,person,S3,False,12.323013305664062,0.7898247958278073,1.1195383071899414,3.786171223116392
hdr_01934,person,S3,False,11.378785133361816,0.5674228104676531,1.1733428239822388,3.786171223116392
hdr_01934,person,S3,False,8.273663520812988,0.5822780043116279,1.242699384689331,3.786171223116392
hdr_01934,person,S3,False,11.466072082519531,0.8451997867312102,1.5737296342849731,3.786171223116392
hdr_01934,person,S3,True,5.810382843017578,0.9207872571685959,1.0128610134124756,3.786171223116392
hdr_01934,person,S3,True,3.911317825317383,0.8086748544173181,0.5738409757614136,3.786171223116392
hdr_01934,person,S3,False,6.273350715637207,1.6944574513700694,1.0253692865371704,3.786171223116392
hdr_01934,person,S3,True,10.10890007019043,1.9572908668468234,1.2843217849731445,3.786171223116392
hdr_01934,person,S3,True,7.083871364593506,1.0451653734824065,0.7160670161247253,3.786171223116392
hdr_01934,person,S3,True,6.193525314331055,1.755830573943824,1.0469889640808105,3.786171223116392
hdr_01934,person,S3,True,9.280021667480469,0.936455575402462,1.1613610982894897,3.786171223116392
hdr_01934,person,S3,True,8.336756706237793,1.1959465351353542,1.1141295433044434,3.786171223116392
hdr_01934,person,S3,False,11.517958641052246,1.1140608248868469,1.284327507019043,3.786171223116392
hdr_01934,person,S3,False,13.761621475219727,0.537648401831328,0.9907817244529724,3.786171223116392
hdr_01934,person,S3,False,13.7959566116333,0.5423264395802432,0.958429753780365,3.786171223116392
hdr_01934,person,S3,True,13.909485816955566,0.8266673399386121,1.1077044010162354,3.786171223116392
hdr_01934,person,S3,False,10.898451805114746,0.8362155313229518,1.1381213665008545,3.786171223116392
hdr_01934,person,S3,True,7.553778648376465,1.0985776210770328,1.095803141593933,3.786171223116392
hdr_01934,person,S3,True,6.473978042602539,1.1785024975065246,1.3203660249710083,3.786171223116392
hdr_01934,person,S3,False,6.64369010925293,1.6309094199585386,0.969764769077301,3.786171223116392
hdr_01934,person,S3,False,5.440598011016846,1.6073363445279645,0.8634806275367737,3.786171223116392
hdr_01934,person,S3,False,6.825451374053955,2.2915582942824995,0.91703200340271,3.786171223116392
hdr_01934,person,S3,False,8.666136741638184,2.1533634283064034,1.0353829860687256,3.786171223116392
hdr_01934,person,S3,False,7.553502082824707,1.6184261306460164,1.0066856145858765,3.786171223116392
hdr_01934,person,S3,True,7.636941909790039,1.1738850330161388,1.1121909618377686,3.786171223116392
hdr_01934,person,S3,False,11.39176082611084,0.5751195393631767,1.0602153539657593,3.786171223116392
hdr_01934,person,S3,False,15.928061485290527,0.4556765523780467,1.2399415969848633,3.786171223116392
hdr_01934,person,S3,True,6.5606489181518555,2.8780364334889708,0.7938976883888245,3.786171223116392
hdr_01934,person,S3,False,8.257122039794922,0.8204779410438672,0.8807360529899597,3.786171223116392
hdr_01934,person,S3,True,7.152201175689697,1.789299261812475,1.1595145463943481,3.786171223116392
hdr_01934,person,S3,True,7.071889877319336,0.8304358240647054,1.0595765113830566,3.786171223116392
hdr_01934,person,S3,True,16.556468963623047,0.8024195781258189,1.095292568206787,3.786171223116392
hdr_01934,person,S3,False,11.272415161132812,0.4900048819288223,1.4087246656417847,3.786171223116392
hdr_01934,person,S3,False,11.586967468261719,0.48269737069624874,1.0384459495544434,3.786171223116392
hdr_01934,person,S3,True,11.474303245544434,0.3457760813493558,1.1298187971115112,3.786171223116392
hdr_01934,person,S3,False,12.33166790008545,0.38532389507905396,1.2173999547958374,3.786171223116392
hdr_01934,person,S3,False,83.28358459472656,0.7035839107241401,1.6956815719604492,3.786171223116392
hdr_01934,person,S3,False,7.9773149490356445,3.3037565392068107,0.8169710636138916,3.786171223116392
hdr_01936,person,S3,False,6.348629474639893,1.120532090486447,1.6973580121994019,5.319697395652284
hdr_01936,person,S3,False,6.141523838043213,1.1425259891986637,1.8888583183288574,5.319697395652284
hdr_01936,person,S3,False,6.246492862701416,0.3148192173798363,2.245542526245117,5.319697395652284
hdr_01936,person,S3,False,6.20362663269043,0.43236618804482263,1.9237107038497925,5.319697395652284
hdr_01936,person,S3,True,5.248245716094971,1.3945945436425762,1.8427847623825073,5.319697395652284
hdr_01936,person,S3,True,2.776834726333618,2.3178286949715634,1.3829644918441772,5.319697395652284
hdr_01936,person,S3,False,5.749497890472412,0.636605174140957,1.7626081705093384,5.319697395652284
hdr_01936,person,S3,True,2.321688175201416,2.1453251307707792,1.54622483253479,5.319697395652284
hdr_01936,person,S3,False,5.566854953765869,0.24327122852668606,2.0097997188568115,5.319697395652284
hdr_01936,person,S3,True,5.65447998046875,0.2642699621728833,2.2331364154815674,5.319697395652284
hdr_01936,person,S3,False,3.576162099838257,2.776507030678528,1.5527788400650024,5.319697395652284
hdr_01936,person,S3,False,6.552857875823975,0.27138678963002966,2.2653965950012207,5.319697395652284
hdr_01936,person,S3,False,6.091585636138916,0.4909359481566548,1.7155749797821045,5.319697395652284
hdr_01936,person,S3,False,4.803522109985352,0.9692485652897936,1.6831361055374146,5.319697395652284
hdr_01936,person,S3,True,4.204737186431885,0.6171709267322442,1.6440504789352417,5.319697395652284
hdr_01936,person,S3,False,5.149877071380615,0.5441721073333489,1.4348200559616089,5.319697395652284
hdr_01936,person,S3,False,5.469456195831299,0.728816518505524,1.3055225610733032,5.319697395652284
hdr_01936,person,S3,False,5.391369342803955,0.4603093053105528,1.5857421159744263,5.319697395652284
hdr_01936,person,S3,False,7.119096755981445,0.54120196086724,1.523318886756897,5.319697395652284
hdr_01936,person,S3,False,6.90532922744751,0.4114990864584895,1.5628643035888672,5.319697395652284
hdr_01936,person,S3,False,5.792523384094238,0.43201441846532534,1.6352226734161377,5.319697395652284
hdr_01936,person,S3,False,6.263969898223877,0.7913409961877587,1.7355916500091553,5.319697395652284
hdr_01936,person,S3,False,3.4022536277770996,0.3811426313448968,1.6598083972930908,5.319697395652284
hdr_01936,person,S3,False,6.079957485198975,0.42975569406673914,1.7552766799926758,5.319697395652284
hdr_01936,person,S3,False,7.0616936683654785,0.2056837897620788,1.970160722732544,5.319697395652284
hdr_01936,person,S3,True,3.056818723678589,0.7841370187974419,1.5514559745788574,5.319697395652284
hdr_01936,person,S3,True,2.6226401329040527,0.4680037747870551,1.4668149948120117,5.319697395652284
hdr_01936,person,S3,False,4.027146816253662,0.6295128921423752,1.6132347583770752,5.319697395652284
hdr_01936,person,S3,False,5.74021577835083,0.48086225839406715,1.8826323747634888,5.319697395652284
hdr_01936,person,S3,True,3.841449737548828,0.39234311823336765,1.7660855054855347,5.319697395652284
hdr_01936,person,S3,True,3.8188021183013916,0.36554844481058957,1.645266056060791,5.319697395652284
hdr_01936,person,S3,True,4.166380405426025,0.2568846778864229,2.18875789642334,5.319697395652284
hdr_01936,person,S3,False,3.496511220932007,0.5961746121796693,1.5801748037338257,5.319697395652284
hdr_01936,person,S3,True,4.221930503845215,1.334120456347831,1.2706272602081299,5.319697395652284
hdr_01936,person,S3,True,3.4444167613983154,0.794386301390203,1.2893500328063965,5.319697395652284
hdr_01936,person,S3,True,2.9206156730651855,1.445396760967107,1.6322747468948364,5.319697395652284
hdr_01936,person,S3,False,39.38203430175781,0.6795123040523738,2.4710867404937744,5.319697395652284
hdr_01937,person,S3,False,30.797122955322266,1.006913435407026,3.9887137413024902,4.918318698639848
hdr_01937,person,S3,False,20.136150360107422,0.3901550204716404,1.6165870428085327,4.918318698639848
hdr_01937,person,S3,True,24.641630172729492,1.4849361650576183,2.432170867919922,4.918318698639848
hdr_01937,diningtable,S3,False,35.311161041259766,0.7844349453379523,1.6491599082946777,4.918318698639848
hdr_01937,diningtable,S3,False,33.40135192871094,0.6030367498332794,3.948368549346924,4.918318698639848
hdr_01937,diningtable,S3,True,18.207733154296875,0.5835456527579692,1.8538624048233032,4.918318698639848
hdr_01937,chair,S3,False,24.69077491760254,0.5337235025792789,1.9140738248825073,4.918318698639848
hdr_01937,chair,S3,False,25.637802124023438,0.6175443421788248,1.5710011720657349,4.918318698639848
hdr_01937,chair,S3,False,19.7055606842041,0.6891202367969005,2.3700671195983887,4.918318698639848
hdr_01937,chair,S3,False,18.651235580444336,0.6444958429252636,0.7510710954666138,4.918318698639848
hdr_01937,chair,S3,True,17.62993049621582,0.37573662112293044,1.5842199325561523,4.918318698639848
hdr_01937,bottle,S3,False,4.6507673263549805,1.5187832771028607,1.7471071481704712,4.918318698639848
hdr_01937,bottle,S3,True,4.212436676025391,2.825001166537164,1.3248733282089233,4.918318698639848
hdr_01937,bottle,S3,False,4.351836204528809,1.5065037707408133,2.135406494140625,4.918318698639848
hdr_01937,bottle,S3,False,4.119768142700195,0.6999238925070057,0.9421958327293396,4.918318698639848
hdr_01937,bottle,S3,False,4.0244364738464355,0.4456657420350147,0.9003562927246094,4.918318698639848
hdr_01937,bottle,S3,False,4.429294109344482,0.5320072438335106,1.4582295417785645,4.918318698639848
hdr_01937,bottle,S3,False,4.15705680847168,0.47689669523644185,1.0686776638031006,4.918318698639848
hdr_01937,bottle,S3,False,3.6750171184539795,0.5991694255391358,0.9996401071548462,4.918318698639848
hdr_01937,bottle,S3,False,3.876715898513794,0.40133120728916183,0.8818084597587585,4.918318698639848
hdr_01937,bottle,S3,False,2.834764003753662,0.4685823283965867,0.8756670355796814,4.918318698639848
hdr_01937,bottle,S3,False,3.4694974422454834,0.44815651624761654,0.6450493335723877,4.918318698639848
hdr_01937,bottle,S3,False,2.3957138061523438,0.4710433957621516,0.5388531684875488,4.918318698639848
hdr_01937,bottle,S3,False,6.520704746246338,72.0184211433919,3.1570165157318115,4.918318698639848
hdr_01941,person,S3,False,12.336824417114258,2.2576687134423126,2.09075927734375,3.6158122275289553
hdr_01941,person,S3,False,13.830677032470703,2.215652939624667,1.941918134689331,3.6158122275289553
hdr_01941,person,S3,False,7.205749988555908,0.34630374150588106,1.3067495822906494,3.6158122275289553
hdr_01941,person,S3,True,4.929942607879639,0.3315230012098718,0.4603726267814636,3.6158122275289553
hdr_01941,person,S3,True,6.908820629119873,0.6620385157692693,0.41038236021995544,3.6158122275289553
hdr_01941,person,S3,False,33.95000076293945,0.5083016128592092,1.6578567028045654,3.6158122275289553
hdr_01945,person,S3,False,55.98625564575195,0.4105775305534071,4.08708381652832,4.805450351252583
hdr_01945,chair,S3,False,21.770456314086914,0.19811774741451205,2.895906686782837,4.805450351252583
hdr_01945,chair,S3,False,21.5969295501709,0.8089783713360655,3.359760284423828,4.805450351252583
hdr_01945,chair,S3,False,17.54995346069336,0.8486673183652144,2.1676840782165527,4.805450351252583
hdr_01945,chair,S3,False,24.99067497253418,0.25157248857609243,2.5340640544891357,4.805450351252583
hdr_01945,bottle,S3,False,11.296127319335938,28.609640379753866,3.8638813495635986,4.805450351252583
hdr_01945,bottle,S3,False,4.5904541015625,1.706287420098222,1.7482675313949585,4.805450351252583
hdr_01945,bottle,S3,False,4.448764801025391,1.015743909383892,1.9814625978469849,4.805450351252583
hdr_01945,bottle,S3,False,4.128610134124756,1.5097098006085237,2.04076886177063,4.805450351252583
hdr_01945,bottle,S3,False,4.308602809906006,0.8153618385303572,1.7145456075668335,4.805450351252583
hdr_01945,diningtable,S3,False,47.71955871582031,0.790919044545538,4.20874547958374,4.805450351252583
hdr_01945,chair,S3,False,29.154762268066406,0.15732891393282633,2.95941162109375,4.805450351252583
hdr_01945,diningtable,S3,False,24.286178588867188,0.7754039650968091,1.6690672636032104,4.805450351252583
hdr_01947,person,S3,False,34.467323303222656,0.3004500018363936,2.750951051712036,5.314615400967307
hdr_01947,person,S3,False,25.951047897338867,0.5101832293706807,2.253748655319214,5.314615400967307
hdr_01947,person,S3,False,19.218711853027344,1.4381464212106019,4.033280849456787,5.314615400967307
hdr_01948,person,S3,False,11.932926177978516,0.21261879661079364,1.5443329811096191,3.656722673838977
hdr_01948,car,S3,False,13.626225471496582,0.3198442516736554,2.227842330932617,3.656722673838977
hdr_01948,car,S3,False,3.8693082332611084,0.1299146364905168,1.5119441747665405,3.656722673838977
hdr_01948,car,S3,False,2.4961326122283936,0.22668149272533736,2.0927836894989014,3.656722673838977
hdr_01948,car,S3,False,3.8368160724639893,0.15543356702073244,3.251060724258423,3.656722673838977
hdr_01948,car,S3,False,4.202908039093018,0.1319437562527703,2.5415947437286377,3.656722673838977
hdr_01948,car,S3,False,2.8103506565093994,0.11242026723730557,1.0948487520217896,3.656722673838977
hdr_01948,car,S3,False,3.7476096153259277,0.10588594754160689,1.591836929321289,3.656722673838977
hdr_01948,car,S3,False,5.537781238555908,0.21172253808345612,1.5789053440093994,3.656722673838977
hdr_01949,person,S3,False,11.550585746765137,0.9573094519372972,1.9895617961883545,3.394998413728884
hdr_01949,person,S3,False,12.12316608428955,1.604654504671346,1.6368656158447266,3.394998413728884
hdr_01951,person,S3,False,11.909714698791504,1.2873038467939315,1.975929617881775,3.557102532182583
hdr_01951,person,S3,False,12.678794860839844,1.8941044085417305,1.8061801195144653,3.557102532182583
hdr_01951,person,S3,False,5.196804046630859,0.43099923371484794,1.175337314605713,3.557102532182583
hdr_01951,person,S3,True,4.021925449371338,0.7333516787006437,0.8176835179328918,3.557102532182583
hdr_01951,person,S3,True,3.4860589504241943,0.6750483141859368,0.6490457653999329,3.557102532182583
hdr_01951,person,S3,True,5.410040378570557,0.6216560624515763,1.9363126754760742,3.557102532182583
hdr_01951,person,S3,True,3.0046558380126953,0.41719691059944625,1.128401517868042,3.557102532182583
hdr_01951,person,S3,False,6.964470386505127,0.4375677002447494,1.594524621963501,3.557102532182583
hdr_01951,person,S3,False,42.597618103027344,0.5341894032876208,1.788214087486267,3.557102532182583
hdr_01954,person,S3,False,42.54960250854492,0.4856858494687248,3.6518588066101074,4.232163798764794
hdr_01958,bottle,S3,False,5.038910865783691,0.9672675242029439,1.9166189432144165,4.984710441471338
hdr_01958,bottle,S3,False,5.076093673706055,0.6554307162723292,1.9507094621658325,4.984710441471338
hdr_01958,bottle,S3,False,5.3540754318237305,0.9436494033425684,1.940597414970398,4.984710441471338
hdr_01958,bottle,S3,False,5.076093673706055,0.8794799095841284,1.9074270725250244,4.984710441471338
hdr_01958,bottle,S3,False,4.489485740661621,1.8757978603211127,1.7410032749176025,4.984710441471338
hdr_01958,bottle,S3,False,5.432690143585205,1.267274303095388,1.9865809679031372,4.984710441471338
hdr_01958,bottle,S3,False,2.891341209411621,1.5811004478664872,2.2843587398529053,4.984710441471338
hdr_01958,bottle,S3,False,4.588869094848633,1.3156051253022736,1.9259480237960815,4.984710441471338
hdr_01958,bottle,S3,False,5.548635005950928,1.2115477858298935,1.8117953538894653,4.984710441471338
hdr_01958,bottle,S3,False,5.294708728790283,1.3924939468703348,1.7858154773712158,4.984710441471338
hdr_01958,bottle,S3,False,3.952954053878784,0.491808838296989,2.099191665649414,4.984710441471338
hdr_01958,bottle,S3,False,2.9339232444763184,1.0085414044792778,1.2803553342819214,4.984710441471338
hdr_01958,bottle,S3,False,3.01910400390625,1.568787087626951,0.7324430346488953,4.984710441471338
hdr_01958,bottle,S3,False,2.949420213699341,1.1894200638364854,0.928999125957489,4.984710441471338
hdr_01958,bottle,S3,False,2.3753085136413574,1.0696912271940058,1.3951241970062256,4.984710441471338
hdr_01958,bottle,S3,False,3.289702892303467,0.4304080625159419,1.8272466659545898,4.984710441471338
hdr_01958,bottle,S3,False,4.025567531585693,0.4784763941347644,1.9850959777832031,4.984710441471338
hdr_01958,bottle,S3,True,3.3682563304901123,664.8302389157449,2.5356287956237793,4.984710441471338
hdr_01958,chair,S3,False,34.880619049072266,0.5068999167383493,2.805506944656372,4.984710441471338
hdr_01958,chair,S3,False,32.74087142944336,0.7872741901138471,3.1873483657836914,4.984710441471338
hdr_01958,diningtable,S3,False,44.988006591796875,1.4601824326342776,4.320816993713379,4.984710441471338
hdr_01958,person,S3,False,21.9453067779541,90.86638228510719,3.6016945838928223,4.984710441471338
hdr_01958,person,S3,False,50.736385345458984,0.7683063607458467,4.269011497497559,4.984710441471338
hdr_01958,person,S3,False,48.43210220336914,1.27647138349918,4.249782562255859,4.984710441471338
hdr_01958,person,S3,False,10.387303352355957,0.8090632068527326,2.5344738960266113,4.984710441471338
hdr_01958,bottle,S3,False,3.708967685699463,1.5908902026237761,1.289841651916504,4.984710441471338
hdr_01961,person,S3,False,31.664466857910156,0.7519572541708849,2.345579147338867,5.203811784626747
hdr_01961,person,S3,False,19.136289596557617,0.3832499049090836,1.4795784950256348,5.203811784626747
hdr_01961,person,S3,False,32.6824836730957,1.2760881791020753,3.9967119693756104,5.203811784626747
hdr_01961,chair,S3,False,18.972007751464844,0.6713380343448042,0.7571529746055603,5.203811784626747
hdr_01961,chair,S3,False,17.74127769470215,0.3558364499945946,1.697323203086853,5.203811784626747
hdr_01961,chair,S3,False,26.222675323486328,0.6421970809055164,1.579667091369629,5.203811784626747
hdr_01961,chair,S3,False,24.423690795898438,0.4265191159882951,1.5078461170196533,5.203811784626747
hdr_01961,chair,S3,False,21.996578216552734,0.6561944768023344,3.242539167404175,5.203811784626747
hdr_01961,diningtable,S3,False,32.4090690612793,0.5793969009364903,3.9560933113098145,5.203811784626747
hdr_01961,diningtable,S3,False,35.14027404785156,0.9817315576441428,1.606801152229309,5.203811784626747
hdr_01961,diningtable,S3,True,19.647117614746094,0.44655035638534774,1.630805492401123,5.203811784626747
hdr_01961,bottle,S3,False,6.1543803215026855,77.31602915935079,3.130788803100586,5.203811784626747
hdr_01961,bottle,S3,False,3.804650068283081,0.6944086411135872,0.9573172330856323,5.203811784626747
hdr_01961,bottle,S3,False,4.09405517578125,0.45475216326552903,0.8732380867004395,5.203811784626747
hdr_01961,bottle,S3,False,4.361495018005371,0.5775678269156147,1.4560132026672363,5.203811784626747
hdr_01961,bottle,S3,False,4.289852619171143,0.4721680865458331,1.0866092443466187,5.203811784626747
hdr_01961,bottle,S3,False,3.4165966510772705,0.5874844556986843,1.0041708946228027,5.203811784626747
hdr_01961,bottle,S3,False,3.773341655731201,0.38256917031249565,0.942507803440094,5.203811784626747
hdr_01961,bottle,S3,False,3.0841073989868164,0.4351159134055407,0.6693320274353027,5.203811784626747
hdr_01961,bottle,S3,True,2.4146058559417725,0.4642094432772201,0.5643695592880249,5.203811784626747
hdr_01961,bottle,S3,False,2.941451072692871,0.4596273320189952,0.875516951084137,5.203811784626747
hdr_01968,bottle,S3,False,10.853503227233887,8.671029043328463,2.5141475200653076,5.049752532647887
hdr_01968,person,S3,False,67.69012451171875,0.49983631104142884,2.9657108783721924,5.049752532647887
hdr_01968,person,S3,False,40.66134262084961,11.695357761168172,2.909550189971924,5.049752532647887
hdr_01973,person,S3,False,6.102397441864014,0.749761367034004,1.818729281425476,5.36738739950428
hdr_01973,person,S3,False,6.573575019836426,0.38880004565364457,1.8304451704025269,5.36738739950428
hdr_01973,person,S3,False,5.581722736358643,0.41554079814862116,2.1703298091888428,5.36738739950428
hdr_01973,person,S3,False,3.6542930603027344,2.6441005752391735,1.5736221075057983,5.36738739950428
hdr_01973,person,S3,False,5.379175186157227,0.6063342968615233,1.761823058128357,5.36738739950428
hdr_01973,person,S3,False,6.063235759735107,2.1002123512293562,1.7390679121017456,5.36738739950428
hdr_01973,person,S3,False,5.87383508682251,0.9334775346836819,1.7216291427612305,5.36738739950428
hdr_01973,person,S3,False,5.407044410705566,1.2137383977879443,1.3434467315673828,5.36738739950428
hdr_01973,person,S3,False,5.590260028839111,0.7508442591273553,1.5812530517578125,5.36738739950428
hdr_01973,person,S3,False,5.551106929779053,0.27570090456973795,1.6698625087738037,5.36738739950428
hdr_01973,person,S3,False,5.502234935760498,1.4421072603764897,1.4135310649871826,5.36738739950428
hdr_01973,person,S3,False,3.8538057804107666,0.43608367818797955,1.7738844156265259,5.36738739950428
hdr_01973,person,S3,True,2.655402898788452,0.7982185323556387,1.3234312534332275,5.36738739950428
hdr_01973,person,S3,False,4.224453926086426,1.3830898445190996,1.3544666767120361,5.36738739950428
hdr_01973,person,S3,False,6.002013683319092,0.526459116006919,1.6521302461624146,5.36738739950428
hdr_01973,person,S3,False,5.511380195617676,0.36489724109237726,1.793178677558899,5.36738739950428
hdr_01973,person,S3,True,3.4316368103027344,0.9715823946669779,1.2529040575027466,5.36738739950428
hdr_01973,person,S3,True,3.4149959087371826,0.6079519690491701,1.454014539718628,5.36738739950428
hdr_01973,person,S3,False,6.280090808868408,0.6770885851418523,1.801598310470581,5.36738739950428
hdr_01973,person,S3,False,3.608259677886963,0.3446046187896289,1.6579550504684448,5.36738739950428
hdr_01973,person,S3,True,3.391158103942871,1.5435650066114868,1.1904833316802979,5.36738739950428
hdr_01973,person,S3,False,5.99342155456543,1.3206489743619343,1.7196087837219238,5.36738739950428
hdr_01973,person,S3,False,6.707331657409668,0.31106061155398146,1.847955346107483,5.36738739950428
hdr_01973,person,S3,False,5.690813064575195,0.33002382346346953,1.9996892213821411,5.36738739950428
hdr_01973,person,S3,False,4.512014389038086,0.6854220824142584,1.6155760288238525,5.36738739950428
hdr_01973,person,S3,False,3.9031238555908203,1.7780434584326654,1.526342749595642,5.36738739950428
hdr_01973,person,S3,False,4.316798686981201,0.7624220429062967,1.697489619255066,5.36738739950428
hdr_01973,person,S3,True,3.5722012519836426,0.5312422213619711,1.6248037815093994,5.36738739950428
hdr_01973,person,S3,False,5.214955806732178,0.32724076802176805,1.593403935432434,5.36738739950428
hdr_01973,person,S3,False,3.6974828243255615,0.8099429670869415,2.0867629051208496,5.36738739950428
hdr_01973,person,S3,False,6.224379539489746,0.9375322221570079,1.7394195795059204,5.36738739950428
hdr_01973,person,S3,False,5.990957260131836,0.6772812474240565,1.728473424911499,5.36738739950428
hdr_01973,person,S3,False,40.9683837890625,0.9517605349280459,2.6792149543762207,5.36738739950428
hdr_01976,person,S3,False,12.12671184539795,2.2198061185294176,2.9401237964630127,3.822823967695161
hdr_01976,person,S3,False,13.081817626953125,0.8219817083513085,1.3908437490463257,3.822823967695161
hdr_01976,person,S3,False,39.23159408569336,0.6461000808324889,1.320650577545166,3.822823967695161
hdr_01987,person,S3,False,17.01052474975586,0.3311451535189156,1.3584632873535156,4.077599577478455
hdr_01993,person,S3,False,49.552772521972656,1.4603058917178406,3.197646379470825,5.766615105324879
hdr_01999,person,S3,False,9.198315620422363,0.3063970312378225,1.9993547201156616,4.330877695253281
hdr_02000,person,S3,False,37.19594955444336,1.7884824928814842,3.523350715637207,6.598492641958442
hdr_02002,person,S3,False,87.78230285644531,0.7798655401529844,3.1580235958099365,3.624815630972424
hdr_02005,person,S3,False,12.963326454162598,2.0917328853646024,2.1992762088775635,4.513147201665057
hdr_02005,person,S3,False,12.088764190673828,3.6484866115669554,1.7993841171264648,4.513147201665057
hdr_02005,person,S3,False,7.1544036865234375,0.33507643300471596,1.3932595252990723,4.513147201665057
hdr_02005,person,S3,False,10.335456848144531,0.3283909831629934,1.5617822408676147,4.513147201665057
hdr_02005,person,S3,False,9.075653076171875,0.2355213861356555,1.411393642425537,4.513147201665057
hdr_02005,person,S3,False,7.852156639099121,0.34121103443925616,0.7844755053520203,4.513147201665057
hdr_02005,person,S3,True,8.050742149353027,0.31986888780806844,1.393934965133667,4.513147201665057
hdr_02005,person,S3,False,6.894437789916992,0.5061887577333535,0.708926796913147,4.513147201665057
hdr_02005,person,S3,False,6.5514936447143555,0.5551986519438998,0.7567532658576965,4.513147201665057
hdr_02005,person,S3,True,5.866946697235107,0.37743591815883526,1.3639687299728394,4.513147201665057
hdr_02005,person,S3,False,7.058835983276367,0.36943891584484656,1.584293007850647,4.513147201665057
hdr_02005,person,S3,True,8.349303245544434,0.5559770709285669,1.47186279296875,4.513147201665057
hdr_02005,person,S3,False,7.487791061401367,0.7161420422195036,0.8005185127258301,4.513147201665057
hdr_02005,person,S3,True,6.722522735595703,0.6140144674091129,0.7582907676696777,4.513147201665057
hdr_02005,person,S3,False,8.159915924072266,0.19723689012952692,1.4383962154388428,4.513147201665057
hdr_02005,person,S3,True,9.317008972167969,0.24932091943700688,1.3189762830734253,4.513147201665057
hdr_02005,person,S3,True,10.557391166687012,0.2947762618625119,0.9751313328742981,4.513147201665057
hdr_02005,person,S3,False,6.406119346618652,0.5384346837687141,0.9749436974525452,4.513147201665057
hdr_02005,person,S3,False,6.351920127868652,0.4554058153490156,1.018837571144104,4.513147201665057
hdr_02005,person,S3,True,5.587570667266846,0.5715284359992895,0.8387531042098999,4.513147201665057
hdr_02005,person,S3,True,3.23686146736145,0.45890615896139425,0.48722654581069946,4.513147201665057
hdr_02005,person,S3,False,56.339324951171875,0.47241768865066575,1.6673277616500854,4.513147201665057
hdr_02019,bottle,S3,False,9.808889389038086,285.17032091611674,3.1362862586975098,4.768981636095113
hdr_02019,bottle,S3,False,8.849889755249023,114.98743504269318,3.2115068435668945,4.768981636095113
hdr_02019,person,S3,False,54.6471061706543,5.770757373232652,4.027931213378906,4.768981636095113
hdr_02019,person,S3,False,36.410709381103516,2.235162363135742,3.4436075687408447,4.768981636095113
hdr_02019,person,S3,False,67.64141082763672,0.41125284498035436,4.403791904449463,4.768981636095113
hdr_02019,bottle,S3,False,7.2529120445251465,0.6003636559445802,1.378633975982666,4.768981636095113
hdr_02019,bottle,S3,False,7.727982044219971,0.36290300162437006,1.8034335374832153,4.768981636095113
hdr_02019,bottle,S3,False,7.727982044219971,0.47768726716260884,1.742834210395813,4.768981636095113
hdr_02019,bottle,S3,True,5.432693958282471,0.20365638051238028,1.7620443105697632,4.768981636095113
hdr_02019,diningtable,S3,False,34.39139938354492,211.85963389855812,3.7472217082977295,4.768981636095113
hdr_02024,person,S3,False,56.28142547607422,4.477243931428706,2.619584083557129,5.402272309237208
hdr_02024,person,S3,False,66.7942886352539,0.982326924435209,3.357147216796875,5.402272309237208
hdr_02024,person,S3,False,5.92309045791626,10.592779720367703,2.3232321739196777,5.402272309237208
hdr_02024,person,S3,True,3.8187389373779297,18.49081304113094,1.6710771322250366,5.402272309237208
hdr_02024,person,S3,False,4.001705169677734,7.718145694996471,1.1922152042388916,5.402272309237208
hdr_02024,person,S3,True,2.3600471019744873,4.259881336669239,1.2668447494506836,5.402272309237208
hdr_02029,person,S3,False,13.881848335266113,1.1148946113309688,2.095648765563965,3.173027254137512
hdr_02029,person,S3,False,12.206123352050781,1.8148553721292513,1.9890406131744385,3.173027254137512
hdr_02029,person,S3,True,4.164490699768066,0.6348624250072346,0.46238136291503906,3.173027254137512
hdr_02029,person,S3,True,5.432648658752441,0.5255025855580434,1.1645290851593018,3.173027254137512
hdr_02029,person,S3,True,5.1727728843688965,0.42540761124690984,1.110538125038147,3.173027254137512
hdr_02029,person,S3,True,4.037617206573486,0.6540352324510305,0.5335754752159119,3.173027254137512
hdr_02029,person,S3,True,5.865634441375732,0.45296069077841905,1.4708033800125122,3.173027254137512
hdr_02029,person,S3,True,5.663161277770996,0.4100452707373302,1.4067386388778687,3.173027254137512
hdr_02029,person,S3,True,6.503880023956299,0.6216156407879218,1.4092528820037842,3.173027254137512
hdr_02029,person,S3,True,4.787066459655762,0.3549629342218661,0.6605468392372131,3.173027254137512
hdr_02029,person,S3,True,3.9232845306396484,0.40460618389462416,0.6885237097740173,3.173027254137512
hdr_02029,person,S3,True,8.319430351257324,0.3496527435941038,1.3767576217651367,3.173027254137512
hdr_02029,person,S3,True,7.511828899383545,0.30425313198498594,1.8412367105484009,3.173027254137512
hdr_02029,person,S3,True,4.581335067749023,0.4785544425497549,0.7237476706504822,3.173027254137512
hdr_02032,person,S3,False,19.290212631225586,0.4876640620282824,1.6283586025238037,4.094294591305172
hdr_02034,car,S3,False,98.17808532714844,1.0451609775701218,3.0237042903900146,3.894796955242707
hdr_02034,car,S3,False,28.96018409729004,0.4248629795069668,2.726320266723633,3.894796955242707
hdr_02034,car,S3,False,22.19171142578125,1.3903197718415903,2.3235177993774414,3.894796955242707
hdr_02035,person,S3,False,61.11466979980469,0.6828151787388091,2.4856252670288086,4.671408869774919
hdr_02035,person,S3,False,48.888389587402344,22.971392271536512,3.437628746032715,4.671408869774919
hdr_02035,bottle,S3,False,8.720491409301758,1004.7481606458939,1.8412050008773804,4.671408869774919
hdr_02035,bottle,S3,False,7.207911491394043,219.34262038874465,3.354767084121704,4.671408869774919
hdr_02035,diningtable,S3,False,37.986629486083984,1313.092592560215,3.727229595184326,4.671408869774919
hdr_02035,chair,S3,False,14.128602981567383,0.2369176528067962,0.7328148484230042,4.671408869774919
hdr_02036,person,S3,False,12.59333324432373,1.1847363455112538,1.916586995124817,3.429460393255535
hdr_02036,person,S3,False,11.735899925231934,1.7039154370796308,1.780626654624939,3.429460393255535
hdr_02036,person,S3,True,3.8734567165374756,1.3147545469889093,1.8022875785827637,3.429460393255535
hdr_02036,person,S3,False,5.973670482635498,0.49755356558462727,1.0313868522644043,3.429460393255535
hdr_02036,person,S3,True,11.437155723571777,0.688341925186525,0.6885085701942444,3.429460393255535
hdr_02036,person,S3,False,36.691226959228516,0.4052475030331709,1.5492311716079712,3.429460393255535
hdr_02036,person,S3,True,7.0156073570251465,0.5156346061943315,1.1683135032653809,3.429460393255535
hdr_02036,person,S3,True,4.266084671020508,0.21820835076424278,0.6342641115188599,3.429460393255535
hdr_02036,person,S3,True,3.7073426246643066,0.19942815874177128,0.6738334894180298,3.429460393255535
hdr_02036,person,S3,True,4.75670862197876,0.26779583461576484,1.4169524908065796,3.429460393255535
hdr_02040,person,S3,False,35.16549301147461,0.45043779540885936,2.6331968307495117,5.488208776134156
hdr_02040,person,S3,False,19.604455947875977,1.478038210030862,4.093693733215332,5.488208776134156
hdr_02040,person,S3,False,25.578170776367188,0.6291196648822924,2.3703250885009766,5.488208776134156
hdr_02046,person,S3,False,48.80512619018555,1.1158838178830015,4.206306457519531,5.002410933444285
hdr_02046,person,S3,False,49.53446960449219,0.890604035374981,4.325139999389648,5.002410933444285
hdr_02046,person,S3,False,22.611684799194336,37.456777790034636,3.6946749687194824,5.002410933444285
hdr_02046,person,S3,False,8.596315383911133,1.0358680794020598,2.630774974822998,5.002410933444285
hdr_02046,bottle,S3,False,4.53648567199707,1.624777432157031,1.2368181943893433,5.002410933444285
hdr_02046,bottle,S3,False,5.946592807769775,1.0089866929516922,1.872551441192627,5.002410933444285
hdr_02046,bottle,S3,False,5.946592807769775,0.6923286089084072,1.8956338167190552,5.002410933444285
hdr_02046,bottle,S3,False,5.946592330932617,0.8755030239132391,1.892051339149475,5.002410933444285
hdr_02046,bottle,S3,False,5.419307708740234,0.9087236224126949,1.837162733078003,5.002410933444285
hdr_02046,chair,S3,False,32.786376953125,0.8040514896401042,3.1878161430358887,5.002410933444285
hdr_02046,chair,S3,False,35.438053131103516,0.5327137238435444,2.825909376144409,5.002410933444285
hdr_02046,diningtable,S3,False,44.01458740234375,1.7845007480353587,4.305887699127197,5.002410933444285
hdr_02046,bottle,S3,False,5.159563064575195,1.4399674046706077,2.1392979621887207,5.002410933444285
hdr_02046,bottle,S3,False,5.363040447235107,1.2558996682006942,1.9180134534835815,5.002410933444285
hdr_02046,bottle,S3,False,5.1200432777404785,2.003520010899,1.8969804048538208,5.002410933444285
hdr_02046,bottle,S3,False,3.836836576461792,0.4906958940153613,2.1455583572387695,5.002410933444285
hdr_02046,bottle,S3,False,3.3591933250427246,1.1273257341955607,1.365997076034546,5.002410933444285
hdr_02046,bottle,S3,False,2.865048885345459,1.6343483196274007,0.7607905268669128,5.002410933444285
hdr_02046,bottle,S3,False,3.1822540760040283,1.2926448527389582,0.8309996128082275,5.002410933444285
hdr_02046,bottle,S3,False,2.381709098815918,1.4306848526779563,1.4626251459121704,5.002410933444285
hdr_02046,bottle,S3,False,3.0746796131134033,0.44753072079294287,1.7965973615646362,5.002410933444285
hdr_02046,bottle,S3,False,3.8454604148864746,0.4186630119772077,1.982283115386963,5.002410933444285
hdr_02046,bottle,S3,False,5.226183891296387,1.2910352168845027,2.0178442001342773,5.002410933444285
hdr_02046,bottle,S3,False,4.720172882080078,2.064816310678427,1.7508902549743652,5.002410933444285
hdr_02046,bottle,S3,False,3.0189831256866455,1.3891947398092572,2.3250529766082764,5.002410933444285
hdr_02049,person,S3,False,48.96282196044922,0.6465255155935592,3.0463733673095703,5.696534550954161
hdr_02049,person,S3,False,12.329046249389648,0.14535197405791164,2.0567288398742676,5.696534550954161
hdr_02049,person,S3,False,9.878643035888672,0.044186790800024,3.4756922721862793,5.696534550954161
hdr_02049,person,S3,False,7.020732879638672,0.16180382916760977,2.40763258934021,5.696534550954161
hdr_02049,person,S3,False,5.264487266540527,0.44160963786589025,2.1244077682495117,5.696534550954161
hdr_02049,person,S3,False,5.350147724151611,0.8203422022002048,2.1255369186401367,5.696534550954161
hdr_02049,person,S3,False,5.3400468826293945,0.7323413604500908,1.7746418714523315,5.696534550954161
hdr_02060,person,S3,False,13.119067192077637,1.389389705401743,2.2326605319976807,3.989242038929252
hdr_02060,person,S3,False,14.514617919921875,1.8853816758657729,1.9404817819595337,3.989242038929252
hdr_02060,person,S3,False,5.724308013916016,0.4568313611015837,1.6984283924102783,3.989242038929252
hdr_02060,person,S3,False,37.05593490600586,0.43773279937862514,1.7761166095733643,3.989242038929252
hdr_02071,person,S3,False,14.25191879272461,1.102041459544085,2.136718988418579,3.234641077411736
hdr_02071,person,S3,False,12.270174026489258,1.8645403141952397,1.7928606271743774,3.234641077411736
hdr_02071,person,S3,True,5.196802139282227,0.3467692167963827,1.2498618364334106,3.234641077411736
hdr_02071,person,S3,False,5.900934219360352,0.48037857463100386,1.597606897354126,3.234641077411736
hdr_02071,person,S3,True,4.1896467208862305,0.7672694291201095,0.4752877354621887,3.234641077411736
hdr_02071,person,S3,True,5.762383937835693,0.44504310935830993,1.0839130878448486,3.234641077411736
hdr_02071,person,S3,True,4.6865234375,0.7206681919459142,0.8830754160881042,3.234641077411736
hdr_02071,person,S3,True,4.166633605957031,0.48501927586457294,0.6945121884346008,3.234641077411736
hdr_02071,person,S3,False,4.58133602142334,0.3130598726584152,1.0637210607528687,3.234641077411736
hdr_02071,person,S3,False,30.684507369995117,0.4253398185123913,1.6225069761276245,3.234641077411736
hdr_02088,person,S3,False,59.27408218383789,0.6266632948987007,3.8107190132141113,4.4412207891113455
hdr_02088,person,S3,False,51.54075622558594,10.174880558946741,3.315885305404663,4.4412207891113455
hdr_02088,bottle,S3,False,8.345186233520508,222.57196780659245,3.175863742828369,4.4412207891113455
hdr_02088,diningtable,S3,False,41.81812286376953,620.6787535539708,3.6495707035064697,4.4412207891113455
hdr_02088,chair,S3,False,15.313036918640137,0.15237903697755206,1.1658655405044556,4.4412207891113455
hdr_02088,bottle,S3,False,7.947318077087402,0.6654722392007244,1.325102686882019,4.4412207891113455
hdr_02088,bottle,S3,True,6.669558048248291,0.9117909127263446,1.4015865325927734,4.4412207891113455
hdr_02088,bottle,S3,False,8.296160697937012,0.6406028765827261,1.2598373889923096,4.4412207891113455
hdr_02088,bottle,S3,False,6.9886908531188965,0.6255264916110846,0.6677622199058533,4.4412207891113455
hdr_02088,bottle,S3,False,9.724162101745605,491.57495728732664,1.6009589433670044,4.4412207891113455
hdr_02090,person,S3,False,75.67755889892578,0.922218929006103,4.245811939239502,4.830289604184759
hdr_02090,person,S3,False,45.37478256225586,15.077085949977576,3.250399589538574,4.830289604184759
hdr_02090,chair,S3,False,21.313865661621094,0.16777781686414187,1.2834835052490234,4.830289604184759
hdr_02090,diningtable,S3,False,39.28213882446289,302.0974730007141,3.6841609477996826,4.830289604184759
hdr_02090,bottle,S3,False,6.77653169631958,500.11375367856084,2.8178935050964355,4.830289604184759
hdr_02090,bottle,S3,False,8.838472366333008,126.47829446827573,3.168367862701416,4.830289604184759
hdr_02090,bottle,S3,False,8.359580039978027,2.3302058079416113,1.228795051574707,4.830289604184759
hdr_02090,bottle,S3,False,7.317315578460693,1.9898937351506112,1.1770697832107544,4.830289604184759
hdr_02090,bottle,S3,False,7.43314266204834,2.200401968220456,1.0421751737594604,4.830289604184759
hdr_02090,bottle,S3,False,7.290403366088867,2.9969904428268093,1.2103773355484009,4.830289604184759
hdr_02090,bottle,S3,False,10.043063163757324,0.44926319375626483,1.4193888902664185,4.830289604184759
hdr_02090,bottle,S3,False,10.363869667053223,0.5315201177473764,1.4952969551086426,4.830289604184759
hdr_02092,person,S3,False,12.725485801696777,1.9428848328134243,1.4742461442947388,3.8322633663050936
hdr_02092,person,S3,False,12.398920059204102,1.7547241755531322,1.5585403442382812,3.8322633663050936
hdr_02092,person,S3,False,29.750431060791016,0.8135631560016492,1.1793705224990845,3.8322633663050936
hdr_02093,person,S3,True,35.416996002197266,1.0202039243800047,2.63344669342041,5.279844588901641
hdr_02093,person,S3,False,8.457441329956055,0.10334143172235515,2.0633609294891357,5.279844588901641
hdr_02093,person,S3,True,7.545278072357178,0.1105271071728059,2.167071580886841,5.279844588901641
hdr_02099,car,S3,False,82.03848266601562,0.7312482109915898,2.6040937900543213,3.155523242221739
hdr_02099,car,S3,False,12.18464183807373,1.1304343285746716,1.9148647785186768,3.155523242221739
hdr_02099,car,S3,False,14.77054214477539,1.155153018326538,2.0453834533691406,3.155523242221739
hdr_02099,car,S3,False,11.785123825073242,1.7048534546400205,2.180773973464966,3.155523242221739
hdr_02099,car,S3,False,12.425637245178223,2.0250840312787832,2.1371729373931885,3.155523242221739
hdr_02100,person,S3,False,8.931169509887695,0.3169675077785874,0.8759793043136597,4.230186898371819
hdr_02100,person,S3,False,9.914920806884766,0.3804480720624786,1.0375622510910034,4.230186898371819
hdr_02100,person,S3,False,9.268061637878418,0.17620725465702794,1.0033732652664185,4.230186898371819
hdr_02100,person,S3,False,6.987712383270264,0.9281978541113417,0.42879265546798706,4.230186898371819
hdr_02100,person,S3,True,6.894972801208496,0.3023721983821543,0.34445852041244507,4.230186898371819
hdr_02100,person,S3,True,8.374773025512695,0.5033910355763438,0.545431911945343,4.230186898371819
hdr_02100,person,S3,True,5.539388179779053,0.38177614558162737,0.43849536776542664,4.230186898371819
hdr_02100,person,S3,True,6.6552653312683105,0.418064578207649,0.5145547389984131,4.230186898371819
hdr_02100,person,S3,True,6.85028076171875,0.6335068439953324,0.5995762348175049,4.230186898371819
hdr_02100,person,S3,True,6.972253322601318,0.4919334141617852,0.36605075001716614,4.230186898371819
hdr_02100,person,S3,False,9.616385459899902,0.2007233434850269,1.1294013261795044,4.230186898371819
hdr_02100,person,S3,False,63.43828582763672,0.3987671908272474,1.3735822439193726,4.230186898371819
hdr_02118,person,S3,False,9.160407066345215,0.10650512005382848,1.327999472618103,3.5468308782530675
hdr_02118,car,S3,False,4.710964679718018,0.1388071619859702,1.2908042669296265,3.5468308782530675
hdr_02118,car,S3,False,3.819086790084839,0.10794517433145195,1.4470951557159424,3.5468308782530675
hdr_02118,car,S3,False,2.7950823307037354,0.183762923217979,2.0205485820770264,3.5468308782530675
hdr_02118,car,S3,False,3.854206085205078,0.13546698060853302,3.185289144515991,3.5468308782530675
hdr_02118,car,S3,False,4.347932815551758,0.12542881611468437,2.21911358833313,3.5468308782530675
hdr_02118,car,S3,False,2.541985511779785,0.11649339258035943,1.0469465255737305,3.5468308782530675
hdr_02118,car,S3,True,3.418689489364624,0.09309061573230525,1.633420467376709,3.5468308782530675
hdr_02118,car,S3,False,4.323635101318359,0.18988101073503252,1.682679533958435,3.5468308782530675
hdr_02118,car,S3,False,5.851478576660156,0.19526759412533692,1.7121762037277222,3.5468308782530675
hdr_02124,person,S3,False,51.9365234375,7.4325423937128585,4.001716613769531,4.909526328055539
hdr_02124,person,S3,False,37.409690856933594,1.8780300267431536,3.621760845184326,4.909526328055539
hdr_02124,person,S3,False,72.22219848632812,0.5582060343687575,4.4980974197387695,4.909526328055539
hdr_02124,diningtable,S3,False,33.99974060058594,141.80425633884826,3.926438808441162,4.909526328055539
hdr_02124,bottle,S3,False,9.471611976623535,241.80275352409996,3.247922897338867,4.909526328055539
hdr_02124,bottle,S3,False,10.760917663574219,112.36953168600321,3.697031021118164,4.909526328055539
hdr_02124,bottle,S3,False,6.856726169586182,0.6391722500323185,1.8721675872802734,4.909526328055539
hdr_02124,bottle,S3,False,7.100630760192871,0.6782370872645848,1.8666982650756836,4.909526328055539
hdr_02124,bottle,S3,False,7.288722515106201,0.3700826912872417,1.2430986166000366,4.909526328055539
hdr_02128,person,S3,False,37.44504928588867,0.6230874687937167,2.3015313148498535,4.952922161221487
hdr_02128,person,S3,False,31.614606857299805,1.0696487897752425,4.020554542541504,4.952922161221487
hdr_02128,person,S3,False,19.560285568237305,0.33551108549669434,1.5922435522079468,4.952922161221487
hdr_02128,chair,S3,False,19.353973388671875,0.6009124120134625,0.7523584365844727,4.952922161221487
hdr_02128,chair,S3,True,17.801511764526367,0.31234439185362217,1.6600894927978516,4.952922161221487
hdr_02128,chair,S3,False,24.088891983032227,0.48820939198793983,1.6640331745147705,4.952922161221487
hdr_02128,chair,S3,False,21.257431030273438,0.6134163145624958,3.064070701599121,4.952922161221487
hdr_02128,diningtable,S3,False,33.57581329345703,0.5550491365631427,3.944915771484375,4.952922161221487
hdr_02128,diningtable,S3,False,35.160797119140625,0.7517687040737984,1.6452916860580444,4.952922161221487
hdr_02128,diningtable,S3,False,19.508377075195312,0.45389452947843884,1.6178793907165527,4.952922161221487
hdr_02128,chair,S3,False,23.586889266967773,0.5016867590094987,1.4013599157333374,4.952922161221487
hdr_02128,bottle,S3,False,6.093446254730225,70.97389248310927,3.1261348724365234,4.952922161221487
hdr_02128,bottle,S3,False,3.0684475898742676,0.4320506108970682,0.6827666759490967,4.952922161221487
hdr_02128,bottle,S3,False,2.294987678527832,0.4399383312598749,0.5609949827194214,4.952922161221487
hdr_02128,bottle,S3,False,3.7134549617767334,1.0050094846332687,1.5558247566223145,4.952922161221487
hdr_02128,bottle,S3,True,3.871899366378784,2.40967340038381,1.3911582231521606,4.952922161221487
hdr_02128,bottle,S3,False,4.650767803192139,1.5447538566665695,1.7513947486877441,4.952922161221487
hdr_02143,person,S3,True,4.862201690673828,0.8849680018227537,0.35241544246673584,3.9619107169945247
hdr_02143,person,S3,False,39.19499588012695,0.7046871725612337,1.0135406255722046,3.9619107169945247
hdr_02146,person,S3,False,4.949929714202881,0.1116328666492729,1.8569355010986328,3.4990753663324217
hdr_02146,car,S3,False,4.91121768951416,0.13320938252626435,1.258750557899475,3.4990753663324217
hdr_02146,car,S3,False,4.164967060089111,0.1098373634553148,1.458269715309143,3.4990753663324217
hdr_02146,car,S3,False,2.953739881515503,0.1674773634099679,1.968783974647522,3.4990753663324217
hdr_02146,car,S3,False,4.069552421569824,0.1324337283855365,3.1527457237243652,3.4990753663324217
hdr_02146,car,S3,False,4.487712383270264,0.10939658784247211,2.1635117530822754,3.4990753663324217
hdr_02146,car,S3,False,3.2298736572265625,0.09778231340937679,1.6434292793273926,3.4990753663324217
hdr_02146,car,S3,True,4.840846538543701,0.18027222535061632,1.6132665872573853,3.4990753663324217
hdr_02146,car,S3,False,5.351768970489502,0.17915952655925613,1.6745688915252686,3.4990753663324217
hdr_02151,person,S3,False,10.206459045410156,0.451170581565343,2.290447235107422,3.056277845318337
hdr_02151,person,S3,False,6.993832588195801,0.04866826166317843,1.4417601823806763,3.056277845318337
hdr_02151,person,S3,False,6.114297389984131,0.047852260774575,1.5545306205749512,3.056277845318337
hdr_02151,person,S3,False,7.204861164093018,0.0976305710747975,1.5797033309936523,3.056277845318337
hdr_02151,car,S3,False,16.348085403442383,0.610857054669227,2.78173565864563,3.056277845318337
hdr_02151,car,S3,False,14.115426063537598,0.24414933832995192,2.6592702865600586,3.056277845318337
hdr_02151,car,S3,False,12.1973237991333,0.15973751850495177,2.1657190322875977,3.056277845318337
hdr_02151,person,S3,False,2.880159854888916,0.1507608527730573,1.2820351123809814,3.056277845318337
hdr_02151,person,S3,False,2.3837435245513916,0.12710165723426634,1.9684572219848633,3.056277845318337
hdr_02151,car,S3,True,4.620690822601318,0.7266552167008467,1.9052977561950684,3.056277845318337
hdr_02151,car,S3,True,5.73965311050415,0.4970653664984262,1.9415276050567627,3.056277845318337
hdr_02151,person,S3,False,4.611572742462158,0.05130350534016791,1.2592893838882446,3.056277845318337
hdr_02154,person,S3,False,16.47296142578125,0.43685360924462924,1.1630221605300903,4.077447393721802
hdr_02154,person,S3,False,15.80019760131836,0.42692816950845053,1.1431957483291626,4.077447393721802
hdr_02154,person,S3,False,17.2576904296875,0.3634671713083452,1.3794711828231812,4.077447393721802
hdr_02154,person,S3,False,10.458250045776367,0.9022504465725134,0.9001857042312622,4.077447393721802
hdr_02154,person,S3,True,6.593550682067871,1.1049826336690507,0.8546286225318909,4.077447393721802
hdr_02154,person,S3,False,7.099942684173584,1.332227502336598,0.8680688142776489,4.077447393721802
hdr_02154,person,S3,False,9.145942687988281,0.9457904163429894,0.9035604596138,4.077447393721802
hdr_02154,person,S3,False,7.508759021759033,1.5120856875039963,0.9851700067520142,4.077447393721802
hdr_02154,person,S3,True,8.156174659729004,0.7308546064652,0.9803745746612549,4.077447393721802
hdr_02154,person,S3,False,9.93811321258545,0.6546979224344698,0.8272003531455994,4.077447393721802
hdr_02154,person,S3,True,8.239158630371094,1.897907503370551,1.7478387355804443,4.077447393721802
hdr_02154,person,S3,False,6.335262775421143,1.904013778785731,1.0030559301376343,4.077447393721802
hdr_02154,person,S3,False,8.910599708557129,1.9418176895773445,1.1390174627304077,4.077447393721802
hdr_02154,person,S3,False,12.196953773498535,0.7151922574597677,0.9276841878890991,4.077447393721802
hdr_02154,person,S3,False,7.0373101234436035,2.6063408875399126,0.8518081903457642,4.077447393721802
hdr_02154,person,S3,True,4.451175689697266,1.8646198249626211,0.942473828792572,4.077447393721802
hdr_02154,person,S3,True,3.985752820968628,2.1951093337396586,0.9862945079803467,4.077447393721802
hdr_02154,person,S3,False,11.6491060256958,0.5234209087087422,1.0415061712265015,4.077447393721802
hdr_02154,person,S3,False,9.519664764404297,0.4759584643347396,1.1166985034942627,4.077447393721802
hdr_02154,person,S3,False,11.070565223693848,0.44847218972223396,1.31138014793396,4.077447393721802
hdr_02154,person,S3,False,17.939754486083984,0.3559490312131399,1.1828293800354004,4.077447393721802
hdr_02154,person,S3,False,11.516886711120605,0.6532892463434112,1.3771462440490723,4.077447393721802
hdr_02154,person,S3,False,13.404732704162598,0.8577816195787186,0.9545341730117798,4.077447393721802
hdr_02154,person,S3,True,8.936421394348145,0.9576972877777219,0.8820476531982422,4.077447393721802
hdr_02154,person,S3,False,7.834905624389648,1.5486668807131012,1.2221111059188843,4.077447393721802
hdr_02154,person,S3,True,12.147871017456055,0.7271848381659304,0.9779618382453918,4.077447393721802
hdr_02154,person,S3,False,6.535360336303711,1.470848474170899,0.9395929574966431,4.077447393721802
hdr_02154,person,S3,False,6.9410786628723145,1.6899405885097878,0.852912962436676,4.077447393721802
hdr_02154,person,S3,True,3.4549453258514404,1.4454632246004655,0.9998922944068909,4.077447393721802
hdr_02154,person,S3,False,10.017391204833984,4.593918995215246,2.1411736011505127,4.077447393721802
hdr_02154,person,S3,False,7.795168399810791,7.242218482456129,1.1902724504470825,4.077447393721802
hdr_02154,person,S3,False,10.183831214904785,3.5493954095202596,0.6448802351951599,4.077447393721802
hdr_02154,person,S3,False,8.225520133972168,0.3882141503966435,1.249988317489624,4.077447393721802
hdr_02154,person,S3,True,10.592391014099121,0.4722819787413798,1.1372145414352417,4.077447393721802
hdr_02154,person,S3,False,84.33421325683594,0.7254017792156378,1.77748703956604,4.077447393721802
hdr_02175,car,S3,False,20.523576736450195,0.2126567514179076,2.4103055000305176,3.366259375967481
hdr_02175,car,S3,False,12.816117286682129,0.31984212561635617,2.8595657348632812,3.366259375967481
hdr_02175,car,S3,False,10.176216125488281,0.42877483832544677,2.8548026084899902,3.366259375967481
hdr_02175,person,S3,False,7.046494007110596,0.19446171021529704,1.6344832181930542,3.366259375967481
hdr_02175,person,S3,False,5.031759738922119,0.5363114779912104,1.9928985834121704,3.366259375967481
hdr_02175,person,S3,False,3.746598243713379,0.33693482438192895,2.0105977058410645,3.366259375967481
hdr_02175,person,S3,False,5.97178840637207,0.19956825585284133,1.9058860540390015,3.366259375967481
hdr_02175,person,S3,True,3.658639669418335,0.12406813447181594,1.4437711238861084,3.366259375967481
hdr_02175,person,S3,False,2.478363037109375,0.4667229201418679,1.50880765914917,3.366259375967481
hdr_02175,person,S3,False,2.165149211883545,0.8365489104969214,2.133211612701416,3.366259375967481
hdr_02175,person,S3,False,5.885193347930908,1.055169206041868,1.8957011699676514,3.366259375967481
hdr_02175,car,S3,False,17.0477294921875,1.9518731884487595,3.011564254760742,3.366259375967481
hdr_02175,car,S3,False,14.297686576843262,0.6453911356916188,2.877683401107788,3.366259375967481
hdr_02175,car,S3,False,11.659160614013672,0.4270007883391595,2.336679458618164,3.366259375967481
hdr_02177,car,S3,True,49.05595779418945,1.4512155587862536,3.496988296508789,6.188373376709411
hdr_02181,person,S3,False,43.512298583984375,1.1693420816667752,3.302703619003296,6.091114116446267
hdr_02181,person,S3,False,52.08061218261719,0.5723666894772859,3.055830478668213,6.091114116446267
hdr_02181,person,S3,False,60.975669860839844,1.7591916832541803,3.6240289211273193,6.091114116446267
hdr_02190,person,S3,False,11.243688583374023,0.7233123015899369,1.363364577293396,4.103451374984135
hdr_02190,person,S3,False,11.416637420654297,0.7792859832567548,1.6599571704864502,4.103451374984135
hdr_02190,person,S3,False,9.646443367004395,3.186551883670429,2.1856696605682373,4.103451374984135
hdr_02190,person,S3,False,10.222090721130371,0.33553126242849124,1.3388668298721313,4.103451374984135
hdr_02190,person,S3,True,4.820359706878662,0.48245475199095667,0.6266723871231079,4.103451374984135
hdr_02190,person,S3,False,12.078468322753906,0.5332240548443722,0.9597719311714172,4.103451374984135
hdr_02190,person,S3,False,7.879997730255127,0.2589735090053296,0.30624625086784363,4.103451374984135
hdr_02190,person,S3,False,7.458893299102783,0.1978676982575701,0.9439060091972351,4.103451374984135
hdr_02190,person,S3,False,9.567485809326172,0.15873582890673057,1.0436738729476929,4.103451374984135
hdr_02190,person,S3,True,7.586239337921143,0.2544302306162269,0.39631831645965576,4.103451374984135
hdr_02190,person,S3,True,4.184125900268555,0.2487973340279146,0.6007623076438904,4.103451374984135
hdr_02190,person,S3,False,7.197709560394287,0.3278930207127378,0.5966123938560486,4.103451374984135
hdr_02190,person,S3,True,7.467336177825928,0.4274219155636131,0.6244064569473267,4.103451374984135
hdr_02190,person,S3,True,6.91973876953125,0.558568523122005,0.6998797655105591,4.103451374984135
hdr_02190,person,S3,True,4.6400251388549805,0.455964679657599,0.6916816234588623,4.103451374984135
hdr_02190,person,S3,False,6.666585922241211,0.9283493561718734,0.638388991355896,4.103451374984135
hdr_02190,person,S3,True,7.949425220489502,0.8897588986459847,0.8067006468772888,4.103451374984135
hdr_02190,person,S3,True,6.62513542175293,0.17405095825896222,0.6696937084197998,4.103451374984135
hdr_02190,person,S3,True,5.644853115081787,0.2837573808482008,0.39693373441696167,4.103451374984135
hdr_02190,person,S3,True,7.611090660095215,0.18287135932060902,0.5391297936439514,4.103451374984135
hdr_02190,person,S3,True,5.853466033935547,0.33285888317531853,0.5106532573699951,4.103451374984135
hdr_02190,person,S3,True,6.282439231872559,0.5108387511409309,0.5132613182067871,4.103451374984135
hdr_02190,person,S3,True,6.5353593826293945,0.5606808593426221,0.5392509698867798,4.103451374984135
hdr_02190,person,S3,True,6.358891010284424,1.3512384772437322,0.8638161420822144,4.103451374984135
hdr_02190,person,S3,True,4.06107234954834,0.6495962992395762,0.4310164451599121,4.103451374984135
hdr_02190,person,S3,True,4.235500335693359,0.4748720042186465,0.5324355959892273,4.103451374984135
hdr_02190,person,S3,True,4.789886474609375,0.4195768551456198,0.4998173117637634,4.103451374984135
hdr_02190,person,S3,False,61.03402328491211,0.4753961068523737,2.777294158935547,4.103451374984135
hdr_02193,person,S3,False,53.70393371582031,16.541411528095566,4.1685638427734375,5.838726191107674
hdr_02193,person,S3,False,81.49274444580078,0.8248182349708136,4.590183258056641,5.838726191107674
hdr_02193,bottle,S3,False,7.117678165435791,0.6978915737033878,1.1207462549209595,5.838726191107674
hdr_02193,bottle,S3,False,6.73313570022583,195.26453304784616,3.8014371395111084,5.838726191107674
hdr_02193,diningtable,S3,False,19.523868560791016,164.0500745450912,4.008988380432129,5.838726191107674
hdr_02196,person,S3,False,48.51813888549805,1.2170735191055102,4.194513320922852,4.956559773218789
hdr_02196,person,S3,False,22.914005279541016,113.78927954332322,3.586540460586548,4.956559773218789
hdr_02196,person,S3,False,49.611907958984375,0.8579297711417312,4.266017913818359,4.956559773218789
hdr_02196,person,S3,False,9.181059837341309,0.8917815182656633,1.004026174545288,4.956559773218789
hdr_02196,bottle,S3,False,4.114318370819092,1.5881494558942224,1.2607966661453247,4.956559773218789
hdr_02196,bottle,S3,False,5.149652481079102,0.8073281508895208,1.5176587104797363,4.956559773218789
hdr_02196,bottle,S3,False,4.890052318572998,0.6325515409421637,1.807072401046753,4.956559773218789
hdr_02196,bottle,S3,False,4.722640037536621,0.7898626820740237,1.810506820678711,4.956559773218789
hdr_02196,bottle,S3,False,5.139275550842285,0.7662045073687245,1.6684025526046753,4.956559773218789
hdr_02196,chair,S3,False,32.122318267822266,0.7981234526176338,3.1224613189697266,4.956559773218789
hdr_02196,chair,S3,False,34.61484146118164,0.5356696153423037,2.7786991596221924,4.956559773218789
hdr_02196,diningtable,S3,False,42.92787551879883,1.5653311809875274,4.293707370758057,4.956559773218789
hdr_02196,bottle,S3,False,4.642206192016602,2.268156791319126,1.7309869527816772,4.956559773218789
hdr_02196,bottle,S3,False,5.568859100341797,1.4971002942534548,2.0317249298095703,4.956559773218789
hdr_02196,bottle,S3,False,2.805874824523926,1.577724533830465,2.3033316135406494,4.956559773218789
hdr_02196,bottle,S3,False,3.962529420852661,0.4542826101618717,1.9959546327590942,4.956559773218789
hdr_02196,bottle,S3,False,2.9729316234588623,0.42306176379063587,1.9152950048446655,4.956559773218789
hdr_02196,bottle,S3,False,3.890765428543091,0.5157611048623766,2.0895590782165527,4.956559773218789
hdr_02196,bottle,S3,False,3.1273856163024902,1.1407989704993733,1.2915147542953491,4.956559773218789
hdr_02196,bottle,S3,False,2.916926622390747,1.6245467373400126,0.6730199456214905,4.956559773218789
hdr_02196,bottle,S3,False,2.732534170150757,1.282111992498554,0.6791338920593262,4.956559773218789
hdr_02196,bottle,S3,False,2.0946335792541504,0.7670242898068829,1.4724187850952148,4.956559773218789
hdr_02196,bottle,S3,False,5.5316081047058105,1.1084738663311515,1.7948483228683472,4.956559773218789
hdr_02196,bottle,S3,False,5.240224838256836,1.5295080913611925,1.7713229656219482,4.956559773218789
hdr_02196,bottle,S3,False,5.149454116821289,1.3473279221868968,1.9381126165390015,4.956559773218789
hdr_02196,bottle,S3,True,2.9136133193969727,615.0704381846983,2.568838357925415,4.956559773218789
hdr_02203,person,S3,False,67.1863784790039,1.9915587420237568,3.734600782394409,6.261454922273945
hdr_02203,person,S3,False,45.9580078125,1.4582910830238462,3.8296689987182617,6.261454922273945
hdr_02203,person,S3,False,54.69337844848633,0.3938673928101927,3.1038992404937744,6.261454922273945
hdr_02203,person,S3,False,18.97722053527832,1.218281697362924,2.3621785640716553,6.261454922273945
hdr_02205,person,S3,False,12.067105293273926,1.0877574162514427,1.4879546165466309,3.7969734854156174
hdr_02205,person,S3,False,11.793665885925293,1.3122324217359946,1.3779296875,3.7969734854156174
hdr_02205,person,S3,True,6.409709930419922,0.3605427028312027,0.45955905318260193,3.7969734854156174
hdr_02205,person,S3,True,5.392493724822998,0.4817673500772973,0.3619482219219208,3.7969734854156174
hdr_02205,person,S3,True,4.329270362854004,0.4479555920051008,1.3392114639282227,3.7969734854156174
hdr_02205,person,S3,True,5.513881683349609,1.0576386050821802,1.0603560209274292,3.7969734854156174
hdr_02205,person,S3,True,4.959172248840332,0.7828917199041175,1.2480534315109253,3.7969734854156174
hdr_02205,person,S3,True,3.816866159439087,0.6816935287423538,0.483064204454422,3.7969734854156174
hdr_02205,person,S3,False,42.2187385559082,0.6773217080398761,1.0750946998596191,3.7969734854156174
hdr_02219,person,S3,False,35.38056182861328,1.450362697647723,3.117042064666748,4.709933828576904
hdr_02219,person,S3,False,51.454097747802734,4.978126686571127,4.050346374511719,4.709933828576904
hdr_02219,person,S3,False,59.83743667602539,0.27269014406212494,3.953500509262085,4.709933828576904
hdr_02219,bottle,S3,False,7.834041118621826,0.39646128205050846,1.4733364582061768,4.709933828576904
hdr_02219,bottle,S3,True,6.552857875823975,0.22479258891030623,2.5067219734191895,4.709933828576904
hdr_02219,diningtable,S3,False,35.86024475097656,166.31446195752196,3.75679612159729,4.709933828576904
hdr_02219,bottle,S3,False,7.533689022064209,136.26766275339276,3.155269145965576,4.709933828576904
hdr_02219,bottle,S3,False,9.702166557312012,287.901414532362,3.0914385318756104,4.709933828576904
hdr_02225,person,S3,False,26.168319702148438,0.6578347189009592,2.3143694400787354,5.191842241790681
hdr_02225,person,S3,False,19.600948333740234,0.4013128030804676,1.3845367431640625,5.191842241790681
hdr_02225,person,S3,False,33.633934020996094,1.1693120343978818,3.989466428756714,5.191842241790681
hdr_02225,diningtable,S3,False,35.993927001953125,0.8126133003336359,1.6373302936553955,5.191842241790681
hdr_02225,diningtable,S3,False,33.40217971801758,0.6068383134349726,3.9456820487976074,5.191842241790681
hdr_02225,diningtable,S3,True,19.288326263427734,0.4182823543254863,1.653950810432434,5.191842241790681
hdr_02225,chair,S3,False,25.083059310913086,0.6064841191612064,1.5659713745117188,5.191842241790681
hdr_02225,chair,S3,False,21.109254837036133,0.6697066017722197,2.953819751739502,5.191842241790681
hdr_02225,chair,S3,False,24.67533302307129,0.4211124223515047,1.5274744033813477,5.191842241790681
hdr_02225,chair,S3,False,19.395030975341797,0.6703665160378158,0.9850046038627625,5.191842241790681
hdr_02225,chair,S3,True,18.92835807800293,0.3716518215838314,1.6484090089797974,5.191842241790681
hdr_02225,bottle,S3,False,6.569314002990723,72.96762210140395,3.1542484760284424,5.191842241790681
hdr_02225,bottle,S3,False,4.075232982635498,0.6657367572909968,0.963007390499115,5.191842241790681
hdr_02225,bottle,S3,False,4.1739397048950195,0.46231649164130734,0.8370352983474731,5.191842241790681
hdr_02225,bottle,S3,False,3.770726442337036,0.4478683002898098,0.6366806626319885,5.191842241790681
hdr_02225,bottle,S3,True,2.7410011291503906,0.4765085661360526,0.5116187930107117,5.191842241790681
hdr_02225,bottle,S3,False,3.5602622032165527,0.3881805888788576,0.9504184126853943,5.191842241790681
hdr_02225,bottle,S3,False,3.1548571586608887,0.47732512537574207,0.8523380756378174,5.191842241790681
hdr_02225,bottle,S3,False,4.308602809906006,0.6263960925213347,1.4454874992370605,5.191842241790681
hdr_02225,bottle,S3,False,4.370031356811523,0.4551724781354427,1.0814580917358398,5.191842241790681
hdr_02225,bottle,S3,False,3.957374095916748,0.5722319923354856,1.005719542503357,5.191842241790681
hdr_02234,person,S3,False,45.240516662597656,1.0381582810030723,3.322211503982544,7.52773146681788
hdr_02235,person,S3,False,13.526556015014648,1.7233262865669392,2.0633323192596436,3.632373933930119
hdr_02235,person,S3,False,14.383490562438965,1.813221657728915,1.7518428564071655,3.632373933930119
hdr_02235,person,S3,False,5.515652179718018,0.48861111873748164,0.6119322776794434,3.632373933930119
hdr_02235,person,S3,True,4.76068639755249,0.70002483713797,0.6242714524269104,3.632373933930119
hdr_02235,person,S3,False,37.7945556640625,0.4891068399179417,1.9419026374816895,3.632373933930119
hdr_02236,person,S3,False,9.508739471435547,0.22600441577497543,0.5567752122879028,4.2362955084298415
hdr_02236,person,S3,False,10.99569320678711,0.27645066513475725,0.6159899830818176,4.2362955084298415
hdr_02236,person,S3,False,10.917593955993652,0.29710278789053307,0.5662509799003601,4.2362955084298415
hdr_02236,person,S3,True,3.587167263031006,0.7682370814357498,0.6490705013275146,4.2362955084298415
hdr_02236,person,S3,False,5.208366394042969,0.8007256267216678,0.969818651676178,4.2362955084298415
hdr_02236,person,S3,True,3.7112088203430176,1.300750820171371,1.265252709388733,4.2362955084298415
hdr_02236,person,S3,False,9.634870529174805,0.27427821458728424,1.2148499488830566,4.2362955084298415
hdr_02236,person,S3,False,9.390510559082031,0.24587348250993205,1.1158136129379272,4.2362955084298415
hdr_02236,person,S3,False,7.722421646118164,0.30030758156725407,0.7921151518821716,4.2362955084298415
hdr_02236,person,S3,True,6.207674980163574,0.33345212552428677,0.6564816236495972,4.2362955084298415
hdr_02236,person,S3,False,5.548333168029785,0.9556926122285129,1.2240676879882812,4.2362955084298415
hdr_02236,person,S3,True,6.113271713256836,0.6010512036101383,0.9139695167541504,4.2362955084298415
hdr_02236,person,S3,False,10.693489074707031,0.20258253623288713,0.7040475010871887,4.2362955084298415
hdr_02236,person,S3,True,9.325051307678223,0.23280166387508477,0.7074949145317078,4.2362955084298415
hdr_02236,person,S3,True,6.928593635559082,0.32356355809028114,0.5396395325660706,4.2362955084298415
hdr_02236,person,S3,False,7.189762592315674,0.28482876759734777,0.5367045402526855,4.2362955084298415
hdr_02236,person,S3,False,7.136388778686523,0.5231471048296673,0.719485342502594,4.2362955084298415
hdr_02236,person,S3,True,3.298283338546753,0.9283862349635249,1.4676554203033447,4.2362955084298415
hdr_02236,person,S3,False,10.40307903289795,0.17272135975415623,1.2421832084655762,4.2362955084298415
hdr_02236,person,S3,False,8.866398811340332,0.17474328982156948,0.8862671852111816,4.2362955084298415
hdr_02236,person,S3,False,9.24869441986084,0.17260317894270566,1.4604463577270508,4.2362955084298415
hdr_02236,person,S3,True,9.464803695678711,0.18716916294071234,0.6811017990112305,4.2362955084298415
hdr_02236,person,S3,False,7.131100654602051,0.3585075995625753,1.1438952684402466,4.2362955084298415
hdr_02236,person,S3,True,4.8622002601623535,0.6464931271715508,0.7699780464172363,4.2362955084298415
hdr_02236,person,S3,True,6.174137115478516,0.4198311900444346,1.123286247253418,4.2362955084298415
hdr_02236,person,S3,True,3.610304832458496,1.867868938691325,1.200224757194519,4.2362955084298415
hdr_02236,person,S3,True,9.122325897216797,0.3633014147090987,0.615893542766571,4.2362955084298415
hdr_02236,person,S3,False,8.454865455627441,0.6755629074902064,1.4208096265792847,4.2362955084298415
hdr_02236,person,S3,False,68.12069702148438,0.40947066070513977,1.8598734140396118,4.2362955084298415
hdr_02238,person,S3,False,15.020349502563477,2.3401250995062695,1.9024566411972046,4.4018625982333495
hdr_02238,person,S3,False,11.658978462219238,3.6996670655536446,1.934616208076477,4.4018625982333495
hdr_02238,person,S3,False,13.34713363647461,0.39627232017420017,1.2489633560180664,4.4018625982333495
hdr_02238,person,S3,False,12.008366584777832,0.3604071405250897,1.155312180519104,4.4018625982333495
hdr_02238,person,S3,False,11.239924430847168,0.35274860536080654,0.9506128430366516,4.4018625982333495
hdr_02238,person,S3,True,8.020223617553711,0.522339308363767,0.8106499314308167,4.4018625982333495
hdr_02238,person,S3,False,7.735414981842041,0.5209101931998906,0.869054913520813,4.4018625982333495
hdr_02238,person,S3,False,12.501809120178223,0.32306287710247394,1.0459048748016357,4.4018625982333495
hdr_02238,person,S3,False,7.157460689544678,0.6672983526347054,0.8914749622344971,4.4018625982333495
hdr_02238,person,S3,False,8.557046890258789,0.5377623923013779,0.9821701645851135,4.4018625982333495
hdr_02238,person,S3,False,7.440928936004639,0.8381760005185186,0.814246654510498,4.4018625982333495
hdr_02238,person,S3,False,11.303589820861816,0.21300887825190282,0.9323662519454956,4.4018625982333495
hdr_02238,person,S3,False,10.922540664672852,0.18153494605027767,1.3444792032241821,4.4018625982333495
hdr_02238,person,S3,False,10.185287475585938,0.31440033703708686,1.8547446727752686,4.4018625982333495
hdr_02238,person,S3,False,11.490418434143066,0.30508350769555376,1.112464189529419,4.4018625982333495
hdr_02238,person,S3,False,10.849308967590332,0.43335717346687946,1.6601040363311768,4.4018625982333495
hdr_02238,person,S3,True,4.082432270050049,0.8027722817334931,0.6917749643325806,4.4018625982333495
hdr_02238,person,S3,False,6.292745590209961,0.6814652184001012,0.8832967877388,4.4018625982333495
hdr_02238,person,S3,False,65.46257019042969,0.521221123358125,1.8194684982299805,4.4018625982333495
hdr_02244,car,S3,False,81.00223541259766,0.7452620913445964,2.6276192665100098,3.4558687809486304
hdr_02244,car,S3,False,14.202133178710938,1.9679855994367168,2.4097368717193604,3.4558687809486304
hdr_02244,car,S3,False,16.67207145690918,2.120553822183331,2.708127021789551,3.4558687809486304
hdr_02244,car,S3,False,14.11757755279541,1.2290802701822943,2.477041721343994,3.4558687809486304
hdr_02244,car,S3,False,12.663045883178711,1.206140691192691,2.0701870918273926,3.4558687809486304
hdr_02247,person,S3,False,19.433212280273438,0.41786078222531453,1.3829408884048462,4.950512101932362
hdr_02247,person,S3,False,33.462127685546875,1.2129635939506722,2.7752490043640137,4.950512101932362
hdr_02247,person,S3,False,29.936290740966797,1.3597094314836038,4.010079383850098,4.950512101932362
hdr_02247,chair,S3,False,24.403545379638672,0.6269782192750243,1.5369094610214233,4.950512101932362
hdr_02247,chair,S3,False,23.738422393798828,0.6106807995558553,1.3731367588043213,4.950512101932362
hdr_02247,chair,S3,False,19.83432388305664,0.7197044753619597,0.7511013150215149,4.950512101932362
hdr_02247,chair,S3,True,17.90059471130371,0.3861503007428623,1.4340364933013916,4.950512101932362
hdr_02247,chair,S3,False,21.237775802612305,0.7317689780143585,3.283243179321289,4.950512101932362
hdr_02247,diningtable,S3,False,33.15800094604492,0.6310378706468136,3.971684217453003,4.950512101932362
hdr_02247,diningtable,S3,False,34.338111877441406,0.9468000054009018,1.4751005172729492,4.950512101932362
hdr_02247,diningtable,S3,False,19.724729537963867,0.5375720087145139,1.6127443313598633,4.950512101932362
hdr_02247,bottle,S3,False,4.315117835998535,1.583019247066635,2.1808359622955322,4.950512101932362
hdr_02247,bottle,S3,True,4.183985710144043,3.043679475540666,1.5248042345046997,4.950512101932362
hdr_02247,bottle,S3,False,4.648388385772705,1.7313226093662757,1.7389410734176636,4.950512101932362
hdr_02247,bottle,S3,False,4.001709938049316,0.7495358798585281,0.9994990825653076,4.950512101932362
hdr_02247,bottle,S3,False,4.073153972625732,0.5029002842621693,0.8891183733940125,4.950512101932362
hdr_02247,bottle,S3,False,4.550370216369629,0.652699616933098,1.4242013692855835,4.950512101932362
hdr_02247,bottle,S3,False,4.347589015960693,0.5009034596747227,1.0769041776657104,4.950512101932362
hdr_02247,bottle,S3,False,3.8298346996307373,0.5896208964067324,1.0130889415740967,4.950512101932362
hdr_02247,bottle,S3,False,3.903028726577759,0.5078779300885033,0.8761324882507324,4.950512101932362
hdr_02247,bottle,S3,False,3.34369158744812,0.5020233922587604,0.667273759841919,4.950512101932362
hdr_02247,bottle,S3,False,2.515364170074463,0.6663761299202811,0.9587694406509399,4.950512101932362
hdr_02249,person,S3,False,12.100547790527344,2.2820382160147585,1.486716628074646,3.843329918577
hdr_02249,person,S3,False,12.856351852416992,2.1077498543985214,1.289425015449524,3.843329918577
hdr_02249,person,S3,True,5.31048059463501,0.6353532052675009,0.6710914373397827,3.843329918577
hdr_02249,person,S3,False,6.515651702880859,0.7647012866957973,0.5417056083679199,3.843329918577
hdr_02249,person,S3,True,5.746824264526367,0.6174547552479009,0.6600600481033325,3.843329918577
hdr_02249,person,S3,True,4.1524457931518555,0.5759585718274051,0.5378420948982239,3.843329918577
hdr_02249,person,S3,False,5.767287731170654,0.7627038628958879,0.3872999846935272,3.843329918577
hdr_02249,person,S3,True,7.395216941833496,0.516621714862918,1.5991517305374146,3.843329918577
hdr_02249,person,S3,True,5.154983043670654,0.6442521510580532,0.6960405707359314,3.843329918577
hdr_02249,person,S3,True,5.989668846130371,0.40624942729291685,0.8338000178337097,3.843329918577
hdr_02249,person,S3,True,9.269845962524414,0.5670980048491778,1.3980144262313843,3.843329918577
hdr_02251,person,S3,False,77.9812240600586,0.6983422301054806,3.1809089183807373,5.029057517263536
hdr_02251,person,S3,False,40.21812057495117,14.330246548745524,2.7387197017669678,5.029057517263536
hdr_02251,bottle,S3,False,9.673311233520508,9.160376879709267,2.5352325439453125,5.029057517263536
hdr_02257,person,S3,False,19.802669525146484,0.3957729624836272,1.6213319301605225,5.194696705078402
hdr_02257,person,S3,False,32.5462532043457,1.1849271133547883,3.995903491973877,5.194696705078402
hdr_02257,person,S3,False,28.0579776763916,0.783083204817379,2.3329224586486816,5.194696705078402
hdr_02257,chair,S3,False,24.905851364135742,0.4481880765220294,1.5338085889816284,5.194696705078402
hdr_02257,chair,S3,False,24.894363403320312,0.6042467139029037,1.5736963748931885,5.194696705078402
hdr_02257,chair,S3,False,21.066089630126953,0.6526356957011218,3.097965955734253,5.194696705078402
hdr_02257,diningtable,S3,False,34.35354232788086,0.9998851273814908,1.6200395822525024,5.194696705078402
hdr_02257,diningtable,S3,False,32.46064376831055,0.5902367519045649,3.95095157623291,5.194696705078402
hdr_02257,diningtable,S3,True,18.983440399169922,0.4009312052936101,1.6667895317077637,5.194696705078402
hdr_02257,chair,S3,False,20.011138916015625,0.6621034107173343,0.7520713806152344,5.194696705078402
hdr_02257,chair,S3,False,18.489810943603516,0.3672964526223532,1.6242694854736328,5.194696705078402
hdr_02257,bottle,S3,False,6.1742472648620605,75.80731108310887,3.1196608543395996,5.194696705078402
hdr_02257,bottle,S3,False,4.259367942810059,0.5765546047523034,1.464938759803772,5.194696705078402
hdr_02257,bottle,S3,False,4.259367942810059,0.47461911669015444,1.0719906091690063,5.194696705078402
hdr_02257,bottle,S3,False,3.382930278778076,0.6320463872998732,0.9896806478500366,5.194696705078402
hdr_02257,bottle,S3,False,4.124881744384766,0.6967397226953751,0.9405542016029358,5.194696705078402
hdr_02257,bottle,S3,False,3.943943500518799,0.4586951107677495,0.8958082795143127,5.194696705078402
hdr_02257,bottle,S3,False,3.18841814994812,0.4390543603590897,0.6683590412139893,5.194696705078402
hdr_02257,bottle,S3,False,3.7064709663391113,0.3729803985086673,0.9394292831420898,5.194696705078402
hdr_02257,bottle,S3,False,2.816366672515869,0.47034484335316357,0.878070056438446,5.194696705078402
hdr_02260,person,S3,False,59.46318054199219,0.24739711245682916,3.9510560035705566,4.714490392086367
hdr_02260,person,S3,False,34.78049850463867,1.6602017991012186,3.158754348754883,4.714490392086367
hdr_02260,person,S3,False,51.31222152709961,4.304464860972382,4.046295166015625,4.714490392086367
hdr_02260,diningtable,S3,False,36.12739562988281,154.49794864074786,3.827646493911743,4.714490392086367
hdr_02260,bottle,S3,False,6.588349342346191,66.72391499193631,3.1180837154388428,4.714490392086367
hdr_02260,bottle,S3,False,11.194724082946777,296.34717327786365,3.1782608032226562,4.714490392086367
hdr_02260,bottle,S3,False,7.776479244232178,0.38270905696811996,1.49989652633667,4.714490392086367
hdr_02273,person,S3,False,57.414859771728516,1.2392451637501736,4.1099162101745605,6.481801022005311
hdr_02273,person,S3,False,52.94075012207031,3.8183763557451447,4.126275062561035,6.481801022005311
hdr_02289,person,S3,False,33.541053771972656,1.2804509769128904,3.0174126625061035,4.957786342512615
hdr_02289,person,S3,False,29.21377944946289,1.314743842533662,4.01580810546875,4.957786342512615
hdr_02289,person,S3,False,20.34077262878418,0.4434319931230569,1.387786865234375,4.957786342512615
hdr_02289,chair,S3,False,19.282493591308594,0.7308978081508718,0.759874165058136,4.957786342512615
hdr_02289,chair,S3,True,18.96621322631836,0.3966677693990793,1.4601354598999023,4.957786342512615
hdr_02289,chair,S3,False,24.518957138061523,0.652247664929355,1.5363351106643677,4.957786342512615
hdr_02289,chair,S3,False,26.25008201599121,0.5766426434645777,1.4971944093704224,4.957786342512615
hdr_02289,chair,S3,False,21.405677795410156,0.7621675719019503,2.849607229232788,4.957786342512615
hdr_02289,bottle,S3,False,6.053578853607178,82.89693088498929,3.1183321475982666,4.957786342512615
hdr_02289,bottle,S3,False,4.126464366912842,1.7735293523088875,2.0863051414489746,4.957786342512615
hdr_02289,bottle,S3,True,4.308600902557373,3.061010408788574,1.546178936958313,4.957786342512615
hdr_02289,bottle,S3,False,4.509927749633789,1.746417536846611,1.7222925424575806,4.957786342512615
hdr_02289,bottle,S3,False,3.5763959884643555,0.7798239114956164,1.0128352642059326,4.957786342512615
hdr_02289,bottle,S3,False,4.500714302062988,0.5205482045409259,0.8370499014854431,4.957786342512615
hdr_02289,diningtable,S3,False,35.22423553466797,0.9032880143468589,1.4789141416549683,4.957786342512615
hdr_02289,diningtable,S3,False,32.28438949584961,0.6162159100863436,3.9718410968780518,4.957786342512615
hdr_02289,diningtable,S3,False,20.24603271484375,0.5318300876527875,1.5805368423461914,4.957786342512615
hdr_02299,car,S3,False,17.24758529663086,0.27891083713804293,2.2870771884918213,3.5478794169197703
hdr_02299,person,S3,False,11.800260543823242,0.21777880693180393,1.2338875532150269,3.5478794169197703
hdr_02299,car,S3,False,4.096614837646484,0.17709379787739699,3.6346383094787598,3.5478794169197703
hdr_02299,car,S3,False,4.444598197937012,0.15243508347727,2.5816128253936768,3.5478794169197703
hdr_02299,car,S3,False,3.3374063968658447,0.11660027817512442,1.6352051496505737,3.5478794169197703
hdr_02299,car,S3,True,4.582930088043213,0.2069193926195004,1.9028363227844238,3.5478794169197703
hdr_02299,car,S3,False,5.24479866027832,0.25733498022960016,1.6555790901184082,3.5478794169197703
hdr_02303,person,S3,False,8.38451862335205,0.44365390512753344,1.7937415838241577,5.417451918505205
hdr_02303,person,S3,False,6.675626277923584,0.3853354653725421,2.0799782276153564,5.417451918505205
hdr_02303,person,S3,False,6.356686592102051,0.5540367334202957,1.6894491910934448,5.417451918505205
hdr_02303,person,S3,False,4.959356784820557,0.9745530361889367,2.113396167755127,5.417451918505205
hdr_02303,person,S3,False,4.732698440551758,0.8536140210336963,1.517671823501587,5.417451918505205
hdr_02303,person,S3,False,6.451602458953857,1.9078107915039102,2.0852155685424805,5.417451918505205
hdr_02303,person,S3,False,5.891940116882324,0.6781234270101414,1.9579557180404663,5.417451918505205
hdr_02303,person,S3,False,6.543914318084717,1.6793029179492727,1.8602665662765503,5.417451918505205
hdr_02303,person,S3,False,5.511883735656738,0.32296951875339186,1.840085744857788,5.417451918505205
hdr_02303,person,S3,True,2.7214667797088623,3.532497624030949,1.4413628578186035,5.417451918505205
hdr_02303,person,S3,False,4.5088677406311035,1.2574028758389653,1.3929691314697266,5.417451918505205
hdr_02303,person,S3,False,6.060215950012207,1.0367225127426147,1.3435927629470825,5.417451918505205
hdr_02303,person,S3,True,5.046327590942383,0.7467349759631503,1.449792742729187,5.417451918505205
hdr_02303,person,S3,False,6.75101375579834,0.2967177205717346,1.451377272605896,5.417451918505205
hdr_02303,person,S3,False,6.702378273010254,0.35617175283484626,1.5777219533920288,5.417451918505205
hdr_02303,person,S3,False,6.112574577331543,0.25148588589447746,1.7396773099899292,5.417451918505205
hdr_02303,person,S3,False,5.763251781463623,0.5285257547892652,1.7911747694015503,5.417451918505205
hdr_02303,person,S3,False,4.5071587562561035,1.3159985194337729,1.2323403358459473,5.417451918505205
hdr_02303,person,S3,True,3.6428072452545166,0.5580945219943656,1.2622501850128174,5.417451918505205
hdr_02303,person,S3,False,6.309774398803711,0.3499168969620676,1.8430269956588745,5.417451918505205
hdr_02303,person,S3,True,3.4022536277770996,0.8035873332910144,1.5901176929473877,5.417451918505205
hdr_02303,person,S3,True,2.534433603286743,1.064998109059438,1.4532132148742676,5.417451918505205
hdr_02303,person,S3,True,2.554316282272339,0.6334843105577068,1.2570469379425049,5.417451918505205
hdr_02303,person,S3,True,1.842878818511963,1.375844329547578,1.324633002281189,5.417451918505205
hdr_02303,person,S3,True,6.050396919250488,0.39462601844806977,1.5643035173416138,5.417451918505205
hdr_02303,person,S3,False,5.423234939575195,0.27119069353262565,1.6198846101760864,5.417451918505205
hdr_02303,person,S3,False,3.200568914413452,1.3448116256635056,1.290678858757019,5.417451918505205
hdr_02303,person,S3,True,4.719827175140381,0.5843701916242509,1.5948883295059204,5.417451918505205
hdr_02303,person,S3,False,4.995726585388184,0.2966106343278578,1.7059372663497925,5.417451918505205
hdr_02303,person,S3,False,6.28431510925293,0.25851969305072636,1.7070757150650024,5.417451918505205
hdr_02303,person,S3,False,6.001351356506348,0.26810899685379674,1.7998230457305908,5.417451918505205
hdr_02303,person,S3,False,3.9561948776245117,0.33662061205678007,1.7290961742401123,5.417451918505205
hdr_02303,person,S3,False,4.756044387817383,0.29255993119300916,1.8000881671905518,5.417451918505205
hdr_02303,person,S3,False,6.115705966949463,0.43184482485777714,1.6334227323532104,5.417451918505205
hdr_02303,person,S3,True,2.5022900104522705,1.5023380608337484,1.7214974164962769,5.417451918505205
hdr_02303,person,S3,False,2.4780805110931396,1.56335026388232,1.6124799251556396,5.417451918505205
hdr_02303,person,S3,True,2.9394869804382324,3.477748144598392,1.5758990049362183,5.417451918505205
hdr_02303,person,S3,True,2.18361234664917,2.330284284808729,2.1003551483154297,5.417451918505205
hdr_02303,person,S3,True,2.2875959873199463,2.246013244630489,2.0614092350006104,5.417451918505205
hdr_02303,person,S3,True,2.845245122909546,2.194621503436326,1.542582631111145,5.417451918505205
hdr_02303,person,S3,False,3.8546435832977295,0.3735662155529191,2.1022238731384277,5.417451918505205
hdr_02303,person,S3,True,3.926807165145874,0.739028834384899,2.2486729621887207,5.417451918505205
hdr_02303,person,S3,False,45.08638381958008,0.8590357901851692,2.6511430740356445,5.417451918505205
hdr_02313,person,S3,False,18.806739807128906,0.5539041153016837,1.5402604341506958,4.101325315970967
hdr_02316,person,S3,False,69.16583251953125,1.6032428888611026,3.0819456577301025,5.689641411411718
hdr_02316,person,S3,False,79.88114929199219,0.8896790567370374,2.4200475215911865,5.689641411411718
hdr_02318,person,S3,False,9.541619300842285,0.19858575215218097,1.932273507118225,2.913886564019666
hdr_02318,car,S3,False,17.40426254272461,0.2978110336814073,2.7247366905212402,2.913886564019666
hdr_02318,car,S3,False,14.353802680969238,0.10800203281950962,2.6429476737976074,2.913886564019666
hdr_02318,car,S3,False,3.118274211883545,0.12115214770693701,2.6889734268188477,2.913886564019666
hdr_02318,car,S3,False,2.9657223224639893,0.14902355186883956,1.2655549049377441,2.913886564019666
hdr_02318,car,S3,False,3.8542044162750244,0.11640062389892229,1.8045148849487305,2.913886564019666
hdr_02318,car,S3,False,4.276017665863037,0.24828260378424782,2.012674570083618,2.913886564019666
hdr_02318,car,S3,True,4.950185298919678,0.26552407086446667,1.9387807846069336,2.913886564019666
hdr_02319,person,S3,False,66.47635650634766,17.372266055125518,5.546241283416748,6.650653872137074
hdr_02328,person,S3,False,69.88431549072266,1.6726998740514318,3.0938518047332764,5.67340213464665
hdr_02328,person,S3,False,78.83706665039062,0.8228783210304178,2.5293350219726562,5.67340213464665
hdr_02334,person,S3,False,61.23193359375,1.8857878699083324,3.023336410522461,5.779330333212324
hdr_02334,person,S3,False,70.63892364501953,0.9049796436695994,3.2657089233398438,5.779330333212324
hdr_02334,person,S3,False,5.642718315124512,5.443923814532975,1.7358123064041138,5.779330333212324
hdr_02334,person,S3,True,3.333292245864868,7.232668245854372,1.318504810333252,5.779330333212324
hdr_02342,person,S3,False,11.316154479980469,0.3011484765051122,0.9357677698135376,4.229927410931398
hdr_02342,person,S3,False,9.401127815246582,0.3177693397518422,0.9963299036026001,4.229927410931398
hdr_02342,person,S3,False,7.336098670959473,0.3794089028397837,0.35856837034225464,4.229927410931398
hdr_02342,person,S3,False,11.78486156463623,0.36225653653784884,0.46603885293006897,4.229927410931398
hdr_02342,person,S3,True,11.778739929199219,0.330056400670568,0.5681670308113098,4.229927410931398
hdr_02342,person,S3,False,10.022346496582031,0.4694395453383625,1.0201516151428223,4.229927410931398
hdr_02342,person,S3,False,10.74478816986084,0.40356176481041683,0.39696502685546875,4.229927410931398
hdr_02342,person,S3,False,11.169756889343262,0.2825504719068219,0.932701587677002,4.229927410931398
hdr_02342,person,S3,True,9.280304908752441,0.3000398727052976,0.3972057104110718,4.229927410931398
hdr_02342,person,S3,False,11.178430557250977,0.25829952435810477,0.9018948078155518,4.229927410931398
hdr_02342,person,S3,True,7.640050411224365,0.38518592258331713,0.3741127848625183,4.229927410931398
hdr_02342,person,S3,False,7.2752366065979,0.5274323573973498,0.38425302505493164,4.229927410931398
hdr_02342,person,S3,False,7.181807518005371,0.5473414152799188,0.3621809780597687,4.229927410931398
hdr_02342,person,S3,False,6.7976250648498535,0.55340021491037,1.4740638732910156,4.229927410931398
hdr_02342,person,S3,True,4.952102184295654,0.7030126717947485,0.7073943614959717,4.229927410931398
hdr_02342,person,S3,True,9.160409927368164,0.49288090777391125,0.3895093500614166,4.229927410931398
hdr_02342,person,S3,False,8.740017890930176,0.29814887214620717,0.9841687083244324,4.229927410931398
hdr_02342,person,S3,True,4.892615795135498,0.4213622088904108,0.36737260222435,4.229927410931398
hdr_02342,person,S3,True,4.022670745849609,0.4683370602483281,0.3219057321548462,4.229927410931398
hdr_02342,person,S3,False,63.45981979370117,0.42874884835240706,1.3331024646759033,4.229927410931398
hdr_02358,person,S3,False,60.96592712402344,1.8287246453423172,4.417726516723633,5.848389627032164
hdr_02358,person,S3,False,75.34233093261719,0.7039258813230416,4.715412139892578,5.848389627032164
hdr_02358,diningtable,S3,False,21.6145076751709,14.567613675690621,4.1835737228393555,5.848389627032164
hdr_02358,chair,S3,False,20.79830551147461,0.37981796324980016,1.218311071395874,5.848389627032164
hdr_02359,person,S3,False,35.87759017944336,1.6625230640282647,3.302462577819824,4.734101941999345
hdr_02359,person,S3,False,52.642093658447266,4.992227063098384,4.017862796783447,4.734101941999345
hdr_02359,bottle,S3,False,7.757935047149658,0.3828934713080049,1.4129812717437744,4.734101941999345
hdr_02359,bottle,S3,False,7.757933616638184,0.32852687597571795,1.7936843633651733,4.734101941999345
hdr_02359,bottle,S3,True,7.0052995681762695,0.1923469404853266,2.3914408683776855,4.734101941999345
hdr_02359,person,S3,False,62.39784240722656,0.3277285091584983,4.33972692489624,4.734101941999345
hdr_02359,bottle,S3,False,10.442258834838867,323.54576162487876,3.15344500541687,4.734101941999345
hdr_02359,bottle,S3,False,8.08218002319336,148.386805779584,3.2514142990112305,4.734101941999345
hdr_02359,diningtable,S3,False,35.56330871582031,204.22781871484173,3.777756452560425,4.734101941999345
hdr_02376,person,S3,False,13.749234199523926,0.6682117086750996,1.1880691051483154,3.5147818361913714
hdr_02376,person,S3,False,16.614643096923828,0.3679566011958453,1.1293914318084717,3.5147818361913714
hdr_02376,person,S3,True,14.91081428527832,0.5195148399069734,1.0665283203125,3.5147818361913714
hdr_02376,person,S3,True,12.151386260986328,0.6138077096285384,1.1833186149597168,3.5147818361913714
hdr_02376,person,S3,True,20.237060546875,0.48045089363196664,1.6487313508987427,3.5147818361913714
hdr_02376,person,S3,False,12.318097114562988,0.9835681178101406,1.151232123374939,3.5147818361913714
hdr_02376,person,S3,False,11.18736457824707,1.442509971901502,0.9217421412467957,3.5147818361913714
hdr_02376,person,S3,True,13.691279411315918,0.5792286950837806,1.0821583271026611,3.5147818361913714
hdr_02376,person,S3,False,12.377188682556152,0.8374220829455522,1.371640920639038,3.5147818361913714
hdr_02376,person,S3,True,12.084663391113281,0.8660129581422833,1.2264419794082642,3.5147818361913714
hdr_02376,person,S3,True,16.05957794189453,0.6239993019036615,1.0206457376480103,3.5147818361913714
hdr_02376,person,S3,False,12.159605979919434,1.1546124403031877,0.9933327436447144,3.5147818361913714
hdr_02376,person,S3,False,7.497231483459473,1.8403449096961317,0.9667752981185913,3.5147818361913714
hdr_02376,person,S3,False,7.5617475509643555,1.4930428244043206,1.1202170848846436,3.5147818361913714
hdr_02376,person,S3,False,7.389353275299072,1.530088301478372,0.9817492961883545,3.5147818361913714
hdr_02376,person,S3,False,8.220588684082031,2.432722169822172,0.8996381163597107,3.5147818361913714
hdr_02376,person,S3,False,8.234734535217285,1.4899770300288622,0.783933699131012,3.5147818361913714
hdr_02376,person,S3,True,8.610727310180664,0.5471215630709446,1.072149395942688,3.5147818361913714
hdr_02376,person,S3,False,16.316679000854492,0.6611605863671999,1.2516002655029297,3.5147818361913714
hdr_02376,person,S3,False,11.226907730102539,0.7147349034559021,0.9558114409446716,3.5147818361913714
hdr_02376,person,S3,False,13.466022491455078,0.9464796420485732,1.5946110486984253,3.5147818361913714
hdr_02376,person,S3,False,10.801473617553711,1.085475970779682,0.8587213158607483,3.5147818361913714
hdr_02376,person,S3,False,8.298248291015625,1.448954836804323,0.9920179843902588,3.5147818361913714
hdr_02376,person,S3,True,5.271915435791016,1.664092446455493,0.8655076026916504,3.5147818361913714
hdr_02376,person,S3,False,7.142566204071045,2.065421358833201,1.7448809146881104,3.5147818361913714
hdr_02376,person,S3,False,6.350846767425537,2.9917826737932876,1.303573727607727,3.5147818361913714
hdr_02376,person,S3,True,5.513883590698242,3.4808629944984566,1.4761805534362793,3.5147818361913714
hdr_02376,person,S3,False,6.718357086181641,2.9913830389328426,1.3836215734481812,3.5147818361913714
hdr_02376,person,S3,False,6.174144268035889,2.7155090002756976,1.4245737791061401,3.5147818361913714
hdr_02376,person,S3,True,6.995962619781494,1.66706128300616,1.8883146047592163,3.5147818361913714
hdr_02376,person,S3,False,8.785806655883789,1.5619240720262946,1.8252687454223633,3.5147818361913714
hdr_02376,person,S3,True,9.437596321105957,0.7707980857514274,0.9614141583442688,3.5147818361913714
hdr_02376,person,S3,False,13.577554702758789,0.6179292602936991,1.4902384281158447,3.5147818361913714
hdr_02376,person,S3,False,14.227829933166504,0.29216945722527904,1.5662610530853271,3.5147818361913714
hdr_02376,person,S3,True,9.341790199279785,1.1518512500754283,1.2413407564163208,3.5147818361913714
hdr_02376,person,S3,False,9.179035186767578,3.661981174765094,0.6858171224594116,3.5147818361913714
hdr_02376,person,S3,True,4.6065144538879395,2.0280028651338338,1.2257943153381348,3.5147818361913714
hdr_02376,person,S3,True,6.817019939422607,2.452693554617186,1.2263967990875244,3.5147818361913714
hdr_02376,person,S3,True,5.879964351654053,3.5302254877671144,0.9847419857978821,3.5147818361913714
hdr_02376,person,S3,False,92.19672393798828,0.9234548084396427,2.0637693405151367,3.5147818361913714
hdr_02383,person,S3,False,11.946131706237793,0.303432669758231,1.5815668106079102,4.177130854576289
hdr_02383,person,S3,True,9.664719581604004,0.3126784489537099,0.9578416347503662,4.177130854576289
hdr_02383,person,S3,True,11.935248374938965,0.3993630117505335,0.9980778098106384,4.177130854576289
hdr_02383,person,S3,False,14.353826522827148,0.29465960316360323,1.105114221572876,4.177130854576289
hdr_02383,person,S3,False,12.82827377319336,0.3464664058571749,1.2651787996292114,4.177130854576289
hdr_02383,person,S3,True,6.80621337890625,0.7006888164666718,1.1457903385162354,4.177130854576289
hdr_02383,person,S3,False,11.698641777038574,0.3606079290968914,1.0578453540802002,4.177130854576289
hdr_02383,person,S3,False,11.437315940856934,0.20903699195451694,0.9983696341514587,4.177130854576289
hdr_02383,person,S3,False,9.882179260253906,0.29737644187859313,0.9447142481803894,4.177130854576289
hdr_02383,person,S3,True,6.731978893280029,0.671422784411697,1.0653526782989502,4.177130854576289
hdr_02383,person,S3,False,11.645559310913086,0.24146064475865803,1.161001205444336,4.177130854576289
hdr_02383,person,S3,True,10.607070922851562,0.25235693470298964,0.9549474120140076,4.177130854576289
hdr_02383,person,S3,False,10.385766983032227,0.24048864261822658,1.1904284954071045,4.177130854576289
hdr_02383,person,S3,False,11.45668888092041,0.3150442213917206,1.657529354095459,4.177130854576289
hdr_02383,person,S3,False,9.167356491088867,1.8354359353013212,0.7153913378715515,4.177130854576289
hdr_02383,person,S3,True,6.77653169631958,0.760647622424087,1.7080103158950806,4.177130854576289
hdr_02383,person,S3,False,7.488204479217529,1.0396009558690251,0.9011096358299255,4.177130854576289
hdr_02383,person,S3,True,8.498391151428223,0.7017781522862413,0.8726897835731506,4.177130854576289
hdr_02383,person,S3,True,5.791101932525635,0.973724988891222,0.9714703559875488,4.177130854576289
hdr_02383,person,S3,True,4.63032865524292,1.0217405732171931,0.6188024282455444,4.177130854576289
hdr_02383,person,S3,False,12.846012115478516,3.4924743712057755,2.2129621505737305,4.177130854576289
hdr_02383,person,S3,False,10.602458000183105,5.014842211163912,1.8453925848007202,4.177130854576289
hdr_02385,person,S3,False,61.732791900634766,2.2243112963041094,3.787219524383545,6.320622848824175
hdr_02385,person,S3,False,45.18845748901367,1.1708407770778875,3.5559699535369873,6.320622848824175
hdr_02385,person,S3,False,50.51004409790039,0.45069762318976225,3.018822193145752,6.320622848824175
hdr_02385,person,S3,False,20.579023361206055,0.7823070331464819,3.0202746391296387,6.320622848824175
hdr_02387,person,S3,False,13.233036041259766,0.6135503367720117,1.2708134651184082,4.039696538006736
hdr_02387,person,S3,True,18.22774314880371,0.45364714567769715,1.0452131032943726,4.039696538006736
hdr_02387,person,S3,False,13.033500671386719,0.800174032084912,1.2660027742385864,4.039696538006736
hdr_02387,person,S3,False,12.103401184082031,1.141556470596422,0.9434106349945068,4.039696538006736
hdr_02387,person,S3,False,9.348700523376465,1.225486622430085,1.0828408002853394,4.039696538006736
hdr_02387,person,S3,False,12.250365257263184,0.8792386871237133,0.9590344429016113,4.039696538006736
hdr_02387,person,S3,True,10.553250312805176,0.5898599582601346,1.2281544208526611,4.039696538006736
hdr_02387,person,S3,False,16.569198608398438,0.6001313306464112,1.0594555139541626,4.039696538006736
hdr_02387,person,S3,False,7.607388496398926,1.672008416295375,0.899692177772522,4.039696538006736
hdr_02387,person,S3,False,6.699216365814209,2.0900773876588414,0.9412034749984741,4.039696538006736
hdr_02387,person,S3,False,8.759031295776367,1.5296700349139614,1.1907273530960083,4.039696538006736
hdr_02387,person,S3,True,7.163296699523926,0.8805549036117826,0.977345883846283,4.039696538006736
hdr_02387,person,S3,False,8.490269660949707,2.3212782849584026,1.1836366653442383,4.039696538006736
hdr_02387,person,S3,True,8.454113960266113,2.699782317555732,0.8519064784049988,4.039696538006736
hdr_02387,person,S3,False,5.349583148956299,2.4419347104494533,0.8930771350860596,4.039696538006736
hdr_02387,person,S3,False,14.252235412597656,0.5696694529091699,1.0088096857070923,4.039696538006736
hdr_02387,person,S3,False,9.358404159545898,0.24674659321597503,1.2801929712295532,4.039696538006736
hdr_02387,person,S3,False,14.267386436462402,0.5085904223520206,1.2376105785369873,4.039696538006736
hdr_02387,person,S3,False,17.58572769165039,0.3838189066786948,1.492114782333374,4.039696538006736
hdr_02387,person,S3,False,10.242711067199707,1.106892391742364,1.0255722999572754,4.039696538006736
hdr_02387,person,S3,True,6.972482204437256,1.6130590488143866,0.9525212645530701,4.039696538006736
hdr_02387,person,S3,False,8.703587532043457,1.5985442288847713,0.8625723719596863,4.039696538006736
hdr_02387,person,S3,False,7.657602310180664,1.744808865198201,1.2838013172149658,4.039696538006736
hdr_02387,person,S3,False,11.846439361572266,0.8074812920253324,1.0848432779312134,4.039696538006736
hdr_02387,person,S3,False,7.779084205627441,2.3688308599184054,0.8489617109298706,4.039696538006736
hdr_02387,person,S3,False,8.251360893249512,1.713065944305937,0.8209491968154907,4.039696538006736
hdr_02387,person,S3,False,8.881194114685059,2.4295820383199547,0.9098682999610901,4.039696538006736
hdr_02387,person,S3,False,4.386480331420898,2.597015454125054,0.560082197189331,4.039696538006736
hdr_02387,person,S3,False,6.62860107421875,3.175682321541199,1.3716487884521484,4.039696538006736
hdr_02387,person,S3,False,4.933185577392578,2.8243477908806174,0.9110572338104248,4.039696538006736
hdr_02387,person,S3,False,10.76565170288086,1.1683142674046318,0.9641727209091187,4.039696538006736
hdr_02387,person,S3,False,6.839890003204346,1.389399921429353,0.9305198192596436,4.039696538006736
hdr_02387,person,S3,False,11.18736457824707,0.6456756095076809,1.0287017822265625,4.039696538006736
hdr_02387,person,S3,False,9.892990112304688,0.7007431315526939,1.2327245473861694,4.039696538006736
hdr_02387,person,S3,True,9.513941764831543,1.0210361836174509,1.1796244382858276,4.039696538006736
hdr_02387,person,S3,False,11.3153715133667,0.6358452955350743,1.2475087642669678,4.039696538006736
hdr_02387,person,S3,False,10.485945701599121,2.0501614746989234,1.967106819152832,4.039696538006736
hdr_02387,person,S3,True,5.199956893920898,2.459634741384273,1.321257472038269,4.039696538006736
hdr_02387,person,S3,False,7.577674865722656,1.699126549983141,1.6467249393463135,4.039696538006736
hdr_02387,person,S3,False,8.715836524963379,3.8362597841647883,0.6767499446868896,4.039696538006736
hdr_02387,person,S3,True,5.950972557067871,2.405903299903906,1.0711520910263062,4.039696538006736
hdr_02387,person,S3,False,5.092062473297119,2.829254091272269,0.7992778420448303,4.039696538006736
hdr_02387,person,S3,False,86.6450424194336,0.8120635043141106,1.9881184101104736,4.039696538006736
hdr_02405,person,S3,False,57.49820327758789,1.2352868913994004,4.097517013549805,6.510441140936292
hdr_02405,person,S3,False,52.16285705566406,4.1566174744115205,4.202709674835205,6.510441140936292
hdr_02407,car,S3,False,98.38742065429688,1.062011611811035,2.81843638420105,3.6611474787984086
hdr_02409,person,S3,False,43.75120544433594,0.9266337361904637,3.2623655796051025,7.5430854539320125
hdr_02416,person,S3,False,18.414207458496094,0.4593511557661627,1.5142712593078613,4.102272881823074
hdr_02419,person,S3,False,53.8195915222168,0.8998402476973216,4.049575328826904,6.102859184825617
hdr_02419,person,S3,False,40.78212356567383,0.2222409646425737,3.4012608528137207,6.102859184825617
hdr_02419,person,S3,False,36.564964294433594,1.0226642153847072,3.5785200595855713,6.102859184825617
hdr_02419,person,S3,False,8.782659530639648,0.2511070027025566,2.1013660430908203,6.102859184825617
hdr_02419,person,S3,False,8.145756721496582,0.3730526353492016,1.7551583051681519,6.102859184825617
hdr_02422,person,S3,False,65.34970092773438,0.5199648695748389,3.033595323562622,4.549292489400918
hdr_02422,person,S3,False,51.97909927368164,15.029443737676624,3.5025851726531982,4.549292489400918
hdr_02422,bottle,S3,False,7.553524017333984,146.6579893215296,3.4222004413604736,4.549292489400918
hdr_02422,bottle,S3,False,9.987662315368652,728.0853429682404,1.719038963317871,4.549292489400918
hdr_02422,bottle,S3,False,10.092377662658691,0.690360293028437,1.2881653308868408,4.549292489400918
hdr_02422,bottle,S3,False,8.443690299987793,0.7497292638328796,1.3633038997650146,4.549292489400918
hdr_02422,bottle,S3,True,7.672557830810547,0.8416094538044863,0.9995421171188354,4.549292489400918
hdr_02422,diningtable,S3,False,39.652740478515625,955.2292649962243,3.669992685317993,4.549292489400918
hdr_02444,car,S3,False,99.42401123046875,1.019069915715739,2.6784098148345947,3.4271104772636907
hdr_02444,car,S3,False,34.809600830078125,0.7023201627108024,2.6309404373168945,3.4271104772636907
hdr_02444,car,S3,True,16.770509719848633,1.5853173162507659,3.122091054916382,3.4271104772636907
hdr_02450,person,S3,False,29.562753677368164,3.420182512637062,3.1974055767059326,7.144646874457739
hdr_02453,person,S3,False,9.659799575805664,0.7124740644033793,0.6926841139793396,2.072330778084039
hdr_02453,person,S3,False,9.924189567565918,0.7327651924901408,0.3740507960319519,2.072330778084039
hdr_02453,person,S3,False,8.421236038208008,0.745371458835745,0.2580839991569519,2.072330778084039
hdr_02453,person,S3,False,8.77342414855957,0.7386447094148877,0.3277338147163391,2.072330778084039
hdr_02453,person,S3,False,11.843873977661133,0.6610652712965929,0.3821811378002167,2.072330778084039
hdr_02453,person,S3,False,11.243520736694336,0.4495458316702362,0.4188961982727051,2.072330778084039
hdr_02453,person,S3,False,76.13646697998047,0.7739224122639339,1.1101315021514893,2.072330778084039
hdr_02454,person,S3,False,5.8765997886657715,0.4813212051223067,2.0062484741210938,5.447703173093109
hdr_02454,person,S3,False,5.031092166900635,0.7813882970004917,1.6018186807632446,5.447703173093109
hdr_02454,person,S3,False,5.407042503356934,0.5067399427070204,2.0973336696624756,5.447703173093109
hdr_02454,person,S3,False,6.073550224304199,1.1947813754083911,1.6375011205673218,5.447703173093109
hdr_02454,person,S3,False,5.2089524269104,0.9996993842977984,1.8361258506774902,5.447703173093109
hdr_02454,person,S3,False,7.322768688201904,0.7671983825417475,2.0544440746307373,5.447703173093109
hdr_02454,person,S3,False,3.43060564994812,2.869910021507089,1.571559190750122,5.447703173093109
hdr_02454,person,S3,False,5.912655830383301,1.8642649883860296,1.9830279350280762,5.447703173093109
hdr_02454,person,S3,False,5.286607265472412,0.412124839247931,1.8729068040847778,5.447703173093109
hdr_02454,person,S3,False,5.352172374725342,1.6482033634114959,1.7752901315689087,5.447703173093109
hdr_02454,person,S3,False,6.57717752456665,0.28970958318770684,1.9677116870880127,5.447703173093109
hdr_02454,person,S3,False,6.420586109161377,0.31437602597774766,1.7353472709655762,5.447703173093109
hdr_02454,person,S3,False,5.823132514953613,0.7733515824190125,1.7278108596801758,5.447703173093109
hdr_02454,person,S3,False,6.67507266998291,0.3693703887666792,1.6810951232910156,5.447703173093109
hdr_02454,person,S3,True,3.739487648010254,0.9102618574317144,1.610901951789856,5.447703173093109
hdr_02454,person,S3,True,2.8022165298461914,1.4257627656786822,1.6282098293304443,5.447703173093109
hdr_02454,person,S3,True,3.1934194564819336,1.3011261800188512,1.4534889459609985,5.447703173093109
hdr_02454,person,S3,False,4.1998772621154785,0.6923054291089153,1.6711573600769043,5.447703173093109
hdr_02454,person,S3,False,4.094974040985107,0.6721581327480541,1.719866156578064,5.447703173093109
hdr_02454,person,S3,False,4.493338108062744,0.29035770246405324,1.7822169065475464,5.447703173093109
hdr_02454,person,S3,False,4.293249607086182,0.2600987143034409,2.277312994003296,5.447703173093109
hdr_02454,person,S3,True,2.982607364654541,0.8005815696086236,1.448724389076233,5.447703173093109
hdr_02454,person,S3,False,4.096611499786377,0.8444444404939129,1.7782186269760132,5.447703173093109
hdr_02454,person,S3,False,4.36573600769043,1.4432734970014873,1.538156509399414,5.447703173093109
hdr_02454,person,S3,True,5.64370584487915,0.29343705789847757,2.3013601303100586,5.447703173093109
hdr_02454,person,S3,True,4.500339031219482,0.6442148276961815,1.5493143796920776,5.447703173093109
hdr_02454,person,S3,True,2.8839449882507324,1.066021234739442,1.9688973426818848,5.447703173093109
hdr_02454,person,S3,True,3.853976249694824,0.30560674950694405,1.639907717704773,5.447703173093109
hdr_02454,person,S3,True,2.4520013332366943,1.2264298445438162,1.2219973802566528,5.447703173093109
hdr_02454,person,S3,True,3.0338401794433594,1.0072404651845774,1.2379130125045776,5.447703173093109
hdr_02454,person,S3,True,2.623901844024658,1.2074794111132168,1.6627382040023804,5.447703173093109
hdr_02454,person,S3,True,3.0033552646636963,0.5845657214190199,1.5531424283981323,5.447703173093109
hdr_02454,person,S3,False,4.0916972160339355,1.1071404317986349,1.702865481376648,5.447703173093109
hdr_02454,person,S3,True,4.822499752044678,0.6670375326970687,1.6120840311050415,5.447703173093109
hdr_02454,person,S3,True,3.014838218688965,0.6537503542145398,1.330724835395813,5.447703173093109
hdr_02454,person,S3,True,2.0255632400512695,2.731943236075591,1.609553575515747,5.447703173093109
hdr_02454,person,S3,True,3.1669669151306152,0.5824332343369619,1.1953052282333374,5.447703173093109
hdr_02454,person,S3,False,42.58763122558594,0.8227897990479139,2.567194938659668,5.447703173093109
hdr_02456,person,S3,False,30.009567260742188,2.3093179871847007,4.003765106201172,7.231151283560918
hdr_02461,person,S3,False,55.62129211425781,5.2764033181113925,4.031153678894043,4.769158732038262
hdr_02461,person,S3,False,36.8918571472168,2.1491189947620564,3.571544885635376,4.769158732038262
hdr_02461,person,S3,False,67.87132263183594,0.4189998621522168,4.3971781730651855,4.769158732038262
hdr_02461,bottle,S3,False,7.69268274307251,0.35416764032818115,1.7019771337509155,4.769158732038262
hdr_02461,bottle,S3,False,7.847853183746338,0.45518544973542574,1.6500505208969116,4.769158732038262
hdr_02461,bottle,S3,False,7.506702899932861,0.6000611103997395,1.4370882511138916,4.769158732038262
hdr_02461,bottle,S3,False,9.00614070892334,165.73714814444088,3.1633248329162598,4.769158732038262
hdr_02461,bottle,S3,False,10.123528480529785,279.1661230950757,3.15171480178833,4.769158732038262
hdr_02461,diningtable,S3,False,34.117610931396484,223.45865660029978,3.745720863342285,4.769158732038262
hdr_02470,person,S3,False,30.91925621032715,0.2911933380622888,2.6978883743286133,5.27451968458089
hdr_02470,person,S3,False,20.08091163635254,1.4319187751370113,4.254028797149658,5.27451968458089
hdr_02470,person,S3,False,21.319366455078125,0.7177077730690314,1.9064186811447144,5.27451968458089
hdr_02481,person,S3,False,34.278358459472656,1.7965251291961892,3.0293056964874268,4.704949836210873
hdr_02481,person,S3,False,52.041446685791016,4.166064103692694,4.042378902435303,4.704949836210873
hdr_02481,person,S3,False,60.449588775634766,0.2794177231990839,3.974640130996704,4.704949836210873
hdr_02481,diningtable,S3,False,35.81660079956055,157.3516599825168,3.769011974334717,4.704949836210873
hdr_02481,bottle,S3,False,9.83084487915039,275.0054721998735,3.1110806465148926,4.704949836210873
hdr_02481,bottle,S3,False,7.15708589553833,75.07876787813898,3.1327357292175293,4.704949836210873
hdr_02481,bottle,S3,False,8.598594665527344,0.4457854541434564,1.4815889596939087,4.704949836210873
hdr_02483,person,S3,False,49.58729553222656,1.2128858947653423,4.24528169631958,4.95469807812644
hdr_02483,person,S3,False,51.750732421875,0.8077013097398972,4.25560998916626,4.95469807812644
hdr_02483,person,S3,False,10.248481750488281,0.7997464559181727,1.8892263174057007,4.95469807812644
hdr_02483,diningtable,S3,False,43.22931671142578,1.5263365958750768,4.3021087646484375,4.95469807812644
hdr_02483,bottle,S3,True,3.07016921043396,811.9411254168564,2.551996946334839,4.95469807812644
hdr_02483,bottle,S3,False,5.584640026092529,1.1805121321332464,1.8018773794174194,4.95469807812644
hdr_02483,bottle,S3,False,4.570371150970459,1.342919492006613,1.9001164436340332,4.95469807812644
hdr_02483,bottle,S3,False,4.500935077667236,1.5948229585022387,1.8095698356628418,4.95469807812644
hdr_02483,bottle,S3,False,3.705406904220581,0.50769205362755,2.1114513874053955,4.95469807812644
hdr_02483,bottle,S3,False,4.490698337554932,1.9035953472336762,1.736535906791687,4.95469807812644
hdr_02483,bottle,S3,False,5.485692024230957,1.2551081405469302,1.9742028713226318,4.95469807812644
hdr_02483,bottle,S3,False,3.090078115463257,1.327186649505481,2.267944097518921,4.95469807812644
hdr_02483,bottle,S3,False,3.8539891242980957,0.37627834760860995,1.97898530960083,4.95469807812644
hdr_02483,bottle,S3,False,3.00455379486084,0.3810837276525541,1.8240779638290405,4.95469807812644
hdr_02483,bottle,S3,False,3.5682179927825928,1.1078636790763134,1.3783211708068848,4.95469807812644
hdr_02483,bottle,S3,False,3.143993854522705,1.5327537933240596,0.7804036140441895,4.95469807812644
hdr_02483,bottle,S3,False,2.915581226348877,1.2170732662068104,0.9157678484916687,4.95469807812644
hdr_02483,bottle,S3,False,2.4056921005249023,1.0217053795750222,1.4551290273666382,4.95469807812644
hdr_02483,chair,S3,False,32.18814468383789,0.8484942609045261,3.0784785747528076,4.95469807812644
hdr_02483,chair,S3,False,34.855709075927734,0.5221080408500374,2.705446720123291,4.95469807812644
hdr_02483,bottle,S3,False,5.570702075958252,1.0164887243629643,1.8649390935897827,4.95469807812644
hdr_02483,bottle,S3,False,4.825984477996826,0.6916958196827763,1.9155274629592896,4.95469807812644
hdr_02483,bottle,S3,False,4.739894866943359,0.9165877484547491,1.8606868982315063,4.95469807812644
hdr_02483,bottle,S3,False,5.240224838256836,1.0000384312153623,1.7391002178192139,4.95469807812644
hdr_02483,person,S3,False,23.065061569213867,33.98518247283769,3.6462202072143555,4.95469807812644
hdr_02491,person,S3,False,19.48217010498047,0.42721657093663495,1.2840875387191772,4.971570509279901
hdr_02491,person,S3,False,38.62566375732422,1.7954510168028581,3.0767157077789307,4.971570509279901
hdr_02491,person,S3,True,21.21516990661621,52.31620964996375,3.273390531539917,4.971570509279901
hdr_02491,chair,S3,False,25.108009338378906,0.544486328138447,1.447028636932373,4.971570509279901
hdr_02491,chair,S3,False,20.41141700744629,0.6715316416336345,1.202072024345398,4.971570509279901
hdr_02491,chair,S3,False,18.904001235961914,0.3599929142119439,1.3501421213150024,4.971570509279901
hdr_02491,chair,S3,False,24.113536834716797,0.637323289115187,1.5467108488082886,4.971570509279901
hdr_02491,chair,S3,False,21.162614822387695,0.7362770991348538,2.793159008026123,4.971570509279901
hdr_02491,diningtable,S3,False,36.26362228393555,0.9063291978727742,1.481609582901001,4.971570509279901
hdr_02491,diningtable,S3,False,19.97075653076172,0.5045021029039647,1.6259839534759521,4.971570509279901
hdr_02491,diningtable,S3,False,32.61466598510742,0.6370547794785574,3.9751384258270264,4.971570509279901
hdr_02491,bottle,S3,False,7.698378086090088,77.10795984242377,3.1259942054748535,4.971570509279901
hdr_02491,bottle,S3,False,5.397336483001709,2.7261694887343277,3.0455455780029297,4.971570509279901
hdr_02491,bottle,S3,True,5.697166919708252,2.9441436727481545,1.6971107721328735,4.971570509279901
hdr_02491,bottle,S3,False,5.659106254577637,2.712076596764705,3.227961540222168,4.971570509279901
hdr_02491,bottle,S3,False,4.406263828277588,0.6678422686436807,1.3779162168502808,4.971570509279901
hdr_02491,bottle,S3,False,4.646908283233643,0.5016724946793362,1.0660868883132935,4.971570509279901
hdr_02491,bottle,S3,False,4.790114402770996,0.6176068695752729,1.0080724954605103,4.971570509279901
hdr_02491,bottle,S3,False,4.223331928253174,0.7878383260061067,0.9629924893379211,4.971570509279901
hdr_02491,bottle,S3,False,3.989075183868408,0.5159663122273893,0.9034618139266968,4.971570509279901
hdr_02491,bottle,S3,True,3.6665399074554443,0.6544189646768618,0.7906486392021179,4.971570509279901
hdr_02491,bottle,S3,True,3.572357416152954,0.7136627847751242,0.9395193457603455,4.971570509279901
hdr_02494,person,S3,False,75.75834655761719,0.9829100245006249,4.215554714202881,4.935480669674191
hdr_02494,person,S3,False,54.85824966430664,39.83832294801626,3.9473378658294678,4.935480669674191
hdr_02494,diningtable,S3,False,36.79915237426758,800.2976965802903,3.6792969703674316,4.935480669674191
hdr_02494,chair,S3,False,21.805727005004883,0.2479425453577407,1.0478887557983398,4.935480669674191
hdr_02494,bottle,S3,False,9.152434349060059,1474.7586530522003,3.1591358184814453,4.935480669674191
hdr_02494,bottle,S3,False,11.224210739135742,1.2998842650038127,1.3908265829086304,4.935480669674191
hdr_02494,bottle,S3,False,11.762344360351562,0.8593053869790234,1.3005433082580566,4.935480669674191
hdr_02494,bottle,S3,False,8.488371849060059,2.29667143443714,1.4145221710205078,4.935480669674191
hdr_02494,bottle,S3,False,8.536822319030762,2.5088026278386657,1.1978037357330322,4.935480669674191
hdr_02494,bottle,S3,True,6.216700077056885,1.6912236550600783,2.020230531692505,4.935480669674191
hdr_02504,person,S3,False,59.694480895996094,3.8989968097652556,2.8195416927337646,5.485410486135497
hdr_02504,person,S3,False,67.76750946044922,0.8583651916385794,3.313854455947876,5.485410486135497
hdr_02511,person,S3,False,14.69012451171875,1.7964523377440806,2.588071584701538,3.757670923055695
hdr_02511,person,S3,False,13.279048919677734,2.4918226042429215,1.9007633924484253,3.757670923055695
hdr_02511,person,S3,True,5.161613464355469,0.9599307093310249,1.735843539237976,3.757670923055695
hdr_02511,person,S3,True,5.0461745262146,0.45572053077169966,1.1585651636123657,3.757670923055695
hdr_02511,person,S3,True,8.182607650756836,0.6817279676682751,1.1581381559371948,3.757670923055695
hdr_02511,person,S3,True,7.548933982849121,0.4270869278259935,0.5432060360908508,3.757670923055695
hdr_02511,person,S3,True,6.224489212036133,0.34570950084047725,0.5817914605140686,3.757670923055695
hdr_02511,person,S3,True,8.25993537902832,0.3277822972103331,0.6152634024620056,3.757670923055695
hdr_02511,person,S3,True,6.7314558029174805,0.28596346419822827,1.8309741020202637,3.757670923055695
hdr_02511,person,S3,True,7.6310200691223145,0.3287840993146652,1.842180609703064,3.757670923055695
hdr_02511,person,S3,True,6.584122180938721,0.6803784110341656,0.4553590714931488,3.757670923055695
hdr_02511,person,S3,True,49.92282485961914,0.6468047530152571,1.5574816465377808,3.757670923055695
hdr_02513,chair,S3,False,24.033519744873047,0.5377868522504317,1.3509896993637085,4.966501422941749
hdr_02513,chair,S3,False,21.359844207763672,0.7676598503259798,1.3685041666030884,4.966501422941749
hdr_02513,chair,S3,True,19.357749938964844,0.4014477915757341,1.4953128099441528,4.966501422941749
hdr_02513,chair,S3,False,25.053354263305664,0.7057574070109144,1.502792239189148,4.966501422941749
hdr_02513,chair,S3,False,21.925500869750977,0.7381309560030501,3.34607195854187,4.966501422941749
hdr_02513,diningtable,S3,False,20.523405075073242,0.5391539705434918,1.5766900777816772,4.966501422941749
hdr_02513,diningtable,S3,False,35.373435974121094,1.0565113645327413,1.4721970558166504,4.966501422941749
hdr_02513,diningtable,S3,False,31.319257736206055,0.6014998469328345,3.9809072017669678,4.966501422941749
hdr_02513,person,S3,False,18.791671752929688,0.4066036743632218,1.3600229024887085,4.966501422941749
hdr_02513,person,S3,False,37.867008209228516,1.4341041157225334,3.3216235637664795,4.966501422941749
hdr_02513,person,S3,True,20.271400451660156,37.590265804732624,3.666412591934204,4.966501422941749
hdr_02513,bottle,S3,False,8.289900779724121,73.88519148733705,3.3278555870056152,4.966501422941749
hdr_02513,bottle,S3,False,5.311511993408203,2.7073236847805537,2.9718456268310547,4.966501422941749
hdr_02513,bottle,S3,True,4.80486536026001,3.250174665599892,1.3783060312271118,4.966501422941749
hdr_02513,bottle,S3,False,6.192430019378662,2.209962293515837,3.0776946544647217,4.966501422941749
hdr_02513,bottle,S3,False,4.637404441833496,0.6731653695085198,1.0388869047164917,4.966501422941749
hdr_02513,bottle,S3,False,5.080525875091553,0.5149992910079144,0.8033776879310608,4.966501422941749
hdr_02513,bottle,S3,False,4.930027961730957,0.6442180286827208,1.3821595907211304,4.966501422941749
hdr_02513,bottle,S3,False,5.071113586425781,0.4818674100284348,1.0775591135025024,4.966501422941749
hdr_02513,bottle,S3,False,4.489486217498779,0.6390673498658392,1.0181701183319092,4.966501422941749
hdr_02513,bottle,S3,False,3.568183183670044,0.5231676076071564,0.6566858291625977,4.966501422941749
hdr_02513,bottle,S3,True,3.066357374191284,0.5633038373844483,0.950351893901825,4.966501422941749
hdr_02513,bottle,S3,True,3.260817766189575,0.7109062859582631,1.194858431816101,4.966501422941749
hdr_02513,bottle,S3,False,4.500543117523193,0.5500308168966117,0.8942693471908569,4.966501422941749
hdr_02513,bottle,S3,True,3.989305019378662,0.7850055060356669,0.9147566556930542,4.966501422941749
hdr_02518,person,S3,False,6.203537940979004,0.12347384066074461,1.8811216354370117,3.524636918768417
hdr_02518,person,S3,True,5.202275276184082,0.11181666873485996,2.3881473541259766,3.524636918768417
hdr_02518,car,S3,False,6.269743919372559,0.12419938141265907,1.1961743831634521,3.524636918768417
hdr_02518,car,S3,False,4.6078033447265625,0.12471917120036406,1.4484127759933472,3.524636918768417
hdr_02518,car,S3,False,4.015990257263184,0.17790417274324433,1.6506868600845337,3.524636918768417
hdr_02518,car,S3,False,4.202911376953125,0.13530332171194157,3.148634672164917,3.524636918768417
hdr_02518,car,S3,False,4.851211071014404,0.11988619050809744,2.0887246131896973,3.524636918768417
hdr_02518,car,S3,False,3.5763840675354004,0.10092275285960983,1.0201406478881836,3.524636918768417
hdr_02518,car,S3,False,4.027667999267578,0.09139628365420163,1.5283159017562866,3.524636918768417
hdr_02518,car,S3,True,2.6516501903533936,0.08066638195748488,1.0788686275482178,3.524636918768417
hdr_02518,car,S3,False,3.510267972946167,0.10686741768288331,1.1059339046478271,3.524636918768417
hdr_02518,car,S3,True,2.893522024154663,0.2548859554678072,1.251659870147705,3.524636918768417
hdr_02518,car,S3,True,2.7195522785186768,0.28536354524291757,1.8664928674697876,3.524636918768417
hdr_02518,car,S3,False,2.8456640243530273,0.17127817328782824,1.6121151447296143,3.524636918768417
hdr_02518,car,S3,True,2.083066940307617,0.19712399782327694,2.0099925994873047,3.524636918768417
hdr_02518,car,S3,True,2.8330798149108887,0.18010585118087385,1.2106599807739258,3.524636918768417
hdr_02518,car,S3,True,2.624419927597046,0.17615249768809854,1.1833341121673584,3.524636918768417
hdr_02518,car,S3,True,2.8703248500823975,0.20464175949145505,1.5837347507476807,3.524636918768417
hdr_02518,car,S3,True,2.9682769775390625,0.17620752856223315,1.7079734802246094,3.524636918768417
hdr_02518,car,S3,True,2.1403863430023193,0.14537572540972601,1.6777160167694092,3.524636918768417
hdr_02523,person,S3,False,36.66029739379883,0.4570002464430792,2.6616177558898926,5.373750562159909
hdr_02523,person,S3,False,18.51317596435547,1.0522368052656035,3.8419573307037354,5.373750562159909
hdr_02523,person,S3,False,26.7119197845459,0.47709395424819256,2.1718010902404785,5.373750562159909
hdr_02524,person,S3,False,4.670969486236572,0.2695952582608956,1.5077157020568848,3.3603945164895097
hdr_02524,person,S3,False,4.649881362915039,0.2532524769771634,1.864316463470459,3.3603945164895097
hdr_02524,person,S3,False,5.511645317077637,0.5413569538890717,1.644997000694275,3.3603945164895097
hdr_02524,person,S3,False,6.879584312438965,0.16213737502956874,1.7422082424163818,3.3603945164895097
hdr_02524,person,S3,False,6.872048377990723,0.17218653391772956,1.7663589715957642,3.3603945164895097
hdr_02524,person,S3,True,4.082165718078613,0.11001430515488585,1.4839142560958862,3.3603945164895097
hdr_02524,person,S3,True,3.4377005100250244,0.13301182138030979,0.9063683152198792,3.3603945164895097
hdr_02524,person,S3,False,2.9657206535339355,0.4509261814582897,1.3260616064071655,3.3603945164895097
hdr_02524,person,S3,False,2.134716033935547,1.163876645993469,2.201171636581421,3.3603945164895097
hdr_02524,person,S3,True,1.6609325408935547,0.39423875096183386,1.7136626243591309,3.3603945164895097
hdr_02524,person,S3,False,5.902133464813232,1.0866584463289892,2.4291694164276123,3.3603945164895097
hdr_02524,person,S3,True,2.664184093475342,2.441951455597941,2.8889408111572266,3.3603945164895097
hdr_02524,car,S3,False,20.906198501586914,0.22173329943690234,2.399846076965332,3.3603945164895097
hdr_02524,car,S3,False,12.692415237426758,0.310684343111638,2.867875099182129,3.3603945164895097
hdr_02524,car,S3,False,11.118735313415527,0.4146161705008605,2.784796714782715,3.3603945164895097
hdr_02524,car,S3,False,12.544001579284668,0.45269082376484215,2.3343265056610107,3.3603945164895097
hdr_02524,car,S3,False,14.617182731628418,0.6513159790857208,2.857348918914795,3.3603945164895097
hdr_02524,car,S3,False,17.216262817382812,1.8896622229714481,3.0141971111297607,3.3603945164895097
hdr_02531,person,S3,False,15.320631980895996,2.194547783894744,1.954844355583191,4.396667445401328
hdr_02531,person,S3,False,11.787875175476074,3.6876598279115687,1.8314311504364014,4.396667445401328
hdr_02531,person,S3,True,4.822497844696045,1.9496477039115208,1.7791887521743774,4.396667445401328
hdr_02531,person,S3,True,12.589773178100586,0.2583646122382536,1.5676604509353638,4.396667445401328
hdr_02531,person,S3,False,14.438119888305664,0.2854025795848904,1.1407450437545776,4.396667445401328
hdr_02531,person,S3,False,14.163097381591797,0.3392812189690786,0.879179835319519,4.396667445401328
hdr_02531,person,S3,True,7.526638507843018,0.6478826755359718,1.4666274785995483,4.396667445401328
hdr_02531,person,S3,True,7.037700653076172,0.6049112318639804,1.6120388507843018,4.396667445401328
hdr_02531,person,S3,True,6.035075664520264,0.7882443804840935,1.6250191926956177,4.396667445401328
hdr_02531,person,S3,False,12.669041633605957,0.30759202280694914,0.9442039132118225,4.396667445401328
hdr_02531,person,S3,True,12.669502258300781,0.36791987629875583,0.9683141112327576,4.396667445401328
hdr_02531,person,S3,False,12.289834022521973,0.3051021365754198,1.3106930255889893,4.396667445401328
hdr_02531,person,S3,True,10.277619361877441,0.3956428358305841,1.4664562940597534,4.396667445401328
hdr_02531,person,S3,True,10.03458309173584,0.4313387855878206,1.23691725730896,4.396667445401328
hdr_02531,person,S3,False,9.181235313415527,0.7022247771818817,2.011221170425415,4.396667445401328
hdr_02531,person,S3,True,8.066980361938477,0.8606777027298359,0.8792781233787537,4.396667445401328
hdr_02531,person,S3,True,5.51732873916626,0.9232840417709037,1.8923035860061646,4.396667445401328
hdr_02531,person,S3,True,4.787066459655762,0.7862172368523889,1.7636456489562988,4.396667445401328
hdr_02531,person,S3,True,12.193597793579102,0.3416545559563752,1.5794758796691895,4.396667445401328
hdr_02531,person,S3,False,8.190021514892578,0.7405035934877507,0.9715924263000488,4.396667445401328
hdr_02531,person,S3,False,11.133426666259766,0.35803942221512797,1.1321734189987183,4.396667445401328
hdr_02531,person,S3,False,11.686574935913086,0.36386623673105384,1.0716114044189453,4.396667445401328
hdr_02531,person,S3,True,7.339899063110352,0.7519896852299615,0.8325917720794678,4.396667445401328
hdr_02531,person,S3,False,8.454865455627441,0.9058475695650378,0.7670815587043762,4.396667445401328
hdr_02531,person,S3,True,10.453263282775879,1.1295121541538813,1.1305482387542725,4.396667445401328
hdr_02531,person,S3,False,7.058919906616211,0.8998283174578318,0.7828221917152405,4.396667445401328
hdr_02531,person,S3,True,14.611361503601074,0.36763384667776,1.3115315437316895,4.396667445401328
hdr_02531,person,S3,True,11.695067405700684,0.33821676705710246,1.0548417568206787,4.396667445401328
hdr_02531,person,S3,False,9.595358848571777,0.5005718433434225,0.9367313981056213,4.396667445401328
hdr_02531,person,S3,True,8.24569320678711,0.6553723408312987,0.838180422782898,4.396667445401328
hdr_02531,person,S3,True,6.561611652374268,0.8303974246467216,0.7662345767021179,4.396667445401328
hdr_02531,person,S3,False,6.913775444030762,0.7730132401956502,0.8265966176986694,4.396667445401328
hdr_02531,person,S3,False,8.445713996887207,0.7908328603955233,0.7786642909049988,4.396667445401328
hdr_02531,person,S3,True,12.590590476989746,0.23259119879407694,1.0162488222122192,4.396667445401328
hdr_02531,person,S3,False,12.649364471435547,0.1987208153711721,1.0204124450683594,4.396667445401328
hdr_02531,person,S3,True,10.802764892578125,0.23260104017051958,0.9609934091567993,4.396667445401328
hdr_02531,person,S3,True,10.529547691345215,0.6867718370967573,1.5626784563064575,4.396667445401328
hdr_02531,person,S3,True,8.738611221313477,0.8092482886799919,0.752377986907959,4.396667445401328
hdr_02531,person,S3,True,6.525312900543213,0.7802067646203272,0.7215213775634766,4.396667445401328
hdr_02531,person,S3,False,9.930856704711914,0.183889843080602,1.3260512351989746,4.396667445401328
hdr_02531,person,S3,False,10.374967575073242,0.29905388209376127,2.0813798904418945,4.396667445401328
hdr_02531,person,S3,True,8.61512279510498,0.2672723173271412,1.0921571254730225,4.396667445401328
hdr_02531,person,S3,True,8.747586250305176,0.2816224835042698,0.9243906140327454,4.396667445401328
hdr_02531,person,S3,True,4.257915019989014,7.1969091385114545,0.9243313074111938,4.396667445401328
hdr_02531,person,S3,True,7.35624885559082,0.6706697619804635,2.130215644836426,4.396667445401328
hdr_02531,person,S3,True,7.447372913360596,1.3751988965568065,0.8785003423690796,4.396667445401328
hdr_02531,person,S3,True,6.53536319732666,1.4332213491444012,1.471900463104248,4.396667445401328
hdr_02531,person,S3,False,67.58939361572266,0.5530289345823017,2.127107858657837,4.396667445401328
hdr_02531,person,S3,True,6.948097229003906,0.7133467200041683,0.37021180987358093,4.396667445401328
hdr_02537,person,S3,True,4.114154815673828,3.045611298695104,0.5811075568199158,3.980210869044156
hdr_02537,person,S3,True,4.535745620727539,2.03347539907073,0.7556402683258057,3.980210869044156
hdr_02537,person,S3,False,11.208889961242676,0.39970175920390083,1.6476969718933105,3.980210869044156
hdr_02537,person,S3,True,9.69726276397705,0.3599795121540071,1.6040769815444946,3.980210869044156
hdr_02537,person,S3,True,8.182608604431152,0.5315693903059701,1.3784279823303223,3.980210869044156
hdr_02537,person,S3,False,7.47912073135376,0.811538028711697,1.2334821224212646,3.980210869044156
hdr_02537,person,S3,True,4.73046875,1.2046291232137392,1.2559081315994263,3.980210869044156
hdr_02537,person,S3,True,3.8300697803497314,0.6821382475759831,0.7790079116821289,3.980210869044156
hdr_02537,person,S3,True,10.731313705444336,0.3865072899961053,0.8565456867218018,3.980210869044156
hdr_02537,person,S3,False,12.138154029846191,0.39367053376303474,1.6294571161270142,3.980210869044156
hdr_02537,person,S3,True,6.733530044555664,0.6473250718162911,1.2757208347320557,3.980210869044156
hdr_02537,person,S3,False,8.054306030273438,0.7742151381285576,1.2811912298202515,3.980210869044156
hdr_02537,person,S3,False,5.074638366699219,1.02370338193022,1.3136569261550903,3.980210869044156
hdr_02537,person,S3,False,12.022672653198242,0.425331063492409,2.183288812637329,3.980210869044156
hdr_02537,person,S3,True,8.377432823181152,0.771026369765793,1.9252537488937378,3.980210869044156
hdr_02537,person,S3,True,5.392860412597656,0.7653607671642441,0.9429467916488647,3.980210869044156
hdr_02537,person,S3,True,6.527333736419678,0.9778767385609141,1.700701355934143,3.980210869044156
hdr_02537,person,S3,True,4.60627555847168,1.1893583608611749,1.6770142316818237,3.980210869044156
hdr_02537,person,S3,False,11.819551467895508,0.5617126431405312,1.8367635011672974,3.980210869044156
hdr_02537,person,S3,True,6.278662204742432,0.6501533578255096,1.807501196861267,3.980210869044156
hdr_02537,person,S3,True,5.943992614746094,1.5082690965573102,1.4338359832763672,3.980210869044156
hdr_02537,person,S3,True,4.108111381530762,1.3020216002285896,1.0472757816314697,3.980210869044156
hdr_02537,person,S3,True,11.562076568603516,0.49011285450248665,1.74026358127594,3.980210869044156
hdr_02537,person,S3,True,8.856034278869629,0.634587225939169,1.5910388231277466,3.980210869044156
hdr_02537,person,S3,True,6.624726295471191,0.9778433948694247,1.5622820854187012,3.980210869044156
hdr_02537,person,S3,True,11.454890251159668,0.4064640450806709,1.3679956197738647,3.980210869044156
hdr_02537,person,S3,True,8.617595672607422,0.6687455686465564,1.8377461433410645,3.980210869044156
hdr_02537,person,S3,False,8.9824857711792,0.3595255285322431,0.9572077989578247,3.980210869044156
hdr_02537,person,S3,False,7.413117408752441,0.37414641307554336,2.298708200454712,3.980210869044156
hdr_02537,person,S3,True,10.16081714630127,0.6222491338744582,2.268265962600708,3.980210869044156
hdr_02537,person,S3,True,10.478930473327637,0.7258181592522492,1.9566773176193237,3.980210869044156
hdr_02537,person,S3,False,8.544160842895508,1.0826568809106902,1.8451439142227173,3.980210869044156
hdr_02537,person,S3,True,6.338404655456543,1.3167003268144872,1.7738910913467407,3.980210869044156
hdr_02537,person,S3,True,6.103507995605469,1.1309705931796405,1.4270436763763428,3.980210869044156
hdr_02537,person,S3,False,8.182461738586426,1.0474824355158479,1.146064043045044,3.980210869044156
hdr_02537,person,S3,False,8.561942100524902,0.7934264764656057,1.965367317199707,3.980210869044156
hdr_02537,person,S3,False,7.933147430419922,0.6208280905781379,1.8583972454071045,3.980210869044156
hdr_02537,person,S3,False,10.897809028625488,0.30729298314430087,1.1706196069717407,3.980210869044156
hdr_02537,person,S3,True,8.462594032287598,0.42748418605965094,1.2328238487243652,3.980210869044156
hdr_02537,person,S3,True,5.736730575561523,1.0205926933783596,1.4527314901351929,3.980210869044156
hdr_02537,person,S3,True,5.324748992919922,0.963024717400637,1.3641542196273804,3.980210869044156
hdr_02537,person,S3,False,8.609715461730957,0.2774447293580552,1.4161478281021118,3.980210869044156
hdr_02537,person,S3,False,7.070709228515625,0.5517624688039664,1.1365867853164673,3.980210869044156
hdr_02537,person,S3,False,7.413151264190674,0.7613906912749284,1.0739877223968506,3.980210869044156
hdr_02537,person,S3,True,3.6084606647491455,0.9190799549304437,0.905672013759613,3.980210869044156
hdr_02537,person,S3,True,5.1221489906311035,0.8034293060483141,1.0250084400177002,3.980210869044156
hdr_02537,person,S3,False,7.484143257141113,0.954442051211279,1.6209346055984497,3.980210869044156
hdr_02537,person,S3,True,9.414982795715332,1.1631267861451404,2.088608980178833,3.980210869044156
hdr_02537,person,S3,True,7.678340435028076,0.5149421880593462,2.1769979000091553,3.980210869044156
hdr_02537,person,S3,True,9.41356086730957,0.24434697074878353,2.2471256256103516,3.980210869044156
hdr_02537,person,S3,False,10.302691459655762,0.22224704989374014,2.228497266769409,3.980210869044156
hdr_02537,person,S3,False,8.44446849822998,0.3262309263664777,0.9652683734893799,3.980210869044156
hdr_02537,person,S3,False,9.590242385864258,0.30265337056094743,2.0298469066619873,3.980210869044156
hdr_02537,person,S3,True,8.052814483642578,0.5765448433286452,2.294127941131592,3.980210869044156
hdr_02537,person,S3,True,5.2532148361206055,0.5869917923577185,1.0946440696716309,3.980210869044156
hdr_02537,person,S3,True,6.470066070556641,0.5697907081320169,1.3298695087432861,3.980210869044156
hdr_02537,person,S3,True,7.697910308837891,0.5345479081696212,1.490667700767517,3.980210869044156
hdr_02537,person,S3,False,7.796140193939209,0.5135491164153309,1.8937082290649414,3.980210869044156
hdr_02537,person,S3,True,6.9616780281066895,0.7210428332134659,1.2698711156845093,3.980210869044156
hdr_02537,person,S3,True,5.084227561950684,1.1174349068622706,1.384068489074707,3.980210869044156
hdr_02537,person,S3,True,4.8904619216918945,0.9600500896343263,1.610810399055481,3.980210869044156
hdr_02537,person,S3,True,5.091573715209961,0.7874553622907857,1.723515510559082,3.980210869044156
hdr_02537,person,S3,False,5.073062896728516,0.8730964109684073,0.9884907603263855,3.980210869044156
hdr_02537,person,S3,True,4.748385429382324,0.5710149310271848,1.1499309539794922,3.980210869044156
hdr_02537,person,S3,False,6.784889221191406,0.5577536355043627,1.005688190460205,3.980210869044156
hdr_02537,person,S3,True,4.037618637084961,0.6139805004239743,0.8355305194854736,3.980210869044156
hdr_02537,person,S3,True,7.302731513977051,0.5933879459776625,0.9790918827056885,3.980210869044156
hdr_02537,person,S3,False,65.15494537353516,0.62213039328421,2.0620346069335938,3.980210869044156
hdr_02546,person,S3,False,8.980512619018555,0.6782738153575916,0.5276016592979431,2.044158223900779
hdr_02546,person,S3,False,8.748465538024902,0.5334556109104942,0.4075898826122284,2.044158223900779
hdr_02546,person,S3,False,10.103708267211914,0.42032651053328113,0.33426040410995483,2.044158223900779
hdr_02546,person,S3,True,9.103355407714844,0.46799653411621334,0.28777140378952026,2.044158223900779
hdr_02546,person,S3,True,8.690205574035645,0.46165291715749474,0.2605649530887604,2.044158223900779
hdr_02546,person,S3,False,8.57959270477295,0.5409722094882679,0.2636817991733551,2.044158223900779
hdr_02546,person,S3,True,7.3857598304748535,0.3871897929680329,1.1090497970581055,2.044158223900779
hdr_02546,person,S3,False,9.27017593383789,0.6762641338989528,0.37536823749542236,2.044158223900779
hdr_02546,person,S3,False,8.813754081726074,0.6871878644326006,0.31787633895874023,2.044158223900779
hdr_02546,person,S3,False,9.881366729736328,0.6283366034128122,0.4875869154930115,2.044158223900779
hdr_02546,person,S3,False,10.375829696655273,0.654738358864824,0.3171432912349701,2.044158223900779
hdr_02546,person,S3,True,7.8933939933776855,0.6398480103310484,0.25979289412498474,2.044158223900779
hdr_02546,person,S3,True,9.069120407104492,0.5438468865112752,0.3134511113166809,2.044158223900779
hdr_02546,person,S3,True,5.187330722808838,1.1307201362072938,0.8614247441291809,2.044158223900779
hdr_02546,person,S3,True,8.066839218139648,3.0782865247222433,1.1759058237075806,2.044158223900779
hdr_02546,person,S3,True,6.1708502769470215,3.985482238188669,0.6379870176315308,2.044158223900779
hdr_02546,person,S3,True,4.632256507873535,1.1340536571249478,1.1556227207183838,2.044158223900779
hdr_02546,person,S3,True,4.671081066131592,1.199231620899254,0.8055399656295776,2.044158223900779
hdr_02546,person,S3,True,10.620821952819824,0.5852720910572231,0.37774839997291565,2.044158223900779
hdr_02546,person,S3,False,10.101850509643555,0.5845231237721394,0.4291606545448303,2.044158223900779
hdr_02546,person,S3,True,9.403160095214844,0.5651846029946467,0.2718814015388489,2.044158223900779
hdr_02546,person,S3,True,9.5652437210083,0.5996545919271717,0.3187505900859833,2.044158223900779
hdr_02546,person,S3,True,6.2837677001953125,0.561890812014586,0.17904719710350037,2.044158223900779
hdr_02546,person,S3,True,8.765053749084473,0.3144752339165941,0.27046483755111694,2.044158223900779
hdr_02546,person,S3,True,5.352263450622559,0.9211252192786941,0.7799555659294128,2.044158223900779
hdr_02546,person,S3,True,8.83796215057373,0.6087761956761604,0.2857714593410492,2.044158223900779
hdr_02546,person,S3,False,75.57642364501953,0.7716637759712073,1.2644882202148438,2.044158223900779
hdr_02554,person,S3,False,32.899112701416016,2.3304232827435083,3.0458459854125977,7.272379565481423
hdr_02555,person,S3,False,50.49202346801758,1.2714130936236026,4.215290069580078,4.9297503524371376
hdr_02555,person,S3,False,29.93217658996582,10.195256356800204,3.85381817817688,4.9297503524371376
hdr_02555,person,S3,False,16.80194664001465,0.9664811433737805,3.196593999862671,4.9297503524371376
hdr_02555,person,S3,False,53.16984176635742,0.873591605479483,4.26369047164917,4.9297503524371376
hdr_02555,bottle,S3,True,8.021065711975098,2.2543583449877946,3.478376865386963,4.9297503524371376
hdr_02555,bottle,S3,True,8.44369125366211,2.2041829380297333,3.9227702617645264,4.9297503524371376
hdr_02555,bottle,S3,False,6.075909614562988,1.5040324134226315,1.8098516464233398,4.9297503524371376
hdr_02555,bottle,S3,False,7.365375518798828,2.7790497665174128,3.489638090133667,4.9297503524371376
hdr_02555,bottle,S3,True,8.246341705322266,1.318407452884406,3.2328667640686035,4.9297503524371376
hdr_02555,bottle,S3,True,7.954090118408203,1.2400405540967727,2.0196921825408936,4.9297503524371376
hdr_02555,bottle,S3,False,7.087112903594971,1.3215312116666051,1.8244271278381348,4.9297503524371376
hdr_02555,bottle,S3,False,6.9097137451171875,1.8920842251946561,1.7896677255630493,4.9297503524371376
hdr_02555,bottle,S3,False,5.817906856536865,2.0984185233620765,2.035764694213867,4.9297503524371376
hdr_02555,bottle,S3,False,5.527758598327637,1.5145000462950915,2.050652265548706,4.9297503524371376
hdr_02555,bottle,S3,True,4.738472938537598,1.5534156599249314,2.2522525787353516,4.9297503524371376
hdr_02555,bottle,S3,True,5.621124267578125,0.6337104113929094,1.966545581817627,4.9297503524371376
hdr_02555,bottle,S3,True,4.9574995040893555,0.9598843449769019,1.6752078533172607,4.9297503524371376
hdr_02555,bottle,S3,True,6.690192222595215,0.7552032556241476,2.010512113571167,4.9297503524371376
hdr_02555,bottle,S3,True,5.760838508605957,1.5177653127319166,1.5115517377853394,4.9297503524371376
hdr_02555,bottle,S3,False,4.276514053344727,1.4967493583742375,0.7278497219085693,4.9297503524371376
hdr_02555,bottle,S3,False,4.361013412475586,1.542680947744239,1.0388524532318115,4.9297503524371376
hdr_02555,bottle,S3,True,4.0253095626831055,1.3186089726947716,1.381731629371643,4.9297503524371376
hdr_02555,diningtable,S3,False,44.51293182373047,1.648586365762692,4.292335510253906,4.9297503524371376
hdr_02555,chair,S3,False,34.97985076904297,0.7906971677691756,3.08919095993042,4.9297503524371376
hdr_02555,chair,S3,False,36.57624053955078,0.5623646322445011,2.803842544555664,4.9297503524371376
hdr_02555,bottle,S3,True,4.906821250915527,1243.0388315966118,2.2245635986328125,4.9297503524371376
hdr_02565,person,S3,False,47.070343017578125,1.7406551182815284,3.4795005321502686,6.352859297888173
hdr_02570,person,S3,False,10.0404634475708,0.42255697387270447,0.31157001852989197,2.4285483422097625
hdr_02570,person,S3,True,10.658515930175781,0.2718204857106309,0.8766454458236694,2.4285483422097625
hdr_02570,person,S3,True,10.847412109375,0.3146279220926614,0.3653212785720825,2.4285483422097625
hdr_02570,person,S3,True,9.090493202209473,0.33991386009084934,0.41791218519210815,2.4285483422097625
hdr_02570,person,S3,True,8.122370719909668,0.3220331360540047,0.25376251339912415,2.4285483422097625
hdr_02570,person,S3,True,10.013182640075684,0.5658194099694122,0.33499521017074585,2.4285483422097625
hdr_02570,person,S3,True,10.669869422912598,0.26974075824588206,0.4564181864261627,2.4285483422097625
hdr_02570,person,S3,True,9.096174240112305,0.3230855158052923,0.28831687569618225,2.4285483422097625
hdr_02570,person,S3,True,6.693813800811768,0.3312942475740667,0.3127516806125641,2.4285483422097625
hdr_02570,person,S3,True,10.659542083740234,0.3508185211199334,0.34449851512908936,2.4285483422097625
hdr_02570,person,S3,True,11.907235145568848,0.37642966347395046,0.43320226669311523,2.4285483422097625
hdr_02570,person,S3,True,8.819456100463867,0.2925212385173482,0.4448726773262024,2.4285483422097625
hdr_02570,person,S3,True,9.714557647705078,0.5253715613563885,0.3998565971851349,2.4285483422097625
hdr_02570,person,S3,True,5.352104663848877,0.7540436817545507,0.41862308979034424,2.4285483422097625
hdr_02570,person,S3,True,8.740019798278809,0.4026605609000842,1.0567806959152222,2.4285483422097625
hdr_02570,person,S3,True,8.323521614074707,0.40865862431132727,0.3123070299625397,2.4285483422097625
hdr_02570,person,S3,True,7.511466026306152,0.8711374027648522,0.42902708053588867,2.4285483422097625
hdr_02570,person,S3,True,10.021607398986816,0.19795550300713263,0.31268662214279175,2.4285483422097625
hdr_02570,person,S3,True,6.493068695068359,0.2875710469692248,1.0160681009292603,2.4285483422097625
hdr_02570,person,S3,True,7.166664123535156,0.8893383989975305,0.43710044026374817,2.4285483422097625
hdr_02570,person,S3,True,9.821232795715332,0.5153569430705698,0.40296173095703125,2.4285483422097625
hdr_02570,person,S3,True,9.825615882873535,1.1729656537106072,0.48786863684654236,2.4285483422097625
hdr_02570,person,S3,True,6.141524314880371,2.227982890814282,0.4936192035675049,2.4285483422097625
hdr_02570,person,S3,True,5.231995582580566,0.5583943347831409,0.2245658040046692,2.4285483422097625
hdr_02570,person,S3,False,73.8560791015625,0.6415396803408769,1.417059063911438,2.4285483422097625
hdr_02579,person,S3,False,47.42341995239258,1.078582367518221,3.0466322898864746,7.540065876143137
hdr_02585,person,S3,False,6.329385757446289,0.6893861412309162,1.624308705329895,5.333972278016633
hdr_02585,person,S3,False,6.879589080810547,0.7590345715045937,1.6319414377212524,5.333972278016633
hdr_02585,person,S3,True,5.080528259277344,1.3560371922242567,1.7978198528289795,5.333972278016633
hdr_02585,person,S3,False,6.987712383270264,0.6161119351681936,1.6745210886001587,5.333972278016633
hdr_02585,person,S3,True,3.8791112899780273,1.395956280158268,1.6208906173706055,5.333972278016633
hdr_02585,person,S3,False,7.144162654876709,0.8690348061387313,1.6984014511108398,5.333972278016633
hdr_02585,person,S3,False,7.095537185668945,0.2750887938576294,2.095109701156616,5.333972278016633
hdr_02585,person,S3,False,7.314029216766357,0.3716557253203594,2.528261661529541,5.333972278016633
hdr_02585,person,S3,True,5.719379901885986,1.025179515067103,1.8855559825897217,5.333972278016633
hdr_02585,person,S3,False,6.293697834014893,1.1914724696743357,1.7493118047714233,5.333972278016633
hdr_02585,person,S3,False,5.231996059417725,1.7111923516294223,1.7256414890289307,5.333972278016633
hdr_02585,person,S3,False,4.181809902191162,3.342759134650147,1.5353901386260986,5.333972278016633
hdr_02585,person,S3,False,5.818714618682861,2.108189641206096,1.742536187171936,5.333972278016633
hdr_02585,person,S3,True,4.280529975891113,1.5382717807118926,1.6676479578018188,5.333972278016633
hdr_02585,person,S3,True,3.792243003845215,1.0171249401244007,1.6252676248550415,5.333972278016633
hdr_02585,person,S3,True,4.130913734436035,1.1847103776763654,1.28065025806427,5.333972278016633
hdr_02585,person,S3,False,6.874023914337158,1.0588957223642885,1.7775822877883911,5.333972278016633
hdr_02585,person,S3,False,6.039373874664307,1.1170579337224003,1.3733278512954712,5.333972278016633
hdr_02585,person,S3,True,6.712953567504883,1.1565992926179791,1.2865135669708252,5.333972278016633
hdr_02585,person,S3,True,2.913235664367676,2.7356856017479765,1.5812629461288452,5.333972278016633
hdr_02585,person,S3,False,6.387450695037842,0.8972643255713062,1.557100534439087,5.333972278016633
hdr_02585,person,S3,False,7.18671989440918,0.536797057272916,1.5806297063827515,5.333972278016633
hdr_02585,person,S3,True,4.409305572509766,1.0271391091532374,1.0915749073028564,5.333972278016633
hdr_02585,person,S3,True,6.095190525054932,0.5260574377984103,1.6734466552734375,5.333972278016633
hdr_02585,person,S3,False,6.280094146728516,0.39169934651998467,1.4898625612258911,5.333972278016633
hdr_02585,person,S3,False,8.330826759338379,0.9566581267289304,1.4775505065917969,5.333972278016633
hdr_02585,person,S3,True,5.970632076263428,0.5766870553623238,1.6845685243606567,5.333972278016633
hdr_02585,person,S3,False,7.465023517608643,0.381202980396238,1.9438989162445068,5.333972278016633
hdr_02585,person,S3,True,8.228862762451172,0.40567248777468357,1.7309049367904663,5.333972278016633
hdr_02585,person,S3,False,6.69921875,0.5299767855857386,1.8183907270431519,5.333972278016633
hdr_02585,person,S3,False,6.802081108093262,0.9685826485980291,1.7392233610153198,5.333972278016633
hdr_02585,person,S3,False,5.270754337310791,0.6302595755867489,1.7169431447982788,5.333972278016633
hdr_02585,person,S3,False,7.938194274902344,0.33570801968309066,1.8618561029434204,5.333972278016633
hdr_02585,person,S3,False,5.818542003631592,0.7581736876808938,1.7092565298080444,5.333972278016633
hdr_02585,person,S3,False,5.891942977905273,0.38941246175423655,1.7004462480545044,5.333972278016633
hdr_02585,person,S3,False,6.453274250030518,0.30361182543284015,1.7681498527526855,5.333972278016633
hdr_02585,person,S3,False,6.866000652313232,0.44651881949340416,1.9736531972885132,5.333972278016633
hdr_02585,person,S3,False,6.1049418449401855,0.8199289138370774,1.6746959686279297,5.333972278016633
hdr_02585,person,S3,True,5.663161754608154,1.0941460698063694,2.2022173404693604,5.333972278016633
hdr_02585,person,S3,False,6.291502952575684,0.6695449518305693,2.1580398082733154,5.333972278016633
hdr_02585,person,S3,True,5.879108905792236,0.45321930007838696,2.054990530014038,5.333972278016633
hdr_02585,person,S3,True,5.4280781745910645,1.2038552463794117,1.262776494026184,5.333972278016633
hdr_02585,person,S3,True,4.549639701843262,1.5217747662317742,1.5272098779678345,5.333972278016633
hdr_02585,person,S3,False,4.436046600341797,1.1952092178335352,2.514007568359375,5.333972278016633
hdr_02585,person,S3,False,4.463392734527588,0.942511922845911,1.6200207471847534,5.333972278016633
hdr_02585,person,S3,True,2.8763937950134277,2.128469372982565,1.7293697595596313,5.333972278016633
hdr_02585,person,S3,True,3.018822431564331,2.1503644091617127,1.8367258310317993,5.333972278016633
hdr_02585,person,S3,True,4.1841206550598145,0.5004132433891831,1.7111831903457642,5.333972278016633
hdr_02585,person,S3,True,4.762885570526123,0.27534695126457426,1.5658104419708252,5.333972278016633
hdr_02585,person,S3,False,6.305795192718506,0.36399535967098867,1.7758269309997559,5.333972278016633
hdr_02585,person,S3,True,3.6285014152526855,0.9973239737190612,1.163450002670288,5.333972278016633
hdr_02585,person,S3,True,4.650766372680664,0.5495157039670567,1.8863645792007446,5.333972278016633
hdr_02585,person,S3,True,5.024778842926025,0.3485611420649049,1.6153271198272705,5.333972278016633
hdr_02585,person,S3,True,2.7638814449310303,3.921222945047887,1.5705881118774414,5.333972278016633
hdr_02585,person,S3,True,3.705399513244629,0.5419155530989025,1.8982110023498535,5.333972278016633
hdr_02585,person,S3,True,3.4720680713653564,1.88137009736359,1.4530326128005981,5.333972278016633
hdr_02585,person,S3,True,2.7082672119140625,1.4069923846058936,1.6118621826171875,5.333972278016633
hdr_02585,person,S3,False,2.9206204414367676,2.687908345202043,1.5913962125778198,5.333972278016633
hdr_02585,person,S3,False,44.84585952758789,1.172554972623623,2.960310459136963,5.333972278016633
hdr_02585,person,S3,True,3.4019317626953125,1.05952747877,1.2418668270111084,5.333972278016633
hdr_02585,person,S3,True,3.5943069458007812,0.5612067888115589,1.4188297986984253,5.333972278016633
hdr_02587,person,S3,False,23.756763458251953,0.6427058098366559,1.4116411209106445,4.071666868889588
hdr_02594,person,S3,False,14.074747085571289,4.202519275513795,1.9337903261184692,4.199820430725448
hdr_02594,person,S3,False,15.778053283691406,6.555380336875055,1.4965327978134155,4.199820430725448
hdr_02594,person,S3,True,5.522217273712158,10.625457596495743,0.8256072998046875,4.199820430725448
hdr_02594,person,S3,True,5.055422306060791,8.036393693177939,0.8376731276512146,4.199820430725448
hdr_02594,person,S3,True,18.41985321044922,0.4511192403241648,1.3699448108673096,4.199820430725448
hdr_02594,person,S3,True,23.08165740966797,0.38100398443778,1.2355612516403198,4.199820430725448
hdr_02594,person,S3,True,10.033332824707031,1.2744897011244924,1.0970004796981812,4.199820430725448
hdr_02594,person,S3,True,23.123964309692383,0.6691554767800963,1.2690048217773438,4.199820430725448
hdr_02594,person,S3,True,12.62186336517334,1.2088310871494825,1.3506455421447754,4.199820430725448
hdr_02594,person,S3,True,15.034855842590332,0.6366555801824608,1.2430453300476074,4.199820430725448
hdr_02594,person,S3,True,7.349170207977295,3.6274488306013226,2.0481302738189697,4.199820430725448
hdr_02594,person,S3,False,15.17306900024414,0.7702005546305877,1.0068273544311523,4.199820430725448
hdr_02594,person,S3,True,10.353082656860352,1.1446311030373377,1.0118316411972046,4.199820430725448
hdr_02594,person,S3,True,9.006361961364746,1.8354907771656066,1.3499504327774048,4.199820430725448
hdr_02594,person,S3,True,15.156905174255371,2.2017797024112773,1.4062252044677734,4.199820430725448
hdr_02594,person,S3,True,12.19360637664795,2.223251285471935,1.1341403722763062,4.199820430725448
hdr_02594,person,S3,True,7.732685565948486,1.6515192597572441,0.9673318266868591,4.199820430725448
hdr_02594,person,S3,True,15.86740779876709,0.614439582162534,1.1275612115859985,4.199820430725448
hdr_02594,person,S3,False,15.829181671142578,0.40195158011943466,1.587306261062622,4.199820430725448
hdr_02594,person,S3,False,17.820886611938477,0.38028697931164884,1.243493914604187,4.199820430725448
hdr_02594,person,S3,True,17.648235321044922,0.40697123149261805,1.121782660484314,4.199820430725448
hdr_02594,person,S3,True,28.178739547729492,0.5373394144865727,1.2332584857940674,4.199820430725448
hdr_02594,person,S3,False,13.032105445861816,0.7329200630787249,1.0757064819335938,4.199820430725448
hdr_02594,person,S3,True,10.701014518737793,0.839401930571385,1.0067542791366577,4.199820430725448
hdr_02594,person,S3,True,12.819293022155762,0.6944671036045736,0.9577839374542236,4.199820430725448
hdr_02594,person,S3,True,13.785738945007324,1.1347533049365273,0.9205337762832642,4.199820430725448
hdr_02594,person,S3,True,11.121191024780273,0.8867781037778957,1.0300116539001465,4.199820430725448
hdr_02594,person,S3,True,8.142115592956543,1.5632346491803968,0.8148208260536194,4.199820430725448
hdr_02594,person,S3,False,11.045512199401855,1.748761797717401,0.9082249402999878,4.199820430725448
hdr_02594,person,S3,True,7.592426300048828,1.73760681628387,1.044475793838501,4.199820430725448
hdr_02594,person,S3,True,9.689911842346191,1.6715937619815437,0.8667742013931274,4.199820430725448
hdr_02594,person,S3,True,10.175651550292969,1.7390083286501363,1.006425142288208,4.199820430725448
hdr_02594,person,S3,False,9.471099853515625,1.1702598714790675,0.880852222442627,4.199820430725448
hdr_02594,person,S3,True,23.688201904296875,0.360893332418578,1.2595432996749878,4.199820430725448
hdr_02594,person,S3,True,17.08850860595703,0.35174259245156175,1.2981994152069092,4.199820430725448
hdr_02594,person,S3,True,15.794576644897461,0.44792480481572716,1.2253531217575073,4.199820430725448
hdr_02594,person,S3,True,10.414629936218262,2.329919195155386,1.1230424642562866,4.199820430725448
hdr_02594,person,S3,True,7.597439765930176,1.5502258110684517,1.2190874814987183,4.199820430725448
hdr_02594,person,S3,True,8.228531837463379,1.1370870798909647,1.1535338163375854,4.199820430725448
hdr_02594,person,S3,True,10.454206466674805,0.9375696734980068,1.64400053024292,4.199820430725448
hdr_02594,person,S3,True,16.0023136138916,0.7147332284647342,1.285036325454712,4.199820430725448
hdr_02594,person,S3,True,16.61623764038086,0.5306361920749801,0.8544526100158691,4.199820430725448
hdr_02594,person,S3,True,12.923296928405762,0.4971611537340399,1.2407735586166382,4.199820430725448
hdr_02594,person,S3,False,13.877177238464355,0.5202527482050663,1.4887328147888184,4.199820430725448
hdr_02594,person,S3,True,7.137812614440918,1.2377252366108709,1.6067917346954346,4.199820430725448
hdr_02594,person,S3,True,8.59173583984375,1.6688788754549704,1.184235692024231,4.199820430725448
hdr_02594,person,S3,True,14.091493606567383,3.3476870039969118,0.8863626718521118,4.199820430725448
hdr_02594,person,S3,True,8.09015941619873,1.5935515659385389,1.0505937337875366,4.199820430725448
hdr_02594,person,S3,True,7.946962833404541,2.48801189094366,0.8834238052368164,4.199820430725448
hdr_02594,person,S3,False,15.623590469360352,0.38612108843626736,1.0580602884292603,4.199820430725448
hdr_02594,person,S3,True,11.979933738708496,0.3245719388304438,1.1909068822860718,4.199820430725448
hdr_02594,person,S3,True,15.037968635559082,0.27754011191090194,1.3693013191223145,4.199820430725448
hdr_02594,person,S3,True,14.100541114807129,0.2902465801719565,1.2632519006729126,4.199820430725448
hdr_02594,person,S3,False,89.62650299072266,0.7961573383509194,1.924345850944519,4.199820430725448
hdr_02602,person,S3,True,16.372543334960938,2.8130361555724734,1.6943366527557373,3.675308330697416
hdr_02602,person,S3,True,17.831388473510742,1.1298218839115362,1.360433578491211,3.675308330697416
hdr_02602,person,S3,True,6.223143100738525,1.375973206001788,0.7264901399612427,3.675308330697416
hdr_02602,person,S3,True,5.031093120574951,0.9728849466523275,0.6474363207817078,3.675308330697416
hdr_02602,person,S3,True,7.924071788787842,0.49011241238666325,0.4491858184337616,3.675308330697416
hdr_02602,person,S3,True,7.016483783721924,0.42843470458862504,0.9158236384391785,3.675308330697416
hdr_02602,person,S3,True,8.824213027954102,0.9058678374786221,0.33776748180389404,3.675308330697416
hdr_02602,person,S3,True,5.943807125091553,1.0236193816164267,1.0850939750671387,3.675308330697416
hdr_02602,person,S3,True,6.335256099700928,0.4818978236543083,0.3116500973701477,3.675308330697416
hdr_02602,person,S3,True,4.9097580909729,0.4396159842368351,0.29883110523223877,3.675308330697416
hdr_02602,person,S3,True,7.046441555023193,0.4178848035636876,0.6805407404899597,3.675308330697416
hdr_02602,person,S3,True,6.211294651031494,1.1950059137884441,0.4049506187438965,3.675308330697416
hdr_02602,person,S3,True,7.2656779289245605,1.561654293293338,0.33831655979156494,3.675308330697416
hdr_02602,person,S3,True,7.739346504211426,1.4673330261263595,0.2711538076400757,3.675308330697416
hdr_02602,person,S3,True,6.173629283905029,1.3844632403658257,0.5506530404090881,3.675308330697416
hdr_02602,person,S3,True,6.520566463470459,1.4513970166668997,0.4458874464035034,3.675308330697416
hdr_02602,person,S3,True,6.436841011047363,1.2587927969178707,1.2006207704544067,3.675308330697416
hdr_02602,person,S3,True,8.277918815612793,1.3797476566796216,0.32548075914382935,3.675308330697416
hdr_02602,person,S3,False,44.58023452758789,1.1323351220497317,1.0090640783309937,3.675308330697416
hdr_02604,person,S3,False,33.86996841430664,2.11313650672898,2.9087438583374023,7.169797848241905
hdr_02613,person,S3,False,38.0363655090332,1.5401153850622709,3.36000919342041,4.963731320703522
hdr_02613,person,S3,True,20.688695907592773,47.56036085248128,3.7033395767211914,4.963731320703522
hdr_02613,person,S3,True,24.475284576416016,0.48341158679688273,1.281122088432312,4.963731320703522
hdr_02613,bottle,S3,True,6.576111316680908,2.804013949855709,2.463057041168213,4.963731320703522
hdr_02613,bottle,S3,True,5.840782642364502,3.063950102414708,1.989943027496338,4.963731320703522
hdr_02613,bottle,S3,True,7.62185525894165,1.974982129751612,2.8150415420532227,4.963731320703522
hdr_02613,bottle,S3,False,4.5722551345825195,0.7010501228037421,1.014861822128296,4.963731320703522
hdr_02613,bottle,S3,False,5.2662034034729,0.5241729429398313,0.7905166745185852,4.963731320703522
hdr_02613,bottle,S3,False,6.504952907562256,0.6535385001788219,1.205039620399475,4.963731320703522
hdr_02613,bottle,S3,False,5.80812406539917,0.4851967414471503,1.0734416246414185,4.963731320703522
hdr_02613,bottle,S3,True,5.740746974945068,0.6942774936417568,1.0526319742202759,4.963731320703522
hdr_02613,bottle,S3,False,4.591064929962158,0.5587572652845735,1.0206608772277832,4.963731320703522
hdr_02613,bottle,S3,True,3.915926456451416,0.6460780793370587,0.9315209984779358,4.963731320703522
hdr_02613,bottle,S3,False,4.776076316833496,0.6258365512513631,0.685162365436554,4.963731320703522
hdr_02613,bottle,S3,True,3.574556827545166,0.6418867082755764,0.9020329713821411,4.963731320703522
hdr_02613,bottle,S3,True,4.239014625549316,0.7394846460703997,1.1189197301864624,4.963731320703522
hdr_02613,bottle,S3,False,7.390946388244629,82.84518483749812,3.0613560676574707,4.963731320703522
hdr_02613,diningtable,S3,False,18.753156661987305,0.5313346906923024,1.6523510217666626,4.963731320703522
hdr_02613,diningtable,S3,False,38.79077911376953,0.8183902881347758,1.5197948217391968,4.963731320703522
hdr_02613,diningtable,S3,False,33.776756286621094,0.6589016438400207,3.959534168243408,4.963731320703522
hdr_02613,chair,S3,False,24.95808982849121,0.5679775335444179,1.4237251281738281,4.963731320703522
hdr_02613,chair,S3,False,24.28506851196289,0.6250462573229819,1.5494872331619263,4.963731320703522
hdr_02613,chair,S3,False,21.39876365661621,0.7877838966102475,3.199385166168213,4.963731320703522
hdr_02613,chair,S3,False,21.982160568237305,0.730381841567495,0.9212540984153748,4.963731320703522
hdr_02613,chair,S3,False,19.07877540588379,0.4012341493562811,1.4563461542129517,4.963731320703522
hdr_02614,person,S3,False,48.72201919555664,1.090615815218135,4.237623691558838,4.951908564759313
hdr_02614,person,S3,False,25.432878494262695,58.01479710117823,3.717616081237793,4.951908564759313
hdr_02614,person,S3,False,14.213557243347168,1.1802784583206347,3.3764665126800537,4.951908564759313
hdr_02614,person,S3,False,51.35959243774414,0.920130905229324,4.27047872543335,4.951908564759313
hdr_02614,bottle,S3,False,6.780745029449463,2.9188976219175884,3.7716472148895264,4.951908564759313
hdr_02614,bottle,S3,True,8.032832145690918,2.350028246199875,3.6385953426361084,4.951908564759313
hdr_02614,bottle,S3,False,6.194215297698975,1.5813594514125138,1.8606661558151245,4.951908564759313
hdr_02614,bottle,S3,False,6.675784111022949,2.796040078155307,3.689002752304077,4.951908564759313
hdr_02614,bottle,S3,False,5.5232367515563965,1.9650587141694578,3.3883931636810303,4.951908564759313
hdr_02614,bottle,S3,False,6.060212135314941,1.146148460605615,2.0766098499298096,4.951908564759313
hdr_02614,bottle,S3,False,6.075906753540039,1.4837667673611217,1.8127485513687134,4.951908564759313
hdr_02614,bottle,S3,False,6.05227518081665,1.9350942342751416,1.7332689762115479,4.951908564759313
hdr_02614,bottle,S3,False,5.842953681945801,1.4561254028883948,1.9784246683120728,4.951908564759313
hdr_02614,bottle,S3,False,5.311278343200684,2.021121282714945,1.7405246496200562,4.951908564759313
hdr_02614,bottle,S3,True,3.4127302169799805,1.4950078877265012,2.243734121322632,4.951908564759313
hdr_02614,bottle,S3,False,4.606452941894531,0.7427997787946944,1.9629414081573486,4.951908564759313
hdr_02614,bottle,S3,False,3.778164863586426,0.6292120767732444,1.6850742101669312,4.951908564759313
hdr_02614,bottle,S3,True,5.743308067321777,0.7457995596998871,2.062196731567383,4.951908564759313
hdr_02614,bottle,S3,True,5.060546398162842,1.3873124986744085,1.5878092050552368,4.951908564759313
hdr_02614,bottle,S3,False,4.974053859710693,1.4549619122954187,1.2669847011566162,4.951908564759313
hdr_02614,bottle,S3,True,4.670965194702148,1.405504472323687,1.1603808403015137,4.951908564759313
hdr_02614,bottle,S3,True,4.6895432472229,1.310444490810399,1.3450523614883423,4.951908564759313
hdr_02614,chair,S3,False,34.0208740234375,0.765367066341427,3.0607738494873047,4.951908564759313
hdr_02614,chair,S3,False,37.818058013916016,0.6180111290131989,2.6978628635406494,4.951908564759313
hdr_02614,diningtable,S3,False,41.99090576171875,1.705044686668828,4.303369522094727,4.951908564759313
hdr_02614,bottle,S3,True,5.153905391693115,984.1709620706873,2.2205281257629395,4.951908564759313
hdr_02617,person,S3,False,9.354351043701172,0.40491520002210163,0.8983702063560486,2.442564747018057
hdr_02617,person,S3,True,9.16565227508545,0.34137311472267823,0.4337487816810608,2.442564747018057
hdr_02617,person,S3,False,11.056961059570312,0.3055627201261866,0.2790325880050659,2.442564747018057
hdr_02617,person,S3,True,10.851744651794434,0.2663528746607591,0.3949601650238037,2.442564747018057
hdr_02617,person,S3,True,10.952385902404785,0.4001563842907334,0.4094492495059967,2.442564747018057
hdr_02617,person,S3,True,11.977582931518555,0.36670481215970685,0.4448961913585663,2.442564747018057
hdr_02617,person,S3,True,11.483037948608398,0.3205723097391012,0.35501328110694885,2.442564747018057
hdr_02617,person,S3,False,9.81608772277832,0.42221546174536567,0.28410807251930237,2.442564747018057
hdr_02617,person,S3,True,9.67973518371582,0.30235976135396786,0.44470280408859253,2.442564747018057
hdr_02617,person,S3,True,7.070929527282715,0.27903615217159516,1.0242257118225098,2.442564747018057
hdr_02617,person,S3,False,9.431782722473145,0.5126671167575841,0.4249032437801361,2.442564747018057
hdr_02617,person,S3,True,11.025406837463379,1.053705501541288,0.4860944449901581,2.442564747018057
hdr_02617,person,S3,True,6.0283522605896,0.8798959258282399,0.39840731024742126,2.442564747018057
hdr_02617,person,S3,True,6.763680458068848,0.3724891207643718,0.9575833082199097,2.442564747018057
hdr_02617,person,S3,False,73.28070068359375,0.5942228571650575,1.4538686275482178,2.442564747018057
hdr_02632,person,S3,False,16.176847457885742,4.043511332133591,1.9880372285842896,3.813373680991852
hdr_02632,person,S3,False,12.461079597473145,6.701757893983268,1.6961393356323242,3.813373680991852
hdr_02632,person,S3,False,16.627452850341797,0.6003019490257648,1.2394497394561768,3.813373680991852
hdr_02632,person,S3,True,16.72978401184082,0.4743393857368911,1.4563252925872803,3.813373680991852
hdr_02632,person,S3,False,14.79835033416748,0.26153722070814417,1.8095126152038574,3.813373680991852
hdr_02632,person,S3,True,16.645912170410156,0.4052293087657713,1.3787723779678345,3.813373680991852
hdr_02632,person,S3,False,9.409570693969727,0.3052900518900878,1.3185049295425415,3.813373680991852
hdr_02632,person,S3,False,13.997648239135742,0.40216719649112415,1.299277663230896,3.813373680991852
hdr_02632,person,S3,True,10.969926834106445,0.317282036019423,1.2977222204208374,3.813373680991852
hdr_02632,person,S3,False,14.735275268554688,0.3797639843416353,1.2750407457351685,3.813373680991852
hdr_02632,person,S3,True,16.244794845581055,0.4009548797542256,1.0168384313583374,3.813373680991852
hdr_02632,person,S3,False,15.908567428588867,0.5626852225571297,1.0725927352905273,3.813373680991852
hdr_02632,person,S3,False,16.69288444519043,0.5935329170030141,1.2301115989685059,3.813373680991852
hdr_02632,person,S3,False,13.895550727844238,0.6999139999555651,1.081359624862671,3.813373680991852
hdr_02632,person,S3,True,15.046217918395996,0.7511732047683584,1.146376609802246,3.813373680991852
hdr_02632,person,S3,False,16.20185089111328,0.6302292007642802,0.9740621447563171,3.813373680991852
hdr_02632,person,S3,True,10.160412788391113,0.6050258570998329,1.1779402494430542,3.813373680991852
hdr_02632,person,S3,True,9.34946346282959,0.7076523839323404,1.1732523441314697,3.813373680991852
hdr_02632,person,S3,True,8.824195861816406,0.9376235845633161,0.7399687767028809,3.813373680991852
hdr_02632,person,S3,True,9.254712104797363,1.2657239370801827,0.9575275778770447,3.813373680991852
hdr_02632,person,S3,True,8.52984619140625,1.5849957848560927,0.736404299736023,3.813373680991852
hdr_02632,person,S3,True,14.818181037902832,0.7566889180595773,0.9159165024757385,3.813373680991852
hdr_02632,person,S3,False,10.334782600402832,1.5463344911093173,0.9416443109512329,3.813373680991852
hdr_02632,person,S3,True,18.157512664794922,0.33906165527405224,1.1987417936325073,3.813373680991852
hdr_02632,person,S3,False,10.847992897033691,0.3123404277969918,1.2327170372009277,3.813373680991852
hdr_02632,person,S3,True,13.135330200195312,0.38455458333641906,1.018511176109314,3.813373680991852
hdr_02632,person,S3,True,14.16822338104248,0.3367609920831821,1.2324857711791992,3.813373680991852
hdr_02632,person,S3,False,16.95574188232422,0.3700722776835593,1.198173999786377,3.813373680991852
hdr_02632,person,S3,False,13.918813705444336,0.5866910225457741,1.1916089057922363,3.813373680991852
hdr_02632,person,S3,False,12.764636993408203,0.42754951405500546,0.9521010518074036,3.813373680991852
hdr_02632,person,S3,True,15.984461784362793,0.6438735691345316,1.1482378244400024,3.813373680991852
hdr_02632,person,S3,True,8.420628547668457,0.6538420296133917,1.1670130491256714,3.813373680991852
hdr_02632,person,S3,True,11.374451637268066,1.162429459597568,1.289313554763794,3.813373680991852
hdr_02632,person,S3,True,15.387481689453125,0.6675887679683623,1.3415206670761108,3.813373680991852
hdr_02632,person,S3,False,13.208600997924805,0.6576916656175094,1.0345929861068726,3.813373680991852
hdr_02632,person,S3,False,9.963783264160156,0.4109586335774784,0.747761607170105,3.813373680991852
hdr_02632,person,S3,True,8.320396423339844,0.9514372838427301,1.0858386754989624,3.813373680991852
hdr_02632,person,S3,True,6.310169219970703,1.0761336453650698,1.1343774795532227,3.813373680991852
hdr_02632,person,S3,False,9.634868621826172,1.2559643823425586,0.9916673302650452,3.813373680991852
hdr_02632,person,S3,True,7.951420783996582,0.9858700106396897,1.2571513652801514,3.813373680991852
hdr_02632,person,S3,False,9.808747291564941,1.5588430695134625,0.9479634165763855,3.813373680991852
hdr_02632,person,S3,True,5.4194769859313965,2.072929703989513,1.1815252304077148,3.813373680991852
hdr_02632,person,S3,True,5.876322269439697,1.4708968382100636,1.1348121166229248,3.813373680991852
hdr_02632,person,S3,True,7.7626543045043945,1.7706529708433003,0.9605696797370911,3.813373680991852
hdr_02632,person,S3,True,7.527843952178955,1.2702123247598665,1.1542893648147583,3.813373680991852
hdr_02632,person,S3,True,9.304658889770508,1.502765763897632,1.1396187543869019,3.813373680991852
hdr_02632,person,S3,True,12.68600845336914,1.7006410042780933,1.158119797706604,3.813373680991852
hdr_02632,person,S3,True,9.107210159301758,1.8756771693488066,0.939913272857666,3.813373680991852
hdr_02632,person,S3,True,5.324984550476074,1.234694877273277,0.6259193420410156,3.813373680991852
hdr_02632,person,S3,True,6.2845139503479,1.4424725429352214,0.8394483327865601,3.813373680991852
hdr_02632,person,S3,True,7.005523204803467,1.726323295983332,1.085124135017395,3.813373680991852
hdr_02632,person,S3,True,7.360480785369873,2.6036894543641242,0.7157442569732666,3.813373680991852
hdr_02632,person,S3,True,8.050666809082031,2.75438054047649,0.8590179085731506,3.813373680991852
hdr_02632,person,S3,True,6.913776874542236,2.216414930619842,0.7058398723602295,3.813373680991852
hdr_02632,person,S3,False,7.094264984130859,1.725282007321884,1.0823643207550049,3.813373680991852
hdr_02632,person,S3,False,12.10435676574707,0.2286498988180317,1.5117146968841553,3.813373680991852
hdr_02632,person,S3,True,11.070561408996582,0.37723871662136776,1.0661072731018066,3.813373680991852
hdr_02632,person,S3,True,9.70217227935791,1.2172945256204222,1.0515191555023193,3.813373680991852
hdr_02632,person,S3,True,4.828951358795166,3.0719916338959283,0.5899996757507324,3.813373680991852
hdr_02632,person,S3,True,7.553290367126465,2.309920770106175,0.8483782410621643,3.813373680991852
hdr_02632,person,S3,True,5.450082778930664,3.657553500852903,0.536689817905426,3.813373680991852
hdr_02632,person,S3,True,7.422633647918701,3.1801224181472127,0.6716594099998474,3.813373680991852
hdr_02632,person,S3,True,6.262929916381836,1.5905192896834508,0.8917669057846069,3.813373680991852
hdr_02632,person,S3,True,5.584364414215088,4.891499233497989,2.218348264694214,3.813373680991852
hdr_02632,person,S3,True,4.530106544494629,5.10771112131468,1.882091760635376,3.813373680991852
hdr_02632,person,S3,True,6.400912284851074,1.2971775198907889,1.1007921695709229,3.813373680991852
hdr_02632,person,S3,False,85.19212341308594,0.6748156877411519,1.8155843019485474,3.813373680991852
hdr_02638,person,S3,False,50.02388381958008,1.720959728309899,3.346151113510132,5.942393514963209
hdr_02641,person,S3,True,10.843376159667969,0.2871529349116185,0.30209770798683167,2.4150857317129346
hdr_02641,person,S3,True,9.547266960144043,0.30988182796830066,0.36027130484580994,2.4150857317129346
hdr_02641,person,S3,True,7.709773063659668,0.40843396406622345,0.3697199523448944,2.4150857317129346
hdr_02641,person,S3,False,9.299050331115723,0.31299020596112076,1.0935215950012207,2.4150857317129346
hdr_02641,person,S3,True,7.190118789672852,0.8721414343100642,0.4564133584499359,2.4150857317129346
hdr_02641,person,S3,True,5.720057010650635,0.5786592265099284,0.4829643666744232,2.4150857317129346
hdr_02641,person,S3,False,8.612264633178711,0.4122920042267611,0.6111600399017334,2.4150857317129346
hdr_02641,person,S3,True,8.582935333251953,0.3145274301342116,0.9603572487831116,2.4150857317129346
hdr_02641,person,S3,True,7.25473165512085,0.36870026420635715,0.2666267156600952,2.4150857317129346
hdr_02641,person,S3,True,7.484278678894043,0.24610701652703232,0.9181921482086182,2.4150857317129346
hdr_02641,person,S3,True,9.543676376342773,0.28421820350039073,1.0904942750930786,2.4150857317129346
hdr_02641,person,S3,True,10.329345703125,0.20655971854330368,0.30793023109436035,2.4150857317129346
hdr_02641,person,S3,False,10.424245834350586,0.2653545870517035,0.42102354764938354,2.4150857317129346
hdr_02641,person,S3,True,10.070048332214355,0.3886226827318428,0.37920403480529785,2.4150857317129346
hdr_02641,person,S3,True,10.034368515014648,0.4154717893431288,0.34611186385154724,2.4150857317129346
hdr_02641,person,S3,True,6.914877891540527,0.2967644013188468,0.30055469274520874,2.4150857317129346
hdr_02641,person,S3,True,6.762674331665039,0.9455747068309586,0.4355817437171936,2.4150857317129346
hdr_02641,person,S3,False,9.208263397216797,0.5328054912753786,0.3067116439342499,2.4150857317129346
hdr_02641,person,S3,True,9.962068557739258,0.5468438614539617,0.3265620172023773,2.4150857317129346
hdr_02641,person,S3,True,8.057583808898926,1.0509703822623804,0.3698350191116333,2.4150857317129346
hdr_02641,person,S3,True,7.284717082977295,0.579017219478692,0.3592758774757385,2.4150857317129346
hdr_02641,person,S3,True,6.6056437492370605,0.9571079709496899,0.37945282459259033,2.4150857317129346
hdr_02641,person,S3,True,7.279531478881836,0.6786275100336019,0.4088539779186249,2.4150857317129346
hdr_02641,person,S3,True,5.052489757537842,0.8715961384289036,0.3529922068119049,2.4150857317129346
hdr_02641,person,S3,True,8.572986602783203,0.31719373721232447,0.350530743598938,2.4150857317129346
hdr_02641,person,S3,True,8.372618675231934,0.9750336368098541,0.5998740196228027,2.4150857317129346
hdr_02641,person,S3,True,6.321884632110596,0.5240255687059294,0.2810295522212982,2.4150857317129346
hdr_02641,person,S3,True,7.427366256713867,0.519429608006428,0.2652791738510132,2.4150857317129346
hdr_02641,person,S3,True,9.907304763793945,0.512842976636355,0.3416682481765747,2.4150857317129346
hdr_02641,person,S3,False,72.18829345703125,0.5927827446150131,1.4199177026748657,2.4150857317129346
hdr_02641,person,S3,True,6.755552291870117,0.2787411419688498,1.0229653120040894,2.4150857317129346
hdr_02641,person,S3,True,8.602327346801758,1.360496047491819,0.5633370876312256,2.4150857317129346
hdr_02641,person,S3,True,9.836567878723145,1.0943682305427413,0.49335435032844543,2.4150857317129346
hdr_02641,person,S3,True,6.759757041931152,1.7172057153630962,0.5057560801506042,2.4150857317129346
hdr_02641,person,S3,True,4.717548847198486,1.34017824299281,0.4196924567222595,2.4150857317129346
hdr_02641,person,S3,True,7.530517101287842,0.5575233937170291,0.9022136926651001,2.4150857317129346
hdr_02641,person,S3,True,3.212061882019043,1.1615454393711848,0.8634575009346008,2.4150857317129346
hdr_02642,diningtable,S3,False,68.23944091796875,0.7689419326811165,2.5691471099853516,3.040656028964805
hdr_02650,person,S3,True,28.271821975708008,0.285662222346277,1.2055103778839111,3.2307487228318617
hdr_02650,diningtable,S3,False,64.57874298095703,0.8174900709992662,2.5395517349243164,3.2307487228318617
hdr_02655,car,S3,False,97.44293212890625,1.0966254018124466,2.9536542892456055,3.8098825584748575
hdr_02655,car,S3,True,14.803285598754883,1.6041480323404214,1.9879847764968872,3.8098825584748575
hdr_02657,person,S3,False,14.471628189086914,1.3351479987656556,2.1727235317230225,3.704207353484068
hdr_02657,person,S3,False,13.611437797546387,1.7531930897130135,1.929843783378601,3.704207353484068
hdr_02657,person,S3,True,6.004392147064209,2.3921783453646928,0.7413022518157959,3.704207353484068
hdr_02657,person,S3,False,7.355857849121094,0.4276364181615385,1.5157513618469238,3.704207353484068
hdr_02657,person,S3,True,5.102849960327148,0.5262136803049546,1.197409749031067,3.704207353484068
hdr_02657,person,S3,False,5.240236759185791,0.3929510325701728,1.7928318977355957,3.704207353484068
hdr_02657,person,S3,True,5.609516143798828,0.3323850283201236,1.4819601774215698,3.704207353484068
hdr_02657,person,S3,True,6.869090557098389,0.35755675435864376,0.6299310326576233,3.704207353484068
hdr_02657,person,S3,False,6.207671165466309,0.4336041051078869,1.2713923454284668,3.704207353484068
hdr_02657,person,S3,True,6.552957057952881,0.6956463484087186,1.0598790645599365,3.704207353484068
hdr_02657,person,S3,True,6.7541375160217285,0.6286904269090521,1.617762804031372,3.704207353484068
hdr_02657,person,S3,True,6.262929916381836,0.5139609508131887,1.0598982572555542,3.704207353484068
hdr_02657,person,S3,False,6.02354621887207,0.5376059915587005,1.0780744552612305,3.704207353484068
hdr_02657,person,S3,True,6.022589683532715,0.8295801870622568,0.900856077671051,3.704207353484068
hdr_02657,person,S3,True,7.070983409881592,0.7466601647704519,0.8425421714782715,3.704207353484068
hdr_02657,person,S3,True,5.210033893585205,0.6446270690740455,0.6670302748680115,3.704207353484068
hdr_02657,person,S3,True,7.080523490905762,0.6619186722905577,1.4386361837387085,3.704207353484068
hdr_02657,person,S3,True,4.74152946472168,0.26857455725299867,0.9531607627868652,3.704207353484068
hdr_02657,person,S3,True,4.776561737060547,0.19292862719299728,1.1554276943206787,3.704207353484068
hdr_02657,person,S3,True,6.37377405166626,0.28208143438117705,0.8959006071090698,3.704207353484068
hdr_02657,person,S3,True,6.319145202636719,0.30957945243615886,1.3851466178894043,3.704207353484068
hdr_02657,person,S3,True,5.495140552520752,0.39991772475227755,1.9325182437896729,3.704207353484068
hdr_02657,person,S3,True,6.996549129486084,0.5305719826113572,1.2183339595794678,3.704207353484068
hdr_02657,person,S3,False,39.771732330322266,0.49665353372764015,1.550815224647522,3.704207353484068
hdr_02658,person,S3,False,73.37449645996094,0.8199917176713419,3.95660400390625,4.855180555863514
hdr_02658,person,S3,False,55.505699157714844,23.515848095116933,3.8977856636047363,4.855180555863514
hdr_02658,bottle,S3,False,12.050785064697266,1.3426066559919454,1.2960267066955566,4.855180555863514
hdr_02658,bottle,S3,True,6.884483814239502,1.2207211172697479,0.9058597087860107,4.855180555863514
hdr_02658,bottle,S3,True,9.30295467376709,1028.0634860871796,3.186014413833618,4.855180555863514
hdr_02658,diningtable,S3,False,37.985877990722656,714.4997101605179,3.8199849128723145,4.855180555863514
hdr_02658,chair,S3,False,18.12014389038086,0.23604247981576337,0.9264351725578308,4.855180555863514
hdr_02660,person,S3,False,44.17329406738281,10.474500670888185,2.996238946914673,5.039924933742689
hdr_02660,person,S3,False,66.32231903076172,0.48916927173219643,2.9020636081695557,5.039924933742689
hdr_02668,person,S3,False,10.803312301635742,0.2528097466037957,0.392470121383667,2.4396666929618616
hdr_02668,person,S3,True,7.210086822509766,0.23551750238697466,0.9487116932868958,2.4396666929618616
hdr_02668,person,S3,True,7.6941328048706055,0.276652875257542,1.163020372390747,2.4396666929618616
hdr_02668,person,S3,True,5.347071170806885,0.2642629849327459,1.0644053220748901,2.4396666929618616
hdr_02668,person,S3,True,8.359448432922363,0.42815614583158845,0.32915225625038147,2.4396666929618616
hdr_02668,person,S3,True,8.051544189453125,0.35728131962009413,0.3123326003551483,2.4396666929618616
hdr_02668,person,S3,True,8.5743408203125,0.3616662077672993,0.34004566073417664,2.4396666929618616
hdr_02668,person,S3,True,6.972148895263672,0.5424963148461448,0.27788159251213074,2.4396666929618616
hdr_02668,person,S3,True,9.999804496765137,0.4938920668687918,0.35029304027557373,2.4396666929618616
hdr_02668,person,S3,True,7.098730087280273,0.3247857742592003,0.22991782426834106,2.4396666929618616
hdr_02668,person,S3,True,7.631871700286865,0.3458056772307744,0.290993332862854,2.4396666929618616
hdr_02668,person,S3,True,9.12575912475586,0.5275517596609658,0.3778912127017975,2.4396666929618616
hdr_02668,person,S3,True,10.441307067871094,0.2123968392477261,0.29780542850494385,2.4396666929618616
hdr_02668,person,S3,True,7.629722595214844,0.2880209467495268,0.278510719537735,2.4396666929618616
hdr_02668,person,S3,True,7.894400596618652,0.3154760234677298,0.3223989009857178,2.4396666929618616
hdr_02668,person,S3,True,7.22050666809082,0.2104538235565085,0.21560558676719666,2.4396666929618616
hdr_02668,person,S3,False,10.30821418762207,0.41344484413474264,0.3653203547000885,2.4396666929618616
hdr_02668,person,S3,True,9.882179260253906,0.38934838732642085,0.47077271342277527,2.4396666929618616
hdr_02668,person,S3,False,8.657711029052734,0.31249884838942027,1.1281993389129639,2.4396666929618616
hdr_02668,person,S3,False,9.068001747131348,0.31829710296654884,0.36517253518104553,2.4396666929618616
hdr_02668,person,S3,True,8.539228439331055,0.6338174634415987,0.3272540271282196,2.4396666929618616
hdr_02668,person,S3,True,6.73460054397583,0.9153614382150455,0.39018940925598145,2.4396666929618616
hdr_02668,person,S3,True,5.297774314880371,0.6204282106902963,0.4607672691345215,2.4396666929618616
hdr_02668,person,S3,True,7.12961483001709,1.082872619306856,0.3438529074192047,2.4396666929618616
hdr_02668,person,S3,True,7.8209943771362305,0.47339350324126034,0.32276907563209534,2.4396666929618616
hdr_02668,person,S3,True,7.152195453643799,0.5390571868875526,0.32493337988853455,2.4396666929618616
hdr_02668,person,S3,True,9.006396293640137,0.7270649424613478,0.3984721899032593,2.4396666929618616
hdr_02668,person,S3,True,8.82553768157959,0.48281435828070823,0.32234281301498413,2.4396666929618616
hdr_02668,person,S3,True,7.926996231079102,0.5992419261629173,0.29139482975006104,2.4396666929618616
hdr_02668,person,S3,True,8.572985649108887,0.36151505887870816,1.017417550086975,2.4396666929618616
hdr_02668,person,S3,True,7.217057704925537,0.9845945911991826,0.39799508452415466,2.4396666929618616
hdr_02668,person,S3,True,6.085677146911621,1.6086519455937285,0.5197426080703735,2.4396666929618616
hdr_02668,person,S3,True,6.388803005218506,1.605522391497345,0.494590699672699,2.4396666929618616
hdr_02668,person,S3,True,4.548576831817627,1.4511533903415468,0.5867128968238831,2.4396666929618616
hdr_02668,person,S3,True,5.485512733459473,1.526989773698052,0.5315536856651306,2.4396666929618616
hdr_02668,person,S3,True,6.004394054412842,1.3082503475770113,0.5054845213890076,2.4396666929618616
hdr_02668,person,S3,True,4.407953262329102,1.2594884336421046,0.5642185807228088,2.4396666929618616
hdr_02668,person,S3,True,4.644529342651367,0.6312975824553175,0.4088861644268036,2.4396666929618616
hdr_02668,person,S3,True,6.240159034729004,0.7403136463759862,0.4375218451023102,2.4396666929618616
hdr_02668,person,S3,True,6.338350296020508,0.8759047994941289,0.4744259715080261,2.4396666929618616
hdr_02668,person,S3,True,4.849029541015625,0.9906552036047505,0.3735511302947998,2.4396666929618616
hdr_02668,person,S3,True,4.803921222686768,1.3353663796713513,0.38094088435173035,2.4396666929618616
hdr_02668,person,S3,True,4.582702159881592,2.402517630111057,0.3937733471393585,2.4396666929618616
hdr_02668,person,S3,True,4.364307403564453,2.456850617263271,0.49028968811035156,2.4396666929618616
hdr_02668,person,S3,True,4.803525447845459,1.8627474915827735,0.5715739130973816,2.4396666929618616
hdr_02668,person,S3,True,5.621091842651367,1.220808346873482,0.589547336101532,2.4396666929618616
hdr_02668,person,S3,True,5.953668594360352,1.165518266637632,0.478085458278656,2.4396666929618616
hdr_02668,person,S3,True,3.1458680629730225,0.7747974212298363,0.23920708894729614,2.4396666929618616
hdr_02668,person,S3,True,5.357419490814209,0.8355461356136619,0.4878533184528351,2.4396666929618616
hdr_02668,person,S3,True,3.7558541297912598,0.5831965359553761,0.3389139473438263,2.4396666929618616
hdr_02668,person,S3,True,5.222352027893066,0.30228202105562907,0.2503074109554291,2.4396666929618616
hdr_02668,person,S3,True,4.366058349609375,0.9235699090437026,0.5453770160675049,2.4396666929618616
hdr_02668,person,S3,False,70.62610626220703,0.5735240016583192,1.3988662958145142,2.4396666929618616
hdr_02670,person,S3,False,66.47635650634766,1.824980370713104,3.3903775215148926,6.271173929519478
hdr_02670,person,S3,True,39.58771896362305,1.223627999128546,3.6389663219451904,6.271173929519478
hdr_02670,person,S3,False,79.28277587890625,0.8285610303649968,3.9601287841796875,6.271173929519478
hdr_02670,person,S3,False,19.716211318969727,1.4034822840293102,2.717033863067627,6.271173929519478
hdr_02670,person,S3,True,6.159143924713135,0.8408480067645543,2.428940773010254,6.271173929519478
hdr_02670,person,S3,True,3.5595991611480713,0.8176707532253507,1.730997085571289,6.271173929519478
hdr_02670,person,S3,True,5.673000335693359,1.096550543795959,2.723815679550171,6.271173929519478
hdr_02670,person,S3,False,7.168656349182129,0.9073199713973248,2.4878597259521484,6.271173929519478
hdr_02673,chair,S3,False,23.55821418762207,0.5300016514306894,1.4249348640441895,4.901763775658178
hdr_02673,chair,S3,False,25.086393356323242,0.6727659262140768,1.5361413955688477,4.901763775658178
hdr_02673,chair,S3,False,21.7112979888916,0.6588806235802284,0.939105749130249,4.901763775658178
hdr_02673,chair,S3,False,20.17146873474121,0.3873440957683006,1.7277072668075562,4.901763775658178
hdr_02673,chair,S3,False,22.262100219726562,0.73407297855709,3.092440605163574,4.901763775658178
hdr_02673,diningtable,S3,False,36.65591049194336,0.7651231049832838,1.6646565198898315,4.901763775658178
hdr_02673,diningtable,S3,False,33.367916107177734,0.6066574675860854,3.947721242904663,4.901763775658178
hdr_02673,diningtable,S3,False,19.017391204833984,0.48460565670058825,1.6709203720092773,4.901763775658178
hdr_02673,person,S3,True,21.77914810180664,54.27648883816346,3.5664186477661133,4.901763775658178
hdr_02673,person,S3,False,21.673757553100586,0.4128508464499745,1.6248345375061035,4.901763775658178
hdr_02673,bottle,S3,True,6.03805685043335,2.817103537364537,2.3652501106262207,4.901763775658178
hdr_02673,bottle,S3,True,5.752108097076416,2.918482004910254,2.047745943069458,4.901763775658178
hdr_02673,bottle,S3,False,5.325146198272705,1.7406176350778557,3.24412202835083,4.901763775658178
hdr_02673,bottle,S3,False,5.793039798736572,0.5099564022297984,1.2465250492095947,4.901763775658178
hdr_02673,bottle,S3,False,5.872248649597168,0.4447548726379954,1.0617871284484863,4.901763775658178
hdr_02673,bottle,S3,False,5.204306125640869,0.5957059866197416,0.9805927276611328,4.901763775658178
hdr_02673,bottle,S3,True,6.197436332702637,0.6250344415044901,0.9555206298828125,4.901763775658178
hdr_02673,bottle,S3,False,5.311278820037842,0.46923590136921955,0.784150242805481,4.901763775658178
hdr_02673,bottle,S3,False,4.345001220703125,0.45590625011468267,0.6237884759902954,4.901763775658178
hdr_02673,bottle,S3,True,3.958813190460205,0.49680653672965347,0.4941219985485077,4.901763775658178
hdr_02673,bottle,S3,True,3.6176793575286865,0.651607429236195,1.1618715524673462,4.901763775658178
hdr_02673,bottle,S3,False,5.150455474853516,0.45588999269700653,1.045447826385498,4.901763775658178
hdr_02673,bottle,S3,True,3.6325342655181885,0.4662105537430594,0.7011873126029968,4.901763775658178
hdr_02673,bottle,S3,False,7.68298864364624,80.29084674356217,3.162142753601074,4.901763775658178
hdr_02675,car,S3,False,96.27071380615234,0.9985028521476944,2.7417702674865723,3.835126868078141
hdr_02675,car,S3,False,21.300342559814453,3.1072485575125484,2.1997342109680176,3.835126868078141
hdr_02675,car,S3,True,21.30560874938965,1.7597768823359263,2.6303093433380127,3.835126868078141
hdr_02677,person,S3,False,6.338405609130859,0.22556979911083216,1.9119813442230225,5.412539821482134
hdr_02677,person,S3,False,6.678084850311279,0.30605709821191995,1.6154619455337524,5.412539821482134
hdr_02677,person,S3,False,7.45838737487793,0.9633930852767,1.4789283275604248,5.412539821482134
hdr_02677,person,S3,False,6.060215950012207,0.5675955970692574,1.7407164573669434,5.412539821482134
hdr_02677,person,S3,False,7.492414951324463,1.611411481989786,1.7336922883987427,5.412539821482134
hdr_02677,person,S3,False,7.565359592437744,1.0478690880369699,1.6687731742858887,5.412539821482134
hdr_02677,person,S3,False,6.186079025268555,0.6546014878952908,1.8174724578857422,5.412539821482134
hdr_02677,person,S3,False,7.1753315925598145,0.9535403215112387,1.5915448665618896,5.412539821482134
hdr_02677,person,S3,False,7.14432430267334,1.9684191085582052,2.12471079826355,5.412539821482134
hdr_02677,person,S3,False,7.887190818786621,0.5953060649559085,2.0899672508239746,5.412539821482134
hdr_02677,person,S3,False,6.98775577545166,0.3734051260046967,2.3079581260681152,5.412539821482134
hdr_02677,person,S3,True,3.5010180473327637,2.460536822908084,1.4900953769683838,5.412539821482134
hdr_02677,person,S3,True,3.0447018146514893,1.1846362168412456,1.5583405494689941,5.412539821482134
hdr_02677,person,S3,True,2.3520421981811523,2.003855122816006,1.5103840827941895,5.412539821482134
hdr_02677,person,S3,False,3.12732195854187,4.039069380019855,1.4582918882369995,5.412539821482134
hdr_02677,person,S3,True,2.8056514263153076,3.3074236947163356,1.643592357635498,5.412539821482134
hdr_02677,person,S3,False,6.733532428741455,0.9257180213930042,1.918233036994934,5.412539821482134
hdr_02677,person,S3,True,3.6641201972961426,0.9153447007735208,1.298533320426941,5.412539821482134
hdr_02677,person,S3,True,2.478364944458008,1.8084281115296998,1.6187634468078613,5.412539821482134
hdr_02677,person,S3,True,2.926797866821289,2.1022382949552925,1.6691844463348389,5.412539821482134
hdr_02677,person,S3,True,3.080543279647827,0.8040303722574462,1.2561628818511963,5.412539821482134
hdr_02677,person,S3,False,7.414676189422607,0.7288229684578372,1.7035716772079468,5.412539821482134
hdr_02677,person,S3,False,6.164819717407227,0.720367672200282,1.6091655492782593,5.412539821482134
hdr_02677,person,S3,False,7.708333969116211,0.8453186497101858,1.6916906833648682,5.412539821482134
hdr_02677,person,S3,True,5.04595422744751,1.24655619339504,1.3652187585830688,5.412539821482134
hdr_02677,person,S3,True,4.470119476318359,0.8842633017535476,1.2000207901000977,5.412539821482134
hdr_02677,person,S3,False,6.75069522857666,0.6482221577757485,1.422269582748413,5.412539821482134
hdr_02677,person,S3,True,4.930178165435791,0.8055332448571894,1.3880667686462402,5.412539821482134
hdr_02677,person,S3,False,8.307445526123047,0.5599174042051407,1.4735383987426758,5.412539821482134
hdr_02677,person,S3,False,6.894157886505127,0.38935131583454,1.3850805759429932,5.412539821482134
hdr_02677,person,S3,False,6.571055889129639,0.49852196518546943,1.415281057357788,5.412539821482134
hdr_02677,person,S3,False,6.597100257873535,0.31134439509046136,1.6729120016098022,5.412539821482134
hdr_02677,person,S3,True,6.336319446563721,0.20221494163203405,1.7691665887832642,5.412539821482134
hdr_02677,person,S3,True,2.9169256687164307,0.6694731428904099,1.9564952850341797,5.412539821482134
hdr_02677,person,S3,True,3.257066488265991,0.4294777737482606,1.6749043464660645,5.412539821482134
hdr_02677,person,S3,False,6.542019367218018,0.36681345148102446,1.616242527961731,5.412539821482134
hdr_02677,person,S3,True,3.792243003845215,0.44540775059977655,1.4237443208694458,5.412539821482134
hdr_02677,person,S3,True,3.5247855186462402,0.36166012936712744,1.40940523147583,5.412539821482134
hdr_02677,person,S3,True,4.8224968910217285,0.5697778390728797,2.1058084964752197,5.412539821482134
hdr_02677,person,S3,True,2.9318413734436035,0.5223576971135342,1.378578543663025,5.412539821482134
hdr_02677,person,S3,True,4.026434421539307,0.41108052161173425,2.253988265991211,5.412539821482134
hdr_02677,person,S3,True,4.818460941314697,0.3387546948182575,1.668558120727539,5.412539821482134
hdr_02677,person,S3,False,7.150344371795654,0.29328270184681166,1.7814725637435913,5.412539821482134
hdr_02677,person,S3,True,6.428085803985596,0.41876302687929357,1.6377962827682495,5.412539821482134
hdr_02677,person,S3,True,3.9484851360321045,0.9189426550688446,1.6033105850219727,5.412539821482134
hdr_02677,person,S3,True,4.930178165435791,0.8292415120911915,1.8314635753631592,5.412539821482134
hdr_02677,person,S3,False,5.924966812133789,0.22359144256612554,2.121851921081543,5.412539821482134
hdr_02677,person,S3,True,6.001351356506348,0.24503163438183065,1.7363204956054688,5.412539821482134
hdr_02677,person,S3,False,5.270397663116455,0.30732160685791565,2.0702829360961914,5.412539821482134
hdr_02677,person,S3,False,4.798027992248535,0.4524105547401151,1.8175469636917114,5.412539821482134
hdr_02677,person,S3,True,6.0427775382995605,0.4224434973558747,2.3085825443267822,5.412539821482134
hdr_02677,person,S3,False,5.182151794433594,0.28902708529378374,1.6360552310943604,5.412539821482134
hdr_02677,person,S3,False,4.78947639465332,0.2669320508687793,1.6564956903457642,5.412539821482134
hdr_02677,person,S3,False,5.459142684936523,0.7165090662891876,1.5820013284683228,5.412539821482134
hdr_02677,person,S3,True,7.340125560760498,0.3427869786314604,1.6249120235443115,5.412539821482134
hdr_02677,person,S3,True,3.04264235496521,0.6362967865711093,1.3909335136413574,5.412539821482134
hdr_02677,person,S3,True,3.867967367172241,2.034271001881618,1.8338128328323364,5.412539821482134
hdr_02677,person,S3,True,4.652342796325684,1.848015145824337,1.9729899168014526,5.412539821482134
hdr_02677,person,S3,True,3.182088613510132,2.979083599340899,2.174464464187622,5.412539821482134
hdr_02677,person,S3,True,3.2005720138549805,1.8579558992061944,2.0183327198028564,5.412539821482134
hdr_02677,person,S3,False,4.81254243850708,2.341931961718131,2.3665807247161865,5.412539821482134
hdr_02677,person,S3,False,4.747803688049316,0.7699760686488187,1.5362094640731812,5.412539821482134
hdr_02677,person,S3,True,4.391719818115234,1.0952823052715566,2.154144048690796,5.412539821482134
hdr_02677,person,S3,True,4.468568801879883,1.2962348322611896,2.777587890625,5.412539821482134
hdr_02677,person,S3,True,4.776357650756836,0.5268219469158064,1.62404203414917,5.412539821482134
hdr_02677,person,S3,True,3.5650174617767334,1.6834861734808584,2.281130075454712,5.412539821482134
hdr_02677,person,S3,True,3.8973443508148193,1.176965197494394,1.5264499187469482,5.412539821482134
hdr_02677,person,S3,True,3.436910629272461,0.5045932072513727,1.113526701927185,5.412539821482134
hdr_02677,person,S3,True,4.235342025756836,0.9059893561589953,1.299843430519104,5.412539821482134
hdr_02677,person,S3,True,3.4511632919311523,1.8768878479041844,1.5081050395965576,5.412539821482134
hdr_02677,person,S3,True,4.114156246185303,0.9626929831639623,1.6302968263626099,5.412539821482134
hdr_02677,person,S3,True,3.337385416030884,0.7557219166543445,1.310038685798645,5.412539821482134
hdr_02677,person,S3,False,46.0349006652832,1.0718171912470484,3.187932252883911,5.412539821482134
hdr_02678,person,S3,True,7.598075866699219,0.20342069918279398,1.7363767623901367,3.370056746295896
hdr_02678,person,S3,False,5.84031343460083,0.5973273778092624,1.944850206375122,3.370056746295896
hdr_02678,person,S3,False,4.047727584838867,0.2690008354949268,1.9711159467697144,3.370056746295896
hdr_02678,person,S3,False,4.606517791748047,0.22168444304903584,1.398971438407898,3.370056746295896
hdr_02678,person,S3,False,4.841083526611328,0.1494299156274749,1.6736693382263184,3.370056746295896
hdr_02678,person,S3,True,4.025371074676514,0.12353089347980568,1.452800989151001,3.370056746295896
hdr_02678,person,S3,False,6.947678565979004,0.21658645000185672,1.779659628868103,3.370056746295896
hdr_02678,person,S3,True,4.854907989501953,0.193791583775621,1.8984261751174927,3.370056746295896
hdr_02678,person,S3,False,3.8101143836975098,0.4556285895773985,1.2971807718276978,3.370056746295896
hdr_02678,person,S3,False,2.3216919898986816,0.5571820585008398,2.1855885982513428,3.370056746295896
hdr_02678,person,S3,True,2.054361581802368,0.5817981290657785,2.1275651454925537,3.370056746295896
hdr_02678,person,S3,False,7.649974346160889,1.1871583917326807,2.02642822265625,3.370056746295896
hdr_02678,person,S3,True,3.871405839920044,5.663011057418245,3.332388401031494,3.370056746295896
hdr_02678,car,S3,False,21.261600494384766,0.21327192579524637,2.386566162109375,3.370056746295896
hdr_02678,car,S3,False,13.869688034057617,0.28960419606086946,2.7583107948303223,3.370056746295896
hdr_02678,car,S3,True,11.154211044311523,0.3952252227232605,2.756937265396118,3.370056746295896
hdr_02678,car,S3,False,13.509522438049316,0.4670843972603459,2.262995719909668,3.370056746295896
hdr_02678,car,S3,False,15.766352653503418,0.5938187672518126,2.7623987197875977,3.370056746295896
hdr_02678,car,S3,False,19.258968353271484,1.7391648985598325,2.9365711212158203,3.370056746295896
hdr_02680,bottle,S3,True,6.2358784675598145,2.9236740419726845,2.423255205154419,4.960030862049065
hdr_02680,bottle,S3,True,5.609516143798828,3.0630892807083026,1.6357370615005493,4.960030862049065
hdr_02680,bottle,S3,True,7.29962158203125,1.74008700083319,2.9376628398895264,4.960030862049065
hdr_02680,bottle,S3,False,5.407044410705566,0.6720309992388838,1.2987103462219238,4.960030862049065
hdr_02680,bottle,S3,False,5.908523082733154,0.4865268397295411,1.073114275932312,4.960030862049065
hdr_02680,bottle,S3,True,5.9126505851745605,0.7920345913483421,1.0130575895309448,4.960030862049065
hdr_02680,bottle,S3,False,5.400557041168213,0.7513545306385083,0.9558905363082886,4.960030862049065
hdr_02680,bottle,S3,True,6.278660774230957,0.5339050557131546,1.0462520122528076,4.960030862049065
hdr_02680,bottle,S3,False,4.124881744384766,0.5073845564475687,0.8460908532142639,4.960030862049065
hdr_02680,bottle,S3,True,2.4265329837799072,0.5830462564415916,0.8534491658210754,4.960030862049065
hdr_02680,bottle,S3,False,4.50050163269043,0.598802620532133,0.6889569759368896,4.960030862049065
hdr_02680,bottle,S3,True,2.8335800170898438,0.610941837495689,0.7683711647987366,4.960030862049065
hdr_02680,bottle,S3,True,3.889038324356079,0.9641890422136541,1.1406065225601196,4.960030862049065
hdr_02680,bottle,S3,False,7.674093723297119,89.69999228608243,3.067699670791626,4.960030862049065
hdr_02680,person,S3,False,23.529577255249023,0.4677046637650951,1.3475637435913086,4.960030862049065
hdr_02680,person,S3,False,35.14719772338867,1.568662622335424,2.9951372146606445,4.960030862049065
hdr_02680,person,S3,False,21.80040168762207,70.63728739871503,3.745927333831787,4.960030862049065
hdr_02680,chair,S3,False,28.334697723388672,0.5405058101140314,1.4757814407348633,4.960030862049065
hdr_02680,chair,S3,False,25.246004104614258,0.6884301656726616,1.5254780054092407,4.960030862049065
hdr_02680,chair,S3,False,23.121782302856445,0.7601078009126158,1.355144739151001,4.960030862049065
hdr_02680,chair,S3,True,20.79221534729004,0.428769641725434,1.4529141187667847,4.960030862049065
hdr_02680,chair,S3,False,22.90435218811035,0.7374990031968617,3.559407949447632,4.960030862049065
hdr_02680,diningtable,S3,False,19.247255325317383,0.5231215633809768,1.6129134893417358,4.960030862049065
hdr_02680,diningtable,S3,False,38.269691467285156,0.7245211690594042,1.5760297775268555,4.960030862049065
hdr_02680,diningtable,S3,False,32.43075180053711,0.6344440313309518,3.957420587539673,4.960030862049065
hdr_02696,person,S3,False,16.732479095458984,0.9059986904025611,2.0305821895599365,3.4322021285587248
hdr_02696,person,S3,True,20.208749771118164,1.2396628437841288,1.8154245615005493,3.4322021285587248
hdr_02696,person,S3,True,5.513889789581299,1.978521496856453,0.782586932182312,3.4322021285587248
hdr_02701,person,S3,False,15.021225929260254,1.2849704663419967,2.2619805335998535,3.906640461383087
hdr_02701,person,S3,True,16.062971115112305,1.69661829602456,1.88760507106781,3.906640461383087
hdr_02701,person,S3,True,5.9254350662231445,2.8027735957081363,0.7851517200469971,3.906640461383087
hdr_02701,person,S3,True,6.928596019744873,0.4301722384400134,1.1643037796020508,3.906640461383087
hdr_02701,person,S3,True,4.912850379943848,0.35867730365281203,1.2116750478744507,3.906640461383087
hdr_02701,person,S3,True,10.452486991882324,0.39197050482489104,1.9641679525375366,3.906640461383087
hdr_02701,person,S3,True,5.512263774871826,0.40978855612965753,0.7673806548118591,3.906640461383087
hdr_02701,person,S3,False,5.3308634757995605,0.41068874171145214,1.8751347064971924,3.906640461383087
hdr_02701,person,S3,True,7.107707977294922,0.37567724003823155,1.596693515777588,3.906640461383087
hdr_02701,person,S3,True,5.492461681365967,0.41027363693980884,1.950486183166504,3.906640461383087
hdr_02701,person,S3,False,6.503297328948975,0.5837536215152365,1.4344953298568726,3.906640461383087
hdr_02701,person,S3,True,5.62236213684082,0.9137987878673643,1.0359951257705688,3.906640461383087
hdr_02701,person,S3,True,7.554586410522461,0.694420530074382,0.6155324578285217,3.906640461383087
hdr_02701,person,S3,True,5.36268949508667,0.5626740271092356,1.2326045036315918,3.906640461383087
hdr_02701,person,S3,True,7.315301895141602,0.5238465930465337,0.5313560366630554,3.906640461383087
hdr_02701,person,S3,True,5.682520866394043,0.4513975966254428,0.8636859655380249,3.906640461383087
hdr_02701,person,S3,True,5.3468170166015625,0.3553528135315281,1.988621473312378,3.906640461383087
hdr_02701,person,S3,True,4.89478874206543,0.2780266992750294,1.257347583770752,3.906640461383087
hdr_02701,person,S3,True,5.840785503387451,0.8589309766094685,1.6636347770690918,3.906640461383087
hdr_02701,person,S3,False,5.252020359039307,0.4342734940033441,1.2881929874420166,3.906640461383087
hdr_02701,person,S3,True,4.4647016525268555,0.5909900941888473,0.46284958720207214,3.906640461383087
hdr_02701,person,S3,False,39.31009292602539,0.5131898156983506,1.5549657344818115,3.906640461383087
hdr_02712,person,S3,False,60.97044372558594,2.8509250872429077,2.9044299125671387,5.827273372618942
hdr_02712,person,S3,False,69.77082824707031,0.7418041590092125,2.830807685852051,5.827273372618942
hdr_02717,person,S3,False,15.106042861938477,1.3471251692441106,0.9366708993911743,3.588308357747926
hdr_02717,person,S3,False,12.470823287963867,1.4688979615660827,0.8260185122489929,3.588308357747926
hdr_02717,person,S3,True,4.589655876159668,0.31493559082480643,0.3572440445423126,3.588308357747926
hdr_02717,person,S3,True,4.415038108825684,0.26558392996551017,0.9992572665214539,3.588308357747926
hdr_02717,person,S3,True,4.344998836517334,0.39674915807895034,0.33131301403045654,3.588308357747926
hdr_02717,person,S3,True,6.524545669555664,0.3440363013634379,1.0970834493637085,3.588308357747926
hdr_02717,person,S3,True,6.353248119354248,0.29462363966300226,1.1057156324386597,3.588308357747926
hdr_02717,person,S3,True,5.931961536407471,1.2934351525359777,0.5474058389663696,3.588308357747926
hdr_02717,person,S3,True,5.428084850311279,0.30242778657366537,0.42516547441482544,3.588308357747926
hdr_02717,person,S3,True,7.173482418060303,0.3162695835891321,0.5670199394226074,3.588308357747926
hdr_02717,person,S3,False,41.3401985168457,0.41322988639928787,1.4574244022369385,3.588308357747926
hdr_02721,person,S3,False,15.163476943969727,1.293767205606701,1.9767799377441406,3.9126557177900914
hdr_02721,person,S3,False,15.424633026123047,2.0710591426775165,1.9296478033065796,3.9126557177900914
hdr_02721,person,S3,True,5.472553730010986,3.1029415465346086,0.8323044776916504,3.9126557177900914
hdr_02721,person,S3,True,5.280335903167725,0.7977166572837597,2.0082719326019287,3.9126557177900914
hdr_02721,person,S3,True,5.206355571746826,0.22493383438819115,0.43233388662338257,3.9126557177900914
hdr_02721,person,S3,True,5.375215530395508,0.19570864846833316,0.5490859746932983,3.9126557177900914
hdr_02721,person,S3,True,3.6101386547088623,0.20268893594091494,1.2798967361450195,3.9126557177900914
hdr_02721,person,S3,True,5.077524185180664,0.2563257153279404,0.9474964141845703,3.9126557177900914
hdr_02721,person,S3,True,5.100915908813477,0.28241345490142333,1.6745274066925049,3.9126557177900914
hdr_02721,person,S3,True,8.954251289367676,0.3467039584359751,1.1981163024902344,3.9126557177900914
hdr_02721,person,S3,True,10.077853202819824,0.4645489892768659,1.36571204662323,3.9126557177900914
hdr_02721,person,S3,True,7.395099639892578,0.417093126200896,1.2034382820129395,3.9126557177900914
hdr_02721,person,S3,True,7.104361057281494,0.29224439827975646,1.2095168828964233,3.9126557177900914
hdr_02721,person,S3,True,4.697358131408691,0.2906233251926997,1.3809317350387573,3.9126557177900914
hdr_02721,person,S3,True,3.8197598457336426,0.2562442171380061,1.5556896924972534,3.9126557177900914
hdr_02721,person,S3,True,9.570760726928711,0.47845047478479796,1.2806752920150757,3.9126557177900914
hdr_02721,person,S3,True,4.299999237060547,0.46682147596627477,0.5905759334564209,3.9126557177900914
hdr_02721,person,S3,False,5.621267318725586,0.35594270763035185,1.4731981754302979,3.9126557177900914
hdr_02721,person,S3,True,6.334469318389893,0.5754449151264592,1.170302391052246,3.9126557177900914
hdr_02721,person,S3,True,4.776350975036621,0.5095117096391327,0.7713521718978882,3.9126557177900914
hdr_02721,person,S3,True,6.079959869384766,0.40209844710983245,1.2261860370635986,3.9126557177900914
hdr_02721,person,S3,True,4.789557933807373,0.4137603051666577,2.194535970687866,3.9126557177900914
hdr_02721,person,S3,False,6.06015682220459,0.4851719567614018,1.6709308624267578,3.9126557177900914
hdr_02721,person,S3,True,5.896196365356445,0.46989532252902166,1.124511480331421,3.9126557177900914
hdr_02721,person,S3,True,4.235762119293213,0.6940207520647768,0.5987557172775269,3.9126557177900914
hdr_02721,person,S3,True,5.781136989593506,0.41523070408820917,0.7319705486297607,3.9126557177900914
hdr_02721,person,S3,True,4.386509895324707,0.6983676341494002,0.5827522277832031,3.9126557177900914
hdr_02721,person,S3,True,10.902776718139648,0.614442643887589,0.9101505875587463,3.9126557177900914
hdr_02721,person,S3,True,5.621091842651367,0.4741419111473718,0.8041223287582397,3.9126557177900914
hdr_02721,person,S3,True,10.885008811950684,0.5543612424036408,0.8736717700958252,3.9126557177900914
hdr_02721,person,S3,True,6.65195894241333,0.5521598294147998,1.0483827590942383,3.9126557177900914
hdr_02721,person,S3,True,4.959356784820557,0.7277339666154298,0.640205979347229,3.9126557177900914
hdr_02721,person,S3,False,48.36456298828125,0.5741474431457189,1.7401199340820312,3.9126557177900914
hdr_02724,person,S3,False,52.45619583129883,1.548522472225025,3.04547119140625,5.537907059794953
hdr_02736,car,S3,False,97.90416717529297,1.0669587879401259,3.1119801998138428,3.9261122539672457
hdr_02736,car,S3,True,10.694416999816895,1.3733788013077843,1.6467218399047852,3.9261122539672457
hdr_02736,car,S3,True,13.56541633605957,2.458742425177375,2.912160873413086,3.9261122539672457
hdr_02745,car,S3,False,98.4071044921875,1.0478457238938768,3.0542640686035156,3.742313161719357
hdr_02745,car,S3,True,19.11532211303711,2.254603258837113,2.8879780769348145,3.742313161719357
hdr_02751,person,S3,False,58.79081344604492,0.3149245053361686,3.8452255725860596,4.6965546186686975
hdr_02751,person,S3,False,38.76535415649414,1.3867931996828118,3.251711368560791,4.6965546186686975
hdr_02751,person,S3,False,54.33659362792969,3.2822876992066,4.0246100425720215,4.6965546186686975
hdr_02751,bottle,S3,False,9.782795906066895,249.65139421514098,3.1692540645599365,4.6965546186686975
hdr_02751,bottle,S3,False,6.410058498382568,37.196905266786025,3.144497871398926,4.6965546186686975
hdr_02751,diningtable,S3,False,34.56190872192383,224.28161123744331,3.708652973175049,4.6965546186686975
hdr_02753,person,S3,False,32.47080993652344,0.8402294313229036,2.325249671936035,5.178958121356724
hdr_02753,person,S3,False,19.915809631347656,0.40160474138242813,1.4425702095031738,5.178958121356724
hdr_02753,person,S3,False,20.23616600036621,42.98291313832613,3.66552472114563,5.178958121356724
hdr_02753,diningtable,S3,False,35.17918014526367,0.8834165472060687,1.624995470046997,5.178958121356724
hdr_02753,diningtable,S3,False,30.452796936035156,0.5434705529514291,3.9397318363189697,5.178958121356724
hdr_02753,diningtable,S3,True,18.321041107177734,0.3892854760470227,1.7284995317459106,5.178958121356724
hdr_02753,chair,S3,False,22.80657196044922,0.43600430352841646,1.4617290496826172,5.178958121356724
hdr_02753,chair,S3,False,22.78008460998535,0.5640812232050839,1.5588525533676147,5.178958121356724
hdr_02753,chair,S3,False,19.494976043701172,0.6450102752634719,1.8952076435089111,5.178958121356724
hdr_02753,chair,S3,False,21.89546775817871,0.6810057783120278,1.756670355796814,5.178958121356724
hdr_02753,chair,S3,True,16.30377960205078,0.33971278823580786,1.3650544881820679,5.178958121356724
hdr_02753,bottle,S3,False,6.1969804763793945,86.06621336381666,3.044445037841797,5.178958121356724
hdr_02753,bottle,S3,False,4.303629398345947,0.6708481894452644,0.9352648854255676,5.178958121356724
hdr_02753,bottle,S3,False,4.391722202301025,0.4654868487075618,0.8054227828979492,5.178958121356724
hdr_02753,bottle,S3,False,4.762883186340332,0.5609726244799077,1.3489538431167603,5.178958121356724
hdr_02753,bottle,S3,False,4.3670334815979,0.4509964969535873,1.0645921230316162,5.178958121356724
hdr_02753,bottle,S3,False,4.252613544464111,0.5106957978177489,1.0051524639129639,5.178958121356724
hdr_02758,person,S3,False,49.514095306396484,1.6308862068027457,3.3733878135681152,5.89155359547679
hdr_02759,person,S3,False,11.44121265411377,0.3789390818906973,0.2605953514575958,2.1230170130164923
hdr_02759,person,S3,False,10.811593055725098,0.4316607717566012,0.41278529167175293,2.1230170130164923
hdr_02759,person,S3,False,11.321643829345703,0.6644912426242354,0.40907156467437744,2.1230170130164923
hdr_02759,person,S3,False,78.42807006835938,0.8320854511624028,1.2743902206420898,2.1230170130164923
hdr_02760,person,S3,False,5.380985736846924,0.8749035256600541,1.676763892173767,5.334829658016797
hdr_02760,person,S3,False,6.947698593139648,0.668849648922927,1.7771475315093994,5.334829658016797
hdr_02760,person,S3,False,6.909679412841797,0.2842708306829394,2.5000617504119873,5.334829658016797
hdr_02760,person,S3,False,6.197436332702637,1.9216988027915285,1.7255545854568481,5.334829658016797
hdr_02760,person,S3,False,5.939703941345215,1.3902168344228611,1.777297854423523,5.334829658016797
hdr_02760,person,S3,True,6.558230400085449,0.7420818793468424,2.0009686946868896,5.334829658016797
hdr_02760,person,S3,False,6.387357234954834,0.6373120026486663,1.479633092880249,5.334829658016797
hdr_02760,person,S3,False,6.0791826248168945,0.29203051667525787,1.8847061395645142,5.334829658016797
hdr_02760,person,S3,False,5.67310094833374,1.3044922567660828,1.7214237451553345,5.334829658016797
hdr_02760,person,S3,False,6.524545669555664,0.32913283193376824,1.8183497190475464,5.334829658016797
hdr_02760,person,S3,False,4.570123672485352,0.944794296446446,1.8218114376068115,5.334829658016797
hdr_02760,person,S3,False,6.903207302093506,0.3575820428467006,1.9419666528701782,5.334829658016797
hdr_02760,person,S3,False,5.314153671264648,0.9118259086178718,1.7303199768066406,5.334829658016797
hdr_02760,person,S3,False,4.811466693878174,0.8950803662271175,1.5591036081314087,5.334829658016797
hdr_02760,person,S3,False,4.487615585327148,0.9058627185455957,1.5225085020065308,5.334829658016797
hdr_02760,person,S3,True,6.2011027336120605,0.33850972941951424,1.753010869026184,5.334829658016797
hdr_02760,person,S3,False,5.3568572998046875,0.33393730903420743,1.7184350490570068,5.334829658016797
hdr_02760,person,S3,False,5.116035461425781,1.0359503362505729,1.2040890455245972,5.334829658016797
hdr_02760,person,S3,False,4.835946559906006,0.5169008751090391,1.9993536472320557,5.334829658016797
hdr_02760,person,S3,False,5.6818366050720215,0.7016214756828122,1.642750859260559,5.334829658016797
hdr_02760,person,S3,True,4.686532020568848,1.0697253076734363,1.7483034133911133,5.334829658016797
hdr_02760,person,S3,False,6.3327131271362305,0.44761117440644527,1.7750900983810425,5.334829658016797
hdr_02760,person,S3,False,4.8309760093688965,0.7790711700276018,1.6152317523956299,5.334829658016797
hdr_02760,person,S3,True,3.501021146774292,0.9117432163264896,1.5524332523345947,5.334829658016797
hdr_02760,person,S3,True,4.730471134185791,2.0758067642137292,1.6919100284576416,5.334829658016797
hdr_02760,person,S3,False,4.751084804534912,0.4404286460546903,1.3204734325408936,5.334829658016797
hdr_02760,person,S3,True,4.513144016265869,0.5039585498803357,1.6040663719177246,5.334829658016797
hdr_02760,person,S3,True,4.463392734527588,1.1633965124427947,1.6421380043029785,5.334829658016797
hdr_02760,person,S3,False,6.361947059631348,0.36466593727825036,1.8489181995391846,5.334829658016797
hdr_02760,person,S3,True,4.583003520965576,0.6438648759270097,1.406026005744934,5.334829658016797
hdr_02760,person,S3,False,5.170388698577881,0.8012592473226702,1.765276312828064,5.334829658016797
hdr_02760,person,S3,False,4.886147975921631,0.7205323310367964,1.8818310499191284,5.334829658016797
hdr_02760,person,S3,True,4.138707160949707,0.7760028383952324,1.3051787614822388,5.334829658016797
hdr_02760,person,S3,False,4.391721725463867,2.7287249932385507,1.6474806070327759,5.334829658016797
hdr_02760,person,S3,True,3.718257427215576,1.9866407579859708,1.668643593788147,5.334829658016797
hdr_02760,person,S3,True,4.386507511138916,1.2455646933286089,2.7959439754486084,5.334829658016797
hdr_02760,person,S3,True,4.9576616287231445,0.6702520410782007,1.6667267084121704,5.334829658016797
hdr_02760,person,S3,True,3.5338454246520996,1.095018390200186,1.0598011016845703,5.334829658016797
hdr_02760,person,S3,False,6.180078983306885,0.5575877598446233,1.7524553537368774,5.334829658016797
hdr_02760,person,S3,False,45.9996452331543,1.3525477864066753,3.3491992950439453,5.334829658016797
hdr_02764,person,S3,False,10.109962463378906,0.3266636272625807,1.2559806108474731,4.149288744177698
hdr_02764,person,S3,False,6.895826816558838,0.2684946197607961,0.29184141755104065,4.149288744177698
hdr_02764,person,S3,False,14.461709976196289,0.22630312919717682,0.49041980504989624,4.149288744177698
hdr_02764,person,S3,False,6.964118957519531,0.359380739255354,0.5019452571868896,4.149288744177698
hdr_02764,person,S3,True,7.457366466522217,0.3752336233158729,0.35696518421173096,4.149288744177698
hdr_02764,person,S3,True,7.046438694000244,0.2847606668770902,0.4709843397140503,4.149288744177698
hdr_02764,person,S3,True,7.4535675048828125,0.8515484368453291,0.5209630727767944,4.149288744177698
hdr_02764,person,S3,True,6.602353572845459,0.5638639637206866,0.5182405710220337,4.149288744177698
hdr_02764,person,S3,True,7.590902805328369,0.5074144846202522,0.4946875274181366,4.149288744177698
hdr_02764,person,S3,True,7.265682697296143,0.3281491840346297,0.4874420464038849,4.149288744177698
hdr_02764,person,S3,True,9.009028434753418,0.20155376604078332,0.6175163984298706,4.149288744177698
hdr_02764,person,S3,True,8.817048072814941,0.4259912810182607,0.42065444588661194,4.149288744177698
hdr_02764,person,S3,True,8.488130569458008,0.3751959104710363,0.5707051753997803,4.149288744177698
hdr_02764,person,S3,True,7.867278099060059,0.48131925420901944,0.6205770969390869,4.149288744177698
hdr_02764,person,S3,True,7.390145301818848,0.7208411629970053,0.39510035514831543,4.149288744177698
hdr_02764,person,S3,False,6.18007755279541,0.7705998894516508,0.4533957839012146,4.149288744177698
hdr_02764,person,S3,True,5.83823299407959,0.6157289731416149,0.4803643524646759,4.149288744177698
hdr_02764,person,S3,True,6.813812255859375,0.8433228569098038,0.47764691710472107,4.149288744177698
hdr_02764,person,S3,False,8.644373893737793,0.16712021297022947,1.0217963457107544,4.149288744177698
hdr_02764,person,S3,True,11.304853439331055,0.3921696988089454,0.6229022145271301,4.149288744177698
hdr_02764,person,S3,True,4.855446815490723,0.5902200175600631,0.4931817948818207,4.149288744177698
hdr_02764,person,S3,True,4.038206577301025,1.3040459581203132,0.9692302346229553,4.149288744177698
hdr_02764,person,S3,True,3.8038923740386963,1.9923618031641552,1.07069993019104,4.149288744177698
hdr_02764,person,S3,False,62.87721252441406,0.41143700441332115,1.0762081146240234,4.149288744177698
hdr_02765,person,S3,True,4.099250793457031,1.4374217800237494,0.8696197867393494,3.7983753852813176
hdr_02765,person,S3,False,12.978680610656738,0.9237765795261812,1.1625962257385254,3.7983753852813176
hdr_02765,person,S3,False,9.789433479309082,1.1482453011022138,1.164680004119873,3.7983753852813176
hdr_02765,person,S3,False,12.496630668640137,1.1167377552788604,1.234552264213562,3.7983753852813176
hdr_02765,person,S3,False,9.13508129119873,1.0375362256105993,0.8039256930351257,3.7983753852813176
hdr_02765,person,S3,True,6.70462703704834,1.6519987065504698,0.9533335566520691,3.7983753852813176
hdr_02765,person,S3,True,5.781217575073242,1.7655518240800083,1.059061050415039,3.7983753852813176
hdr_02765,person,S3,False,7.575740814208984,2.2783014342607535,0.959871768951416,3.7983753852813176
hdr_02765,person,S3,False,16.355575561523438,0.46534313118186305,1.3295602798461914,3.7983753852813176
hdr_02765,person,S3,False,12.436258316040039,0.8822003595659427,1.2677781581878662,3.7983753852813176
hdr_02765,person,S3,False,11.808247566223145,0.6177754187868524,1.121442198753357,3.7983753852813176
hdr_02765,person,S3,False,15.321127891540527,0.40864103532411755,1.2173863649368286,3.7983753852813176
hdr_02765,person,S3,False,14.373530387878418,0.3897355308224871,0.9650735259056091,3.7983753852813176
hdr_02765,person,S3,False,14.267995834350586,0.47406088874312174,1.334627389907837,3.7983753852813176
hdr_02765,person,S3,True,17.11202049255371,0.5146350313409117,1.608275294303894,3.7983753852813176
hdr_02765,person,S3,True,12.386276245117188,0.48437049024478246,1.313340425491333,3.7983753852813176
hdr_02765,person,S3,False,13.066455841064453,0.6528135580432762,1.1819241046905518,3.7983753852813176
hdr_02765,person,S3,False,17.675260543823242,0.5003812365144114,1.1552817821502686,3.7983753852813176
hdr_02765,person,S3,True,14.70186996459961,0.9385153500787916,1.2558999061584473,3.7983753852813176
hdr_02765,person,S3,False,14.035243034362793,0.9455795222459885,1.3535031080245972,3.7983753852813176
hdr_02765,person,S3,True,17.231674194335938,3.5554734748537915,1.0252819061279297,3.7983753852813176
hdr_02765,person,S3,False,14.51704216003418,0.31803626625140224,1.529732584953308,3.7983753852813176
hdr_02765,person,S3,False,19.64153289794922,0.5040237108893334,1.1008120775222778,3.7983753852813176
hdr_02765,person,S3,False,12.881662368774414,0.8161716065031256,1.5763541460037231,3.7983753852813176
hdr_02765,person,S3,False,8.005608558654785,0.8310515003783869,1.4771265983581543,3.7983753852813176
hdr_02765,person,S3,True,8.089102745056152,1.2396725884636297,1.4903303384780884,3.7983753852813176
hdr_02765,person,S3,False,8.304049491882324,1.8314842333360155,1.4771854877471924,3.7983753852813176
hdr_02765,person,S3,True,7.241854667663574,1.3555994274192575,1.149061679840088,3.7983753852813176
hdr_02765,person,S3,True,7.0686445236206055,1.3893639965365079,0.9142937064170837,3.7983753852813176
hdr_02765,person,S3,False,9.432635307312012,2.1639095828299597,0.9988126158714294,3.7983753852813176
hdr_02765,person,S3,False,9.533638000488281,1.754066013962253,1.0691711902618408,3.7983753852813176
hdr_02765,person,S3,True,8.238752365112305,1.4821197428678783,1.4345227479934692,3.7983753852813176
hdr_02765,person,S3,True,8.238752365112305,1.6739991540742372,0.98361736536026,3.7983753852813176
hdr_02765,person,S3,True,5.134504318237305,2.123575180261298,0.7486950755119324,3.7983753852813176
hdr_02765,person,S3,True,8.648324012756348,2.889590675873516,0.8653420209884644,3.7983753852813176
hdr_02765,person,S3,True,10.17564868927002,0.35783667309365796,0.8284753561019897,3.7983753852813176
hdr_02765,person,S3,True,5.318264484405518,1.9054902536026816,0.6727747321128845,3.7983753852813176
hdr_02765,person,S3,True,11.368721961975098,2.2966949596312665,1.3971643447875977,3.7983753852813176
hdr_02765,person,S3,True,9.368399620056152,1.265586358585407,0.8579452037811279,3.7983753852813176
hdr_02765,person,S3,True,5.413231372833252,2.4812850798316997,0.836156964302063,3.7983753852813176
hdr_02765,person,S3,True,5.470473289489746,1.8017011059590544,0.711910605430603,3.7983753852813176
hdr_02765,person,S3,True,14.792590141296387,0.40397232978729325,1.2336957454681396,3.7983753852813176
hdr_02765,person,S3,False,14.11760139465332,0.4203846668967158,1.377495288848877,3.7983753852813176
hdr_02765,person,S3,True,6.8684587478637695,2.1198900974985757,1.1069865226745605,3.7983753852813176
hdr_02765,person,S3,True,15.24487590789795,0.7570873421742572,1.1564486026763916,3.7983753852813176
hdr_02765,person,S3,True,9.3981351852417,0.9581257248684126,1.0397663116455078,3.7983753852813176
hdr_02765,person,S3,True,8.779003143310547,2.5124784905666524,0.8141993880271912,3.7983753852813176
hdr_02765,person,S3,False,89.52449035644531,0.8047378356105979,1.763088345527649,3.7983753852813176
hdr_02775,car,S3,False,81.4505844116211,0.7794782356960183,2.60843563079834,3.149702898841536
hdr_02775,car,S3,False,11.596497535705566,1.6805409452789075,2.5105934143066406,3.149702898841536
hdr_02775,car,S3,False,14.750164985656738,1.187199611480417,2.0896353721618652,3.149702898841536
hdr_02775,car,S3,False,12.116727828979492,1.1626351572194364,1.9174336194992065,3.149702898841536
hdr_02775,car,S3,False,11.625317573547363,2.1379405350696867,2.0507242679595947,3.149702898841536
hdr_02775,car,S3,True,11.048168182373047,1.032868068306276,1.686957836151123,3.149702898841536
hdr_02775,car,S3,True,5.929270267486572,1.2949952325634966,1.649520993232727,3.149702898841536
hdr_02792,diningtable,S2,False,16.56079864501953,1.215386822628283,1.5967377424240112,3.061452479087193
hdr_02797,boat,S2,True,1.0670123100280762,2.174981367013224,1.2123850584030151,2.841735653440995
hdr_02801,person,S2,True,2.2795612812042236,2.0147897331228095,1.9456287622451782,3.26254600711293
hdr_02805,person,S2,False,67.54721069335938,0.7381297910420141,1.8239390850067139,2.7112759436734293
hdr_02812,person,S2,False,15.230568885803223,0.6339066217991274,2.431161642074585,4.2564290823032485
hdr_02815,person,S2,False,29.199726104736328,0.23466998646379592,3.051572322845459,4.037358189373848
hdr_02815,sofa,S2,False,11.140287399291992,0.1805962142643196,2.8586926460266113,4.037358189373848
hdr_02815,sofa,S2,True,7.754456996917725,0.17442049043177488,2.0857105255126953,4.037358189373848
hdr_02815,sofa,S2,True,20.783897399902344,0.0933435343915965,2.3730814456939697,4.037358189373848
hdr_02815,tv/monitor,S2,False,11.57629680633545,0.21676119287431825,2.4589405059814453,4.037358189373848
hdr_02817,sofa,S2,False,53.99810028076172,0.8451492076199655,2.4844276905059814,3.806179973983887
hdr_02822,aeroplane,S2,False,11.953691482543945,0.970861730711228,2.3650243282318115,3.2510340504165423
hdr_02822,aeroplane,S2,True,5.713233470916748,2.6387673670200256,2.181210517883301,3.2510340504165423
hdr_02822,aeroplane,S2,True,7.070467472076416,5.088942017235352,2.1273012161254883,3.2510340504165423
hdr_02822,aeroplane,S2,False,50.071929931640625,3.319901362059535,2.364649772644043,3.2510340504165423
hdr_02824,aeroplane,S2,False,49.836585998535156,1.8547150385997542,2.1504762172698975,3.010299956639812
hdr_02828,aeroplane,S2,False,56.623512268066406,1.6554149349755654,2.50852632522583,3.330827742003071
hdr_02843,pottedplant,S2,False,18.84550666809082,0.30419170428613884,1.9845342636108398,4.8406747398333625
hdr_02843,pottedplant,S2,False,17.41931915283203,0.16240054108462065,2.039263963699341,4.8406747398333625
hdr_02853,person,S2,False,5.520186424255371,0.6449988451399481,1.5969598293304443,3.796420136694731
hdr_02853,person,S2,False,4.24505090713501,0.6197858259540003,1.5017712116241455,3.796420136694731
hdr_02853,person,S2,False,3.567626953125,0.6140530243016914,1.5563340187072754,3.796420136694731
hdr_02853,person,S2,True,3.196080446243286,0.6379906198639747,1.5779906511306763,3.796420136694731
hdr_02853,person,S2,False,3.1353328227996826,0.8772190206404987,1.755537986755371,3.796420136694731
hdr_02856,tv/monitor,S2,True,4.775831699371338,1.5555885595267247,2.7475059032440186,3.4382031886892928
hdr_02856,tv/monitor,S2,True,19.286352157592773,51.87459232023264,2.4127357006073,3.4382031886892928
hdr_02856,person,S2,False,17.9696044921875,0.5943594651736909,1.4847774505615234,3.4382031886892928
hdr_02856,person,S2,False,18.861722946166992,0.4129754060600055,1.2034348249435425,3.4382031886892928
hdr_02856,person,S2,False,22.173870086669922,0.45727764957309747,1.8335180282592773,3.4382031886892928
hdr_02856,person,S2,False,15.840402603149414,0.4855550590403197,1.7341113090515137,3.4382031886892928
hdr_02856,person,S2,False,14.475534439086914,0.45800481545672045,1.1796329021453857,3.4382031886892928
hdr_02856,person,S2,False,15.957244873046875,0.418430758039021,1.6573482751846313,3.4382031886892928
hdr_02856,person,S2,True,7.429043292999268,0.7977078225922478,1.661122441291809,3.4382031886892928
hdr_02856,person,S2,False,6.815544605255127,0.8748630348429831,1.7434042692184448,3.4382031886892928
hdr_02856,person,S2,True,3.158557891845703,6.5744361561336095,2.4300265312194824,3.4382031886892928
hdr_02856,person,S2,False,17.31875991821289,0.5395811438758233,1.5209696292877197,3.4382031886892928
hdr_02856,person,S2,False,15.772297859191895,0.6037948161903772,1.4469687938690186,3.4382031886892928
hdr_02856,person,S2,False,8.794600486755371,0.6431484192553478,1.4767273664474487,3.4382031886892928
hdr_02856,person,S2,False,6.726548671722412,0.8697574501899409,1.4956690073013306,3.4382031886892928
hdr_02856,person,S2,True,4.581796169281006,1.1624175707955031,1.4370585680007935,3.4382031886892928
hdr_02856,person,S2,False,64.76893615722656,0.5301200076795768,2.632477045059204,3.4382031886892928
hdr_02864,car,S2,True,3.768307685852051,3.1983578625197167,2.261744260787964,3.4429429396379723
hdr_02864,person,S2,True,1.9838180541992188,0.4732378953487875,2.2141079902648926,3.4429429396379723
hdr_02864,person,S2,True,1.9316200017929077,0.4137399920492094,1.5219731330871582,3.4429429396379723
hdr_02864,person,S2,True,1.8114123344421387,1.012921317095482,1.7451467514038086,3.4429429396379723
hdr_02864,person,S2,True,1.9891831874847412,1.3113161978122503,2.5149619579315186,3.4429429396379723
hdr_02864,bicycle,S2,True,2.6652369499206543,1.052931918149603,1.4786731004714966,3.4429429396379723
hdr_02864,person,S2,True,1.3927085399627686,1.5947576077524483,1.6926167011260986,3.4429429396379723
hdr_02864,person,S2,True,1.5869123935699463,0.7913655269108614,1.8115184307098389,3.4429429396379723
hdr_02864,person,S2,True,1.3766899108886719,1.2723992151800256,1.8784244060516357,3.4429429396379723
hdr_02864,person,S2,True,1.1943542957305908,1.547380641962221,1.3373823165893555,3.4429429396379723
hdr_02864,person,S2,True,1.374817132949829,1.0998725308734327,2.2171905040740967,3.4429429396379723
hdr_02864,person,S2,True,1.4265261888504028,0.8527699955971428,1.4599268436431885,3.4429429396379723
hdr_02864,person,S2,True,1.4460128545761108,1.0266361743873402,1.8552395105361938,3.4429429396379723
hdr_02864,person,S2,True,1.1861244440078735,1.2957496612364763,2.1745336055755615,3.4429429396379723
hdr_02864,person,S2,True,1.1739681959152222,0.7134518400095752,2.1908421516418457,3.4429429396379723
hdr_02864,person,S2,True,1.1679431200027466,0.9757853115555765,1.9003541469573975,3.4429429396379723
hdr_02864,person,S2,False,2.5015008449554443,0.12523469793407682,2.364522695541382,3.4429429396379723
hdr_02867,car,S2,False,17.190393447875977,0.8223976844043633,2.208475351333618,3.5221833176186865
hdr_02867,car,S2,False,13.073034286499023,0.943254761939537,2.3292994499206543,3.5221833176186865
hdr_02867,car,S2,False,5.395407676696777,0.9595542252809284,2.196542263031006,3.5221833176186865
hdr_02867,car,S2,False,4.794455051422119,0.6433845630138953,2.1867058277130127,3.5221833176186865
hdr_02867,car,S2,True,2.425848960876465,3.065370371950358,1.3859599828720093,3.5221833176186865
hdr_02867,car,S2,False,3.3139846324920654,0.8209635242495622,2.0588812828063965,3.5221833176186865
hdr_02867,car,S2,True,2.2753608226776123,4.6932253701521445,1.6263986825942993,3.5221833176186865
hdr_02867,car,S2,False,3.1216139793395996,2.055024462788262,2.2159552574157715,3.5221833176186865
hdr_02867,car,S2,False,2.2274560928344727,1.7386298611594146,2.057518720626831,3.5221833176186865
hdr_02867,car,S2,False,3.813786029815674,1.1727900159604998,2.3965108394622803,3.5221833176186865
hdr_02867,car,S2,False,2.8979008197784424,2.94373855148306,2.081700325012207,3.5221833176186865
hdr_02867,car,S2,False,3.8399062156677246,2.415076967438527,2.1334989070892334,3.5221833176186865
hdr_02867,car,S2,False,3.667468309402466,1.022320839160475,2.2910046577453613,3.5221833176186865
hdr_02867,car,S2,False,4.097585201263428,2.759405408117802,2.2346158027648926,3.5221833176186865
hdr_02867,car,S2,True,3.2667598724365234,2.3326126500806845,1.9700034856796265,3.5221833176186865
hdr_02867,car,S2,False,6.0225019454956055,1.7915353676836683,2.3636934757232666,3.5221833176186865
hdr_02867,car,S2,True,3.3107259273529053,0.32415963710072176,2.2635722160339355,3.5221833176186865
hdr_02867,car,S2,False,2.8520750999450684,0.6116638470314005,1.9289079904556274,3.5221833176186865
hdr_02870,diningtable,S2,False,53.72636795043945,0.90035493939463,2.3436529636383057,4.000315735733211
hdr_02870,sofa,S2,True,18.242488861083984,0.35270254448772265,2.281412124633789,4.000315735733211
hdr_02870,sofa,S2,False,27.205764770507812,0.41913943991974917,1.9649379253387451,4.000315735733211
hdr_02871,sofa,S2,False,66.92994689941406,0.6044220632424925,2.2179932594299316,3.7031673619889767
hdr_02871,sofa,S2,True,14.538033485412598,2.044817823979264,3.2960898876190186,3.7031673619889767
hdr_02871,tv/monitor,S2,False,6.632770538330078,1.5796915962492522,2.9098024368286133,3.7031673619889767
hdr_02871,tv/monitor,S2,True,9.63327407836914,0.7402816931141154,2.0772783756256104,3.7031673619889767
hdr_02871,pottedplant,S2,True,18.722551345825195,0.5490492847050458,1.5438508987426758,3.7031673619889767
hdr_02872,car,S2,False,4.636175155639648,2.5902228750687972,2.7183656692504883,3.580175264596373
hdr_02872,car,S2,False,4.636178016662598,4.853030789708204,2.4136037826538086,3.580175264596373
hdr_02873,pottedplant,S2,False,16.882183074951172,1.380407974930811,2.931603193283081,4.301190320952913
hdr_02884,car,S2,False,19.10454559326172,0.8166172779249756,2.6495492458343506,3.4496326504700745
hdr_02884,car,S2,False,12.30368423461914,1.8274980667080793,2.768070697784424,3.4496326504700745
hdr_02884,car,S2,False,12.358222007751465,1.8689047425869347,2.652789831161499,3.4496326504700745
hdr_02884,car,S2,False,9.113616943359375,0.5893592484248424,1.8415122032165527,3.4496326504700745
hdr_02884,car,S2,False,6.438494682312012,1.340206450222487,2.821408748626709,3.4496326504700745
hdr_02884,car,S2,False,8.101720809936523,1.0487834522888908,2.270575523376465,3.4496326504700745
hdr_02889,person,S2,False,37.76612854003906,0.44862777730859166,2.3375184535980225,2.5182015459504967
hdr_02890,car,S2,False,3.363262176513672,0.5941400217794252,1.9705801010131836,4.716163668923731
hdr_02890,car,S2,False,2.1409506797790527,1.1718551059655253,2.071481466293335,4.716163668923731
hdr_02890,car,S2,False,1.8114984035491943,1.9384736424369697,2.0423777103424072,4.716163668923731
hdr_02890,car,S2,False,1.4715455770492554,1.270705747970432,2.958087682723999,4.716163668923731
hdr_02890,car,S2,True,1.5456840991973877,1.5636113391156035,2.9547781944274902,4.716163668923731
hdr_02890,car,S2,True,1.1365363597869873,2.648431536026939,2.6461143493652344,4.716163668923731
hdr_02890,car,S2,True,1.0046110153198242,2.1135052136702304,3.4536731243133545,4.716163668923731
hdr_02890,car,S2,True,0.7771715521812439,2.0751657365120266,2.3860132694244385,4.716163668923731
hdr_02890,car,S2,True,0.7771715521812439,0.8740077085414254,1.9978017807006836,4.716163668923731
hdr_02890,car,S2,True,0.8706207275390625,0.8831203552919273,1.142674207687378,4.716163668923731
hdr_02890,car,S2,True,0.669062614440918,0.9205271919385021,1.2039093971252441,4.716163668923731
hdr_02890,car,S2,True,0.928001880645752,1.1442857802591118,1.6631567478179932,4.716163668923731
hdr_02890,car,S2,False,3.0864555835723877,0.4618377907402907,2.192119836807251,4.716163668923731
hdr_02890,car,S2,False,3.032618284225464,0.3701869771544151,2.3956515789031982,4.716163668923731
hdr_02890,car,S2,False,2.156484603881836,0.44047830508120384,3.746340036392212,4.716163668923731
hdr_02890,car,S2,True,1.4529672861099243,0.28881207856002794,2.0949859619140625,4.716163668923731
hdr_02890,car,S2,False,1.6118247509002686,1.4150271014501192,3.60943603515625,4.716163668923731
hdr_02890,car,S2,False,6.194636344909668,0.3840031454384005,1.9172017574310303,4.716163668923731
hdr_02890,car,S2,False,3.948793649673462,0.2839564336522348,2.4788644313812256,4.716163668923731
hdr_02890,car,S2,True,1.3432003259658813,1.5272792763417904,3.2856016159057617,4.716163668923731
hdr_02890,car,S2,True,1.1999951601028442,0.6207626292310896,2.226287841796875,4.716163668923731
hdr_02890,car,S2,True,1.1237410306930542,0.44370645520753266,2.0817043781280518,4.716163668923731
hdr_02890,car,S2,True,0.916087806224823,0.6568804151953165,1.8864797353744507,4.716163668923731
hdr_02890,car,S2,True,0.9092280864715576,1.043975280280687,2.027517080307007,4.716163668923731
hdr_02896,car,S2,False,9.617303848266602,0.3212773398712129,0.8147478699684143,3.898522666089483
hdr_02896,car,S2,False,8.119751930236816,0.351677296532577,0.9742811322212219,3.898522666089483
hdr_02896,car,S2,False,6.68464469909668,0.4680355144345886,1.4854035377502441,3.898522666089483
hdr_02896,car,S2,False,3.000478744506836,0.37638521737397757,1.4927119016647339,3.898522666089483
hdr_02896,car,S2,True,5.051067352294922,0.4476852851217301,1.4372479915618896,3.898522666089483
hdr_02896,car,S2,False,2.850614070892334,1.2282021606219509,1.7845909595489502,3.898522666089483
hdr_02896,car,S2,True,3.169201374053955,1.0366643198490952,1.4793497323989868,3.898522666089483
hdr_02896,car,S2,False,2.832486867904663,0.8600739911728663,1.4442532062530518,3.898522666089483
hdr_02896,car,S2,True,2.3278133869171143,0.42570603785239625,1.1445633172988892,3.898522666089483
hdr_02901,person,S2,False,58.65365982055664,0.8235049390170859,1.6730780601501465,3.630088714928206
hdr_02901,person,S2,False,9.437201499938965,1.0386416959588718,2.4974288940429688,3.630088714928206
hdr_02901,person,S2,False,8.743151664733887,1.031446277747233,2.9047176837921143,3.630088714928206
hdr_02906,person,S2,False,54.60873794555664,0.9014735691032841,1.7041302919387817,3.298364975139425
hdr_02907,person,S2,False,56.751102447509766,0.8961886128928404,1.6485230922698975,3.3087371417255134
hdr_02916,person,S2,False,57.46117401123047,0.7016179624348283,2.1032931804656982,2.9786369483844743
hdr_02916,sofa,S2,True,32.030330657958984,1.6629171243068057,1.8466473817825317,2.9786369483844743
hdr_02920,person,S2,False,67.05199432373047,0.8861151250740019,2.1880438327789307,3.0720455525846173
hdr_02923,pottedplant,S2,False,26.59117889404297,0.8849938383492729,1.844165325164795,3.0716716442688794
hdr_02923,person,S2,False,50.962684631347656,1.0793781015925434,2.2525134086608887,3.0716716442688794
hdr_02926,person,S2,True,4.597550392150879,0.17654162570620793,2.388443946838379,2.7830561751367493
hdr_02926,person,S2,False,2.626217842102051,0.3451300273900094,1.8557919263839722,2.7830561751367493
hdr_02926,person,S2,False,2.9664664268493652,0.5560186658882423,2.41032075881958,2.7830561751367493
hdr_02926,person,S2,False,3.6602773666381836,0.6332046760525234,2.2452468872070312,2.7830561751367493
hdr_02926,person,S2,True,4.652039051055908,0.2803481704546955,2.4213919639587402,2.7830561751367493
hdr_02926,person,S2,False,2.919515609741211,0.24794713649518574,2.201474189758301,2.7830561751367493
hdr_02926,person,S2,True,1.7212209701538086,0.5283680735150212,2.0821359157562256,2.7830561751367493
hdr_02926,person,S2,True,5.75534725189209,0.6291092389094904,2.329556941986084,2.7830561751367493
hdr_02926,person,S2,True,4.09109354019165,0.589063150140462,2.5318174362182617,2.7830561751367493
hdr_02926,person,S2,True,4.705519199371338,0.6933670325879021,2.5245087146759033,2.7830561751367493
hdr_02926,person,S2,False,2.0505239963531494,1.1254612178088723,2.2308614253997803,2.7830561751367493
hdr_02926,person,S2,True,4.331441402435303,0.6554038165080084,2.3858296871185303,2.7830561751367493
hdr_02926,person,S2,False,3.0152792930603027,0.45355343861353564,2.6610608100891113,2.7830561751367493
hdr_02936,person,S2,False,20.988039016723633,0.19271446904570838,2.0329136848449707,4.06927781659915
hdr_02936,person,S2,False,31.645362854003906,0.1088343430041831,1.968306303024292,4.06927781659915
hdr_02936,person,S2,False,32.340328216552734,0.3640607464683499,2.435603141784668,4.06927781659915
hdr_02936,person,S2,True,7.381892204284668,1.5616972363608572,2.439429759979248,4.06927781659915
hdr_02936,person,S2,True,7.444836139678955,0.25178469740586035,2.4741899967193604,4.06927781659915
hdr_02936,person,S2,False,6.728963375091553,0.5590262710177637,2.5519168376922607,4.06927781659915
hdr_02936,person,S2,False,5.977182865142822,1.3693260741592015,2.47532057762146,4.06927781659915
hdr_02936,person,S2,True,6.0833892822265625,0.43012810458987333,2.4705162048339844,4.06927781659915
hdr_02936,person,S2,True,7.551229000091553,0.21479359741966883,2.391702890396118,4.06927781659915
hdr_02936,person,S2,False,3.1954567432403564,0.20631698073308657,1.951387882232666,4.06927781659915
hdr_02936,person,S2,False,2.5210673809051514,0.26391859428404507,1.7461460828781128,4.06927781659915
hdr_02936,person,S2,False,2.398176908493042,0.31619254863264534,1.7781111001968384,4.06927781659915
hdr_02936,person,S2,False,2.1827423572540283,0.3329584651174458,2.083069086074829,4.06927781659915
hdr_02936,person,S2,False,2.345632314682007,0.4484352534134928,2.035780906677246,4.06927781659915
hdr_02936,person,S2,False,2.3242805004119873,0.5799392404030572,2.0442140102386475,4.06927781659915
hdr_02936,person,S2,False,2.037339925765991,0.5737822233694112,1.9480527639389038,4.06927781659915
hdr_02936,person,S2,False,2.21482253074646,0.5211114807435191,2.006608724594116,4.06927781659915
hdr_02936,person,S2,True,1.9148452281951904,1.0699765724948007,2.133171319961548,4.06927781659915
hdr_02936,person,S2,True,1.9241671562194824,1.272420530399843,2.150712251663208,4.06927781659915
hdr_02936,person,S2,True,2.1356887817382812,0.8569006814911925,1.9853743314743042,4.06927781659915
hdr_02936,person,S2,True,1.4376569986343384,0.6082931914882643,2.029212236404419,4.06927781659915
hdr_02936,person,S2,False,1.8203721046447754,0.5385592049136573,1.871776819229126,4.06927781659915
hdr_02936,person,S2,False,1.6597694158554077,2.7402521955813377,1.6626973152160645,4.06927781659915
hdr_02936,person,S2,True,1.5466703176498413,2.7024828748055034,1.6674355268478394,4.06927781659915
hdr_02936,person,S2,True,1.5708129405975342,0.7875975940915705,2.0049550533294678,4.06927781659915
hdr_02936,person,S2,True,1.4136511087417603,0.7284497663696557,1.9551154375076294,4.06927781659915
hdr_02936,person,S2,True,1.386755108833313,4.657386158102487,2.1347224712371826,4.06927781659915
hdr_02936,person,S2,False,1.5488380193710327,2.0626327658264603,1.8434520959854126,4.06927781659915
hdr_02936,person,S2,False,1.3460057973861694,1.162614268576783,1.7337002754211426,4.06927781659915
hdr_02936,person,S2,False,1.5998536348342896,4.2100706154192045,1.276369571685791,4.06927781659915
hdr_02936,person,S2,False,1.6194885969161987,3.872511516237608,1.0221729278564453,4.06927781659915
hdr_02936,person,S2,False,1.6292568445205688,4.058112778833145,1.3463045358657837,4.06927781659915
hdr_02936,person,S2,True,1.4115357398986816,4.4751265912850995,1.0439212322235107,4.06927781659915
hdr_02936,person,S2,True,1.3723584413528442,3.8803342821086115,1.3361120223999023,4.06927781659915
hdr_02936,person,S2,True,1.5893148183822632,4.259834078029323,1.4784947633743286,4.06927781659915
hdr_02936,person,S2,False,1.2953904867172241,4.629561512029425,1.235344648361206,4.06927781659915
hdr_02936,person,S2,False,1.4478886127471924,4.26769904294902,1.2415125370025635,4.06927781659915
hdr_02936,person,S2,True,1.2214701175689697,3.998142772979199,1.1554856300354004,4.06927781659915
hdr_02936,person,S2,True,1.3179526329040527,5.744185146919505,0.9877321720123291,4.06927781659915
hdr_02936,person,S2,True,1.3268787860870361,2.6472544009505103,1.56349515914917,4.06927781659915
hdr_02936,person,S2,True,1.3308343887329102,3.6604519189900175,1.721351981163025,4.06927781659915
hdr_02936,person,S2,True,1.339259147644043,3.147389789565066,1.0450180768966675,4.06927781659915
hdr_02936,person,S2,True,1.5119162797927856,3.2196446418109583,1.466974139213562,4.06927781659915
hdr_02936,person,S2,True,1.3890588283538818,3.5227953400059406,0.8532212972640991,4.06927781659915
hdr_02936,person,S2,False,1.0728894472122192,4.55669360138169,0.8822804689407349,4.06927781659915
hdr_02936,person,S2,True,1.3356918096542358,4.60940490198216,1.2002055644989014,4.06927781659915
hdr_02936,person,S2,True,1.1739736795425415,4.862768459211924,0.6593794822692871,4.06927781659915
hdr_02936,person,S2,True,1.4438228607177734,4.25330588519655,1.149849534034729,4.06927781659915
hdr_02936,person,S2,False,1.335956335067749,3.4054894866931162,1.1208388805389404,4.06927781659915
hdr_02936,tv/monitor,S2,True,19.946533203125,8.311423352812882,3.296931028366089,4.06927781659915
hdr_02937,person,S2,False,1.8971260786056519,2.6913197700916496,1.3919752836227417,3.1470616911010416
hdr_02937,person,S2,False,1.7247583866119385,3.010553920949836,1.6767853498458862,3.1470616911010416
hdr_02937,person,S2,False,1.6339149475097656,3.0892535373584202,1.5113728046417236,3.1470616911010416
hdr_02937,person,S2,True,1.7096985578536987,2.7445303486365553,1.3184295892715454,3.1470616911010416
hdr_02937,person,S2,True,1.6357803344726562,2.398303775288368,1.0157562494277954,3.1470616911010416
hdr_02937,person,S2,True,1.6392890214920044,2.6051076415867738,1.3185633420944214,3.1470616911010416
hdr_02937,person,S2,False,1.7840262651443481,2.9081841700656503,1.447025179862976,3.1470616911010416
hdr_02937,person,S2,False,1.640282392501831,2.735928829761411,1.1921073198318481,3.1470616911010416
hdr_02937,person,S2,False,1.4478901624679565,2.930170845884783,1.2258509397506714,3.1470616911010416
hdr_02937,person,S2,False,1.3766899108886719,3.0883879365449216,0.9268290996551514,3.1470616911010416
hdr_02937,person,S2,False,1.2340267896652222,2.87565226563099,0.8978670239448547,3.1470616911010416
hdr_02937,person,S2,False,1.3553516864776611,3.0374503385534477,1.2277467250823975,3.1470616911010416
hdr_02937,person,S2,True,1.1541599035263062,2.984961094019791,0.8235543966293335,3.1470616911010416
hdr_02937,person,S2,True,1.0007706880569458,3.0332691960148632,1.1033645868301392,3.1470616911010416
hdr_02937,person,S2,False,1.1930605173110962,2.8392365743328862,0.7082456946372986,3.1470616911010416
hdr_02937,person,S2,False,1.7914586067199707,2.8334762811495313,1.5439478158950806,3.1470616911010416
hdr_02937,person,S2,False,1.9633585214614868,2.1742412143528345,1.0560016632080078,3.1470616911010416
hdr_02937,person,S2,False,1.588424801826477,2.9105087856795997,0.9922752380371094,3.1470616911010416
hdr_02937,person,S2,False,1.411539077758789,2.997052520251517,1.3515561819076538,3.1470616911010416
hdr_02937,person,S2,False,1.371504783630371,3.1413021973053503,1.349009394645691,3.1470616911010416
hdr_02937,person,S2,False,1.2532325983047485,3.088093694541772,0.8317962288856506,3.1470616911010416
hdr_02937,person,S2,False,2.046107292175293,0.8609666965535933,1.5128891468048096,3.1470616911010416
hdr_02937,person,S2,True,1.240492820739746,2.8581640674208586,0.7495801448822021,3.1470616911010416
hdr_02940,tv/monitor,S2,False,20.701679229736328,0.6707692199297461,3.3286705017089844,3.778905889117225
hdr_02940,person,S2,True,1.1679431200027466,9.750110195919323,1.6182972192764282,3.778905889117225
hdr_02940,person,S2,True,1.1930605173110962,9.577642627029475,1.2135192155838013,3.778905889117225
hdr_02940,person,S2,True,1.9964512586593628,2.7488400859158704,1.8012956380844116,3.778905889117225
hdr_02940,person,S2,True,1.5777419805526733,1.7692175239092924,1.7720366716384888,3.778905889117225
hdr_02940,person,S2,False,1.841938853263855,1.727643804171068,1.754313588142395,3.778905889117225
hdr_02940,person,S2,True,2.0333805084228516,8.936109737779251,2.0470523834228516,3.778905889117225
hdr_02940,person,S2,False,2.1161694526672363,4.6855342702005665,1.9146045446395874,3.778905889117225
hdr_02940,person,S2,False,2.372755765914917,3.196813434742793,1.7819666862487793,3.778905889117225
hdr_02940,person,S2,False,2.345632314682007,2.6789683977865613,1.7946460247039795,3.778905889117225
hdr_02940,person,S2,True,1.7525526285171509,4.143313294430952,1.8214269876480103,3.778905889117225
hdr_02940,person,S2,True,1.768799066543579,1.9013304449543673,1.5504965782165527,3.778905889117225
hdr_02940,person,S2,True,1.774657130241394,2.1386774186951736,1.4790892601013184,3.778905889117225
hdr_02940,person,S2,True,20.939483642578125,4.078508298676394,2.0119330883026123,3.778905889117225
hdr_02954,dog,S2,False,60.588340759277344,0.8884720676577377,1.3890783786773682,3.049714075815949
hdr_02955,person,S2,False,17.6752872467041,0.5177861435511827,2.1124370098114014,3.340978355455849
hdr_02955,person,S2,False,18.719520568847656,0.5694219879682784,2.6497035026550293,3.340978355455849
hdr_02955,person,S2,False,13.574448585510254,0.2568016753597935,1.1947931051254272,3.340978355455849
hdr_02955,person,S2,False,16.514638900756836,0.25187473387603676,1.0796220302581787,3.340978355455849
hdr_02955,person,S2,False,6.263422966003418,0.8225255002823295,2.1802115440368652,3.340978355455849
hdr_02955,person,S2,True,5.453761577606201,0.9866946466764689,2.1448514461517334,3.340978355455849
hdr_02955,person,S2,True,4.908926486968994,2.279169490473607,2.2503721714019775,3.340978355455849
hdr_02955,person,S2,False,9.930359840393066,0.674254898985027,2.5710651874542236,3.340978355455849
hdr_02955,person,S2,False,7.886056423187256,0.4213384798814892,2.0950229167938232,3.340978355455849
hdr_02955,person,S2,False,10.60723876953125,0.4488161439014065,1.4835257530212402,3.340978355455849
hdr_02955,person,S2,False,12.820524215698242,0.3003145562204345,1.26870596408844,3.340978355455849
hdr_02955,chair,S2,False,9.129096984863281,0.4065881848026243,1.3216290473937988,3.340978355455849
hdr_02955,pottedplant,S2,False,10.530858993530273,0.618525353741342,1.9960699081420898,3.340978355455849
hdr_02955,car,S2,False,31.840858459472656,1.2359385166857038,2.617431163787842,3.340978355455849
hdr_02955,car,S2,False,15.857015609741211,1.3183457027853847,2.51564884185791,3.340978355455849
hdr_02955,car,S2,False,4.225835800170898,4.145532097391693,2.383671283721924,3.340978355455849
hdr_02955,car,S2,False,7.611621379852295,1.6718744527754004,2.241582155227661,3.340978355455849
hdr_02957,car,S2,False,11.181519508361816,1.2091200325833211,2.3469464778900146,3.290854366593996
hdr_02960,person,S2,True,14.174921989440918,3.768200489947238,2.4658803939819336,4.207580514765431
hdr_02960,person,S2,False,27.856821060180664,1.2289518225840397,1.7585601806640625,4.207580514765431
hdr_02969,person,S2,False,5.4994354248046875,0.22648113379733714,1.2536559104919434,2.077539298980648
hdr_02969,person,S2,False,3.7729601860046387,0.11381772597577745,0.7516454458236694,2.077539298980648
hdr_02969,person,S2,False,3.3906216621398926,0.13888888066914648,0.9129722118377686,2.077539298980648
hdr_02969,person,S2,True,3.775184154510498,0.1876267237687569,1.363004446029663,2.077539298980648
hdr_02984,person,S2,False,35.39182662963867,0.2436465726512357,2.3070647716522217,2.7801258182393243
hdr_02999,person,S2,False,22.42540168762207,0.13097536097312648,2.0272421836853027,2.633769198666573
hdr_02999,person,S2,False,18.115163803100586,0.36710117344800997,2.170677900314331,2.633769198666573
hdr_03004,person,S2,False,41.88558578491211,0.12697480035039418,3.0436832904815674,3.985940610780368
hdr_03005,person,S2,False,37.64289474487305,0.06244597624487101,3.1693801879882812,4.402814981048712
hdr_03010,person,S2,False,42.51215362548828,0.34671370051067296,2.26416015625,3.295678006760997
hdr_03010,person,S2,False,48.31175994873047,0.1998337320354032,1.7246739864349365,3.295678006760997
hdr_03020,person,S2,False,8.23089599609375,1.1971104357517002,2.1347734928131104,2.420405872366884
hdr_03020,person,S2,False,7.67983341217041,0.16962844655466203,2.4774160385131836,2.420405872366884
hdr_03027,person,S2,False,63.54471969604492,0.9212553261362912,3.1741228103637695,3.738477232061617
hdr_03031,person,S2,False,34.10993194580078,1.109875807285338,2.3298988342285156,3.98802356192866
hdr_03031,person,S2,False,33.19938659667969,0.6986104012533696,2.965517997741699,3.98802356192866
hdr_03031,person,S2,False,8.731939315795898,0.7686319040400683,1.5202579498291016,3.98802356192866
hdr_03031,person,S2,True,7.09842586517334,0.7120500970068281,1.3585036993026733,3.98802356192866
hdr_03031,chair,S2,True,8.804373741149902,0.8733122791646188,1.469169020652771,3.98802356192866
hdr_03031,chair,S2,True,7.224216938018799,0.5219536750167733,1.379076600074768,3.98802356192866
hdr_03035,person,S2,False,64.69064331054688,0.41507037634255867,1.7349801063537598,2.591884362257977
hdr_03035,person,S2,False,52.33932876586914,1.1080267106161936,1.465481162071228,2.591884362257977
hdr_03036,person,S2,False,45.333282470703125,0.1283987656685917,3.164339542388916,3.303409468667696
hdr_03036,person,S2,False,49.65070343017578,0.5962266682934593,3.068929433822632,3.303409468667696
hdr_03043,person,S2,False,2.4085755348205566,0.4855842355779098,2.0696933269500732,2.7650251932314487
hdr_03043,person,S2,False,2.0464084148406982,0.6820942445339738,2.225062370300293,2.7650251932314487
hdr_03043,person,S2,False,4.429843425750732,0.5820386557094674,2.2014009952545166,2.7650251932314487
hdr_03050,person,S2,False,39.61864471435547,0.960249444917764,2.6351335048675537,3.841441626762649
hdr_03050,person,S2,False,54.95904541015625,0.42099242111739577,3.596621513366699,3.841441626762649
hdr_03054,person,S2,False,54.731239318847656,1.05802843187531,3.532404899597168,3.741301427029749
hdr_03065,person,S2,False,10.319416046142578,0.07224818946832405,2.650163412094116,3.4857012309652005
hdr_03070,car,S2,True,0.740742564201355,0.06872416486790542,0.9411196112632751,2.0630063071558147
hdr_03071,person,S2,False,3.9350085258483887,0.5816014070581699,1.5724685192108154,1.818861005742976
hdr_03074,person,S2,False,5.366032600402832,0.40873835893538724,2.243816614151001,2.912436497624433
hdr_03085,bottle,S2,True,38.493202209472656,0.5118084494214802,2.4531638622283936,2.63712197765941
hdr_03085,bottle,S2,True,11.230307579040527,1.487539588462815,2.342498779296875,2.63712197765941
hdr_03085,bottle,S2,True,7.2889909744262695,1.2656571274877142,2.4055309295654297,2.63712197765941
hdr_03085,bottle,S2,True,6.340155124664307,0.5580942255834156,2.1920690536499023,2.63712197765941
hdr_03085,bottle,S2,True,6.607790470123291,0.19642712414968327,2.325718402862549,2.63712197765941
hdr_03088,person,S2,False,11.220327377319336,0.7279995433621779,1.5641611814498901,2.143422142302313
hdr_03089,person,S2,False,50.03473663330078,0.256253211402337,2.554666042327881,2.7184133404157005
hdr_03089,person,S2,False,4.048176288604736,0.6254881711895943,2.1190366744995117,2.7184133404157005
hdr_03101,person,S2,False,18.065723419189453,0.056395165454989626,2.4966893196105957,3.794611515728274
hdr_03101,person,S2,False,19.078235626220703,0.08097595568792164,2.5615251064300537,3.794611515728274
hdr_03101,person,S2,False,18.206331253051758,0.047273277048630435,2.694387674331665,3.794611515728274
hdr_03101,person,S2,False,19.579992294311523,0.08083766557583454,2.618722438812256,3.794611515728274
hdr_03101,person,S2,True,9.650768280029297,0.11611268091947595,2.5522501468658447,3.794611515728274
hdr_03101,person,S2,True,2.754322052001953,0.021073981354729203,1.1012580394744873,3.794611515728274
hdr_03101,boat,S2,True,7.423652172088623,0.026941884096631008,2.189457893371582,3.794611515728274
hdr_03101,boat,S2,True,1.1165562868118286,0.9965136447328953,1.689639925956726,3.794611515728274
hdr_03104,chair,S2,True,2.546440362930298,0.5575887430946629,1.9171329736709595,3.1553569819555243
hdr_03104,chair,S2,True,2.741895914077759,0.7243505178064984,2.0263280868530273,3.1553569819555243
hdr_03104,chair,S2,True,1.6115164756774902,0.38171660374958644,1.6925617456436157,3.1553569819555243
hdr_03104,chair,S2,True,1.2478225231170654,1.1642077914282714,1.67359459400177,3.1553569819555243
hdr_03104,chair,S2,True,2.147085666656494,0.33637650495440746,2.381028652191162,3.1553569819555243
hdr_03104,chair,S2,True,5.985779285430908,1.673370533369633,1.6204566955566406,3.1553569819555243
hdr_03104,chair,S2,True,2.176241874694824,0.9775888002595285,2.198845386505127,3.1553569819555243
hdr_03104,chair,S2,True,1.5824363231658936,1.0325108738292814,2.124342918395996,3.1553569819555243
hdr_03104,chair,S2,True,1.4160264730453491,1.9895066743553411,1.574021339416504,3.1553569819555243
hdr_03104,chair,S2,True,1.1400476694107056,2.163887954005149,1.254575490951538,3.1553569819555243
hdr_03104,chair,S2,True,2.261174201965332,1.1464442381745543,2.2895681858062744,3.1553569819555243
hdr_03104,chair,S2,True,1.1610677242279053,2.8523918851615013,1.452256679534912,3.1553569819555243
hdr_03104,chair,S2,True,1.5182770490646362,1.3616801039828905,1.9787625074386597,3.1553569819555243
hdr_03104,chair,S2,True,1.1244781017303467,1.1495828036651254,1.7698476314544678,3.1553569819555243
hdr_03104,chair,S2,True,0.8095620274543762,1.4451989730331891,0.9981598854064941,3.1553569819555243
hdr_03104,chair,S2,True,1.4983470439910889,0.8449155782118973,1.6638857126235962,3.1553569819555243
hdr_03114,person,S2,False,71.18040466308594,0.6934862292048516,2.9942591190338135,3.618579068302705
hdr_03114,bottle,S2,True,15.446538925170898,3.7198793635192247,1.4506137371063232,3.618579068302705
hdr_03114,chair,S2,False,36.594181060791016,0.22609402503305776,1.2840698957443237,3.618579068302705
hdr_03116,aeroplane,S2,False,50.473751068115234,8.196671432277723,2.5332562923431396,3.59128492188413
hdr_03137,car,S2,False,5.488743782043457,0.01471878844683228,2.0272600650787354,3.8662108659362864
hdr_03137,car,S2,False,4.559019088745117,0.0431797553404238,2.2934110164642334,3.8662108659362864
hdr_03137,car,S2,False,4.724437713623047,0.020182530330505422,2.2851922512054443,3.8662108659362864
hdr_03144,person,S2,False,72.37847900390625,0.5686821036923263,2.5322132110595703,3.015439596292223
hdr_03147,chair,S2,False,9.903175354003906,1.2781022827718602,1.353633999824524,3.115535358432
hdr_03147,chair,S2,False,11.302520751953125,1.2650410973892288,1.18425714969635,3.115535358432
hdr_03151,car,S2,False,58.753173828125,0.3276145772547391,2.4502344131469727,2.914816199369788
hdr_03151,car,S2,False,10.119505882263184,0.43120108987867867,2.1402645111083984,2.914816199369788
hdr_03151,car,S2,False,7.92561674118042,0.4351426070066178,2.230715274810791,2.914816199369788
hdr_03151,car,S2,False,28.437761306762695,0.32479211207632463,2.1882448196411133,2.914816199369788
hdr_03151,car,S2,False,3.91806960105896,0.6799720458987486,2.3791890144348145,2.914816199369788
hdr_03151,car,S2,True,1.9645224809646606,0.3490536663957047,1.700993299484253,2.914816199369788
hdr_03151,car,S2,False,15.329352378845215,0.16508028960334226,2.1465845108032227,2.914816199369788
hdr_03151,car,S2,False,11.446736335754395,0.14416322960650207,2.3699283599853516,2.914816199369788
hdr_03151,car,S2,False,12.930952072143555,0.31952527559125343,2.4000861644744873,2.914816199369788
hdr_03151,person,S2,False,13.451483726501465,0.6416327858032919,2.020714282989502,2.914816199369788
hdr_03152,tv/monitor,S2,True,25.640539169311523,3.4276591259479257,3.0304794311523438,4.327318057687924
hdr_03152,bottle,S2,False,8.772265434265137,0.9864188997760678,1.3032969236373901,4.327318057687924
hdr_03152,bottle,S2,False,8.498345375061035,1.0432321676518341,1.5607064962387085,4.327318057687924
hdr_03152,bottle,S2,False,6.475433826446533,1.1108794990747701,1.2743289470672607,4.327318057687924
hdr_03152,bottle,S2,False,5.362369537353516,1.055160016969614,1.044174075126648,4.327318057687924
hdr_03152,bottle,S2,True,4.712983131408691,1.3604260940269823,1.0761522054672241,4.327318057687924
hdr_03152,bottle,S2,False,5.652589321136475,1.3489920710033914,1.4003618955612183,4.327318057687924
hdr_03152,bottle,S2,True,5.163069725036621,0.981373114856862,0.967796802520752,4.327318057687924
hdr_03152,bottle,S2,False,5.483527660369873,1.5443129426053386,2.3593850135803223,4.327318057687924
hdr_03152,bottle,S2,True,5.840251922607422,1.3833296639905317,1.1371952295303345,4.327318057687924
hdr_03152,bottle,S2,True,3.9031572341918945,1.3808292480829512,1.1574060916900635,4.327318057687924
hdr_03152,bottle,S2,True,3.033374786376953,1.1691493206160637,1.226607084274292,4.327318057687924
hdr_03152,bottle,S2,True,2.8653907775878906,0.9251810769506504,1.1664317846298218,4.327318057687924
hdr_03152,bottle,S2,True,4.406983375549316,1.7405115327005691,1.4477559328079224,4.327318057687924
hdr_03152,bottle,S2,False,6.460208415985107,47.06482573837849,2.962998867034912,4.327318057687924
hdr_03152,bottle,S2,False,5.886228084564209,36.106889856269945,2.857379198074341,4.327318057687924
hdr_03152,bottle,S2,True,5.950343608856201,63.37386217480632,2.655552625656128,4.327318057687924
hdr_03152,bottle,S2,False,5.467746257781982,38.917343302250636,2.584278106689453,4.327318057687924
hdr_03152,bottle,S2,True,5.3598313331604,73.08137959102763,2.519761085510254,4.327318057687924
hdr_03152,bottle,S2,False,5.494360446929932,19.959678746844876,2.63336181640625,4.327318057687924
hdr_03152,bottle,S2,False,5.331918716430664,16.945064821645087,2.808415412902832,4.327318057687924
hdr_03152,bottle,S2,False,5.525683403015137,32.71023506891786,2.882139205932617,4.327318057687924
hdr_03152,bottle,S2,False,5.746580123901367,22.90494180071463,2.9090490341186523,4.327318057687924
hdr_03152,bottle,S2,False,5.867706775665283,25.20219950056005,3.0577054023742676,4.327318057687924
hdr_03152,bottle,S2,True,5.636035442352295,20.63679558485962,3.1314587593078613,4.327318057687924
hdr_03152,bottle,S2,False,5.2762603759765625,3.980993096665108,2.967961549758911,4.327318057687924
hdr_03152,bottle,S2,False,4.19028377532959,12.251226306059445,2.1100363731384277,4.327318057687924
hdr_03152,bottle,S2,False,3.4965953826904297,13.036224746223281,2.864011287689209,4.327318057687924
hdr_03152,bottle,S2,True,3.8612358570098877,14.583199789721805,2.2682056427001953,4.327318057687924
hdr_03152,bottle,S2,True,5.096399784088135,17.778815524448493,2.4473371505737305,4.327318057687924
hdr_03152,bottle,S2,True,4.374917507171631,2.208612225314606,1.8091541528701782,4.327318057687924
hdr_03152,bottle,S2,True,4.1485915184021,17.693642330006366,2.1472585201263428,4.327318057687924
hdr_03152,bottle,S2,False,4.937047004699707,2.0167225547046383,1.585652470588684,4.327318057687924
hdr_03152,bottle,S2,False,4.7264509201049805,1.670174032104849,1.6073201894760132,4.327318057687924
hdr_03152,bottle,S2,True,4.009673118591309,1.8562263776920331,1.6645690202713013,4.327318057687924
hdr_03152,bottle,S2,True,4.143508434295654,15.154906203703785,1.8734955787658691,4.327318057687924
hdr_03152,bottle,S2,True,4.3157124519348145,2.2361094908501795,2.8012197017669678,4.327318057687924
hdr_03152,bottle,S2,True,4.0432000160217285,1.8651807436398302,2.9651987552642822,4.327318057687924
hdr_03152,bottle,S2,True,4.295637607574463,1.5550006710073092,1.66439950466156,4.327318057687924
hdr_03152,bottle,S2,True,3.800309419631958,1.4406617564720043,1.5461797714233398,4.327318057687924
hdr_03152,bottle,S2,False,4.15176248550415,2.9029173760485767,1.7333910465240479,4.327318057687924
hdr_03152,bottle,S2,False,5.231921195983887,2.887350591231996,2.0469248294830322,4.327318057687924
hdr_03152,bottle,S2,True,4.144715309143066,2.2358362636909614,1.8796119689941406,4.327318057687924
hdr_03152,bottle,S2,True,3.891981363296509,2.4990516722408516,1.5973314046859741,4.327318057687924
hdr_03152,bottle,S2,False,4.255875110626221,1.2914727104689712,1.288605809211731,4.327318057687924
hdr_03152,bottle,S2,False,4.024860382080078,1.1426646328859074,1.0512088537216187,4.327318057687924
hdr_03152,bottle,S2,False,4.0343241691589355,1.1749634015948045,1.1401199102401733,4.327318057687924
hdr_03152,bottle,S2,False,3.592535972595215,1.2121529218348117,1.0583064556121826,4.327318057687924
hdr_03152,bottle,S2,False,4.166220188140869,1.4264785039373071,1.2211652994155884,4.327318057687924
hdr_03152,bottle,S2,False,2.873478889465332,1.3289155030756694,1.3225154876708984,4.327318057687924
hdr_03152,bottle,S2,False,3.151625394821167,1.382687455905756,1.2483750581741333,4.327318057687924
hdr_03152,bottle,S2,True,3.08345103263855,1.16608987813981,1.5493279695510864,4.327318057687924
hdr_03152,bottle,S2,False,3.044555425643921,0.9758998734296017,1.3648829460144043,4.327318057687924
hdr_03152,bottle,S2,True,2.8890912532806396,0.8881433739417016,1.029772400856018,4.327318057687924
hdr_03152,bottle,S2,True,3.651552677154541,0.920726845642882,1.1086301803588867,4.327318057687924
hdr_03152,bottle,S2,False,5.000924110412598,2.267051260572751,2.5091640949249268,4.327318057687924
hdr_03152,bottle,S2,False,4.844283580780029,3.206518799461206,2.6116039752960205,4.327318057687924
hdr_03152,bottle,S2,False,6.317590236663818,2.7361081751495733,2.517259359359741,4.327318057687924
hdr_03152,bottle,S2,False,3.95963716506958,3.214220618431913,2.45127272605896,4.327318057687924
hdr_03152,bottle,S2,False,3.877995491027832,15.631774578968496,2.128608226776123,4.327318057687924
hdr_03152,bottle,S2,False,3.4760587215423584,9.17862623898795,1.9830607175827026,4.327318057687924
hdr_03152,bottle,S2,False,3.2085232734680176,14.900911663568923,2.6867125034332275,4.327318057687924
hdr_03152,bottle,S2,False,3.441058397293091,2.835941782879577,3.039121150970459,4.327318057687924
hdr_03152,bottle,S2,False,3.1779062747955322,12.184958267438661,2.4007248878479004,4.327318057687924
hdr_03152,bottle,S2,True,5.609864711761475,1.9932204871542303,1.9919688701629639,4.327318057687924
hdr_03152,bottle,S2,True,5.030013084411621,3.5190260540881595,2.525618553161621,4.327318057687924
hdr_03152,bottle,S2,True,4.116216659545898,5.495812417348419,2.8585972785949707,4.327318057687924
hdr_03153,person,S2,False,73.68999481201172,0.7814774791397051,2.2816340923309326,3.1670860605001065
hdr_03153,sofa,S2,False,37.41826248168945,0.0885489247429825,2.1391184329986572,3.1670860605001065
hdr_03155,car,S2,False,22.491085052490234,0.624101885177966,2.012855291366577,3.895580385213198
hdr_03155,car,S2,False,19.26715660095215,1.051140732706281,2.86234712600708,3.895580385213198
hdr_03155,car,S2,False,12.314719200134277,0.6438214676373967,2.037576675415039,3.895580385213198
hdr_03155,car,S2,False,11.600325584411621,0.4736835747507563,1.769659399986267,3.895580385213198
hdr_03155,car,S2,False,10.33961009979248,0.4729510379467767,1.5502718687057495,3.895580385213198
hdr_03155,car,S2,True,5.455722808837891,0.5489227490088757,2.2378361225128174,3.895580385213198
hdr_03157,person,S2,False,59.65172576904297,1.0699807411767464,3.0474534034729004,4.490144069694948
hdr_03157,chair,S2,False,16.866186141967773,3.5463397313614586,3.263180732727051,4.490144069694948
hdr_03157,sofa,S2,True,18.796995162963867,0.3825454800546666,2.281085968017578,4.490144069694948
hdr_03158,person,S2,False,69.78202819824219,0.8584230511455276,2.610960006713867,3.6162203687810126
hdr_03158,person,S2,False,17.030473709106445,1.0918686597973748,2.3999855518341064,3.6162203687810126
hdr_03158,person,S2,False,18.633934020996094,1.0699761805259,1.268487811088562,3.6162203687810126
hdr_03158,person,S2,False,8.749195098876953,3.0796941823956345,2.194305181503296,3.6162203687810126
hdr_03158,diningtable,S2,False,51.22512435913086,1.1340471033835677,1.2748959064483643,3.6162203687810126
hdr_03158,sofa,S2,True,48.7475471496582,0.46304662194800406,1.4791343212127686,3.6162203687810126
hdr_03170,car,S2,False,5.699994087219238,0.6787931595141454,2.3810222148895264,2.990096570551525
hdr_03170,bicycle,S2,True,3.754790782928467,0.9837654040114321,1.9893958568572998,2.990096570551525
hdr_03171,car,S2,False,15.673263549804688,0.16368899234134326,2.663625478744507,2.337762306786104
hdr_03171,car,S2,True,0.9373588562011719,2.6916423559427587,1.5465517044067383,2.337762306786104
hdr_03171,car,S2,False,5.0485453605651855,1.1396512679657707,2.590939998626709,2.337762306786104
hdr_03171,bicycle,S2,True,3.6415045261383057,1.3316316328989255,2.0536611080169678,2.337762306786104
hdr_03173,car,S2,False,5.803684711456299,0.3853372477484595,2.3254027366638184,2.709269960975831
hdr_03173,car,S2,False,4.164701461791992,0.39627313814508,2.2943665981292725,2.709269960975831
hdr_03173,car,S2,False,2.5257980823516846,0.38179031607709657,2.4923760890960693,2.709269960975831
hdr_03173,car,S2,False,1.8681185245513916,0.5062732415348272,2.3630242347717285,2.709269960975831
hdr_03200,person,S2,False,7.615848064422607,0.5161870584559926,2.192932367324829,2.6538554368859546
hdr_03211,car,S2,False,1.994879961013794,0.845466948085991,2.174976348876953,2.6742923774202594
hdr_03220,car,S2,False,12.615767478942871,0.978686327109506,1.638453722000122,3.319930124065711
hdr_03220,car,S2,False,12.177614212036133,0.9417672033810567,1.6540424823760986,3.319930124065711
hdr_03220,car,S2,False,6.792133331298828,1.560893466817376,1.488598108291626,3.319930124065711
hdr_03220,car,S2,False,7.90478515625,1.5853550249246078,1.5204991102218628,3.319930124065711
hdr_03220,car,S2,False,5.225104808807373,1.6008539826185184,1.3075369596481323,3.319930124065711
hdr_03220,car,S2,False,8.129340171813965,1.375399467747503,1.603980541229248,3.319930124065711
hdr_03220,car,S2,False,5.6749749183654785,1.4456709648515764,1.5356942415237427,3.319930124065711
hdr_03220,car,S2,False,11.879916191101074,0.9864296461750482,1.4683613777160645,3.319930124065711
hdr_03221,person,S2,False,84.30646514892578,0.49426672999530813,4.142802715301514,4.707585558805256
hdr_03221,person,S2,False,61.43730163574219,0.21870353474318496,2.905056953430176,4.707585558805256
hdr_03225,person,S2,False,72.07616424560547,0.8677084014918537,2.2163898944854736,2.878061981290013
hdr_03225,diningtable,S2,True,37.186492919921875,0.5245370673297127,1.8198699951171875,2.878061981290013
hdr_03228,person,S2,False,8.695143699645996,0.35780099635065554,1.1361238956451416,3.876518583678629
hdr_03228,person,S2,False,5.464597225189209,0.31439424974596797,1.1703941822052002,3.876518583678629
hdr_03228,person,S2,False,6.625966548919678,0.36934688265596927,1.2595796585083008,3.876518583678629
hdr_03228,person,S2,False,4.4032511711120605,0.23014009555528472,1.26705801486969,3.876518583678629
hdr_03228,person,S2,False,4.974759578704834,0.2287425975190565,1.2599290609359741,3.876518583678629
hdr_03228,person,S2,True,2.7131309509277344,0.3412327453720541,1.2774661779403687,3.876518583678629
hdr_03228,person,S2,False,2.5860543251037598,0.4257563772540323,1.2422478199005127,3.876518583678629
hdr_03228,person,S2,False,2.7015116214752197,0.5953446380663614,1.1970300674438477,3.876518583678629
hdr_03228,person,S2,False,2.791231393814087,0.38727568195853623,1.374481439590454,3.876518583678629
hdr_03241,person,S2,False,14.004829406738281,3.9198184042484256,2.2168188095092773,3.6141362059935775
hdr_03242,person,S2,False,42.979461669921875,1.3403983218461548,2.4558820724487305,3.532091606278936
hdr_03247,dog,S2,False,62.5234375,1.1524887412251519,2.6278481483459473,2.803174463844162
hdr_03249,dog,S2,False,68.33441162109375,0.9331872856600902,2.5298209190368652,3.878315732090047
hdr_03265,person,S2,False,70.83456420898438,0.8844121248923889,2.034177780151367,2.9242792860618816
hdr_03273,car,S2,False,4.817255020141602,4.3594340090146435,2.377331256866455,3.4636182966868496
hdr_03273,car,S2,False,3.6685359477996826,2.8083429828504434,2.493943214416504,3.4636182966868496
hdr_03273,car,S2,False,5.7525105476379395,10.840519972867156,2.4654574394226074,3.4636182966868496
hdr_03273,car,S2,False,5.625990867614746,13.779991647265387,2.2439463138580322,3.4636182966868496
hdr_03273,car,S2,False,4.7969231605529785,14.948514043413505,2.230445623397827,3.4636182966868496
hdr_03273,car,S2,False,5.218263626098633,8.79382847320074,2.2140116691589355,3.4636182966868496
hdr_03273,chair,S2,False,12.809735298156738,5.312211102062227,2.5513319969177246,3.4636182966868496
hdr_03273,chair,S2,False,13.735005378723145,1.8669373683532062,2.505403995513916,3.4636182966868496
hdr_03273,chair,S2,False,9.29910659790039,4.053149014410778,2.273268222808838,3.4636182966868496
hdr_03273,chair,S2,False,6.104084014892578,9.76981093532622,2.1594901084899902,3.4636182966868496
hdr_03273,chair,S2,False,5.651081562042236,30.258873266771715,2.2184152603149414,3.4636182966868496
hdr_03273,chair,S2,True,4.404244899749756,9.329306641762495,2.1813225746154785,3.4636182966868496
hdr_03273,chair,S2,True,4.993317604064941,7.68311490395869,2.1910533905029297,3.4636182966868496
hdr_03273,chair,S2,True,6.423892021179199,18.600049173099986,2.1520698070526123,3.4636182966868496
hdr_03273,chair,S2,False,5.474735260009766,17.905045564788747,2.148444890975952,3.4636182966868496
hdr_03273,diningtable,S2,True,7.673521518707275,19.72743188147339,2.087226152420044,3.4636182966868496
hdr_03277,person,S2,False,80.44773864746094,1.0952333630802684,1.6409237384796143,2.5395188799511685
hdr_03283,bicycle,S2,False,80.46412658691406,0.6352487014948924,2.38513445854187,2.80327498334048
hdr_03306,person,S2,False,63.662044525146484,0.7365667840367754,2.5699005126953125,3.890160102913281
hdr_03306,diningtable,S2,False,47.006534576416016,1.7281552715338129,2.117231845855713,3.890160102913281
hdr_03306,diningtable,S2,True,12.365715026855469,0.7618226328633291,1.8372966051101685,3.890160102913281
hdr_03306,diningtable,S2,False,15.953312873840332,1.1534434245866734,2.2771153450012207,3.890160102913281
hdr_03306,diningtable,S2,True,11.555930137634277,1.8041455463974294,1.7671116590499878,3.890160102913281
hdr_03306,chair,S2,True,18.659238815307617,0.3569383084712057,1.5894591808319092,3.890160102913281
hdr_03306,chair,S2,True,20.07657241821289,0.575898607495542,1.4697731733322144,3.890160102913281
hdr_03306,chair,S2,False,27.414756774902344,0.8110279539190473,2.2388503551483154,3.890160102913281
hdr_03306,chair,S2,False,18.411800384521484,0.9718735812636061,2.3696160316467285,3.890160102913281
hdr_03306,chair,S2,True,14.81492805480957,0.7676701857607822,1.7456049919128418,3.890160102913281
hdr_03306,bottle,S2,True,3.9696340560913086,5.798476879408868,2.1472697257995605,3.890160102913281
hdr_03306,bottle,S2,False,5.487715244293213,2.046480342605622,2.3321163654327393,3.890160102913281
hdr_03306,bottle,S2,False,6.3705878257751465,2.5990614266083067,2.115082025527954,3.890160102913281
hdr_03306,bottle,S2,False,7.087050914764404,5.405031207446878,2.1952877044677734,3.890160102913281
hdr_03306,bottle,S2,False,5.105752468109131,10.30646320601005,1.8907572031021118,3.890160102913281
hdr_03306,bottle,S2,False,6.807415008544922,3.9752820287398545,2.528536081314087,3.890160102913281
hdr_03306,bottle,S2,True,7.2136735916137695,1.882328949588114,1.8926223516464233,3.890160102913281
hdr_03306,bottle,S2,False,6.44920539855957,4.042938645577503,2.3788094520568848,3.890160102913281
hdr_03306,bottle,S2,False,6.422389984130859,3.101666107334272,1.8336745500564575,3.890160102913281
hdr_03306,bottle,S2,False,4.940624713897705,5.202863293924617,2.3089687824249268,3.890160102913281
hdr_03306,bottle,S2,False,4.979754447937012,5.9680610080597685,2.180994987487793,3.890160102913281
hdr_03306,bottle,S2,False,5.336543083190918,5.546760511089886,2.3571369647979736,3.890160102913281
hdr_03306,bottle,S2,False,5.627509117126465,2.5665175376717007,2.284390926361084,3.890160102913281
hdr_03306,bottle,S2,False,5.698172092437744,5.87758506462675,1.5370835065841675,3.890160102913281
hdr_03306,bottle,S2,True,4.555396556854248,6.391532532730991,2.0826427936553955,3.890160102913281
hdr_03306,bottle,S2,True,4.798637866973877,4.689252788607443,1.627951979637146,3.890160102913281
hdr_03307,bottle,S2,False,4.626683712005615,7.2841529467319575,1.8523577451705933,3.129352714725129
hdr_03307,bottle,S2,False,6.162675380706787,3.7344642145009646,1.931580662727356,3.129352714725129
hdr_03307,bottle,S2,False,5.545754432678223,2.8682915580752835,2.2084944248199463,3.129352714725129
hdr_03307,bottle,S2,False,6.611093997955322,3.030110876623671,1.7779113054275513,3.129352714725129
hdr_03307,bottle,S2,False,6.290020942687988,5.682417401570528,1.9661005735397339,3.129352714725129
hdr_03307,bottle,S2,False,6.223627090454102,7.189888344491533,1.7735614776611328,3.129352714725129
hdr_03307,bottle,S2,True,5.065613269805908,5.94169670421459,1.7511906623840332,3.129352714725129
hdr_03307,bottle,S2,True,4.371744155883789,9.332154862956058,1.8592661619186401,3.129352714725129
hdr_03307,bottle,S2,True,5.974007606506348,4.979250257778763,2.3260183334350586,3.129352714725129
hdr_03307,bottle,S2,False,6.092812538146973,2.191433970180996,1.484195590019226,3.129352714725129
hdr_03307,bottle,S2,False,6.198091506958008,3.4263265015272704,2.1174659729003906,3.129352714725129
hdr_03307,bottle,S2,True,4.375860214233398,5.164003406434509,1.522169828414917,3.129352714725129
hdr_03307,bottle,S2,True,4.849157333374023,5.513535077523464,1.9443892240524292,3.129352714725129
hdr_03307,bottle,S2,False,4.730535507202148,5.073630994813158,2.0101215839385986,3.129352714725129
hdr_03307,bottle,S2,False,4.8491530418396,4.508462136637331,2.207653284072876,3.129352714725129
hdr_03307,bottle,S2,False,5.4807000160217285,2.572764241203592,2.0501465797424316,3.129352714725129
hdr_03307,person,S2,False,64.00057983398438,0.8296520325194173,2.188817024230957,3.129352714725129
hdr_03307,diningtable,S2,False,46.58185958862305,1.4375561219298085,1.7910314798355103,3.129352714725129
hdr_03307,diningtable,S2,False,15.978961944580078,0.9246888194716733,1.8872253894805908,3.129352714725129
hdr_03307,diningtable,S2,True,6.735332489013672,0.8581084070842783,1.4336062669754028,3.129352714725129
hdr_03307,diningtable,S2,True,14.183038711547852,0.895069980286398,1.655334711074829,3.129352714725129
hdr_03307,chair,S2,True,25.516786575317383,0.4859021502943361,1.561301350593567,3.129352714725129
hdr_03307,chair,S2,True,18.047256469726562,0.753612078241909,1.3548858165740967,3.129352714725129
hdr_03307,chair,S2,False,28.292709350585938,0.8500529516034767,1.8880419731140137,3.129352714725129
hdr_03307,chair,S2,False,18.116823196411133,0.8662677138712264,1.9404308795928955,3.129352714725129
hdr_03307,chair,S2,True,16.24073600769043,0.8004605330838297,1.3191131353378296,3.129352714725129
hdr_03312,person,S2,False,7.451302528381348,1.1044150470204837,0.9897333979606628,3.625723909525756
hdr_03312,person,S2,False,7.6392011642456055,1.190048679619179,1.264898657798767,3.625723909525756
hdr_03312,person,S2,False,5.584132671356201,1.0078574331019081,1.0660103559494019,3.625723909525756
hdr_03312,person,S2,True,5.802884101867676,0.6294427866025678,1.3195469379425049,3.625723909525756
hdr_03312,person,S2,True,6.271638870239258,0.9014117788145273,0.9626817107200623,3.625723909525756
hdr_03312,person,S2,False,4.737407207489014,0.8852508089013496,1.0881763696670532,3.625723909525756
hdr_03312,person,S2,False,6.163471221923828,0.8599866570572641,0.9815595149993896,3.625723909525756
hdr_03312,person,S2,True,5.19028377532959,1.0039034511183738,1.3082377910614014,3.625723909525756
hdr_03312,person,S2,False,6.353261470794678,0.7935697727624665,0.7788786292076111,3.625723909525756
hdr_03317,bicycle,S2,False,45.19012451171875,0.7512520354480945,2.121783494949341,3.00835680135381
hdr_03322,person,S2,False,12.032456398010254,0.1760533401069857,1.931758999824524,2.421941242989237
hdr_03322,person,S2,False,4.360851764678955,0.9169088053101685,1.7598358392715454,2.421941242989237
hdr_03322,person,S2,False,4.764840602874756,0.6443224185750794,1.144911766052246,2.421941242989237
hdr_03322,person,S2,False,3.886045217514038,0.12267752063968641,1.7029759883880615,2.421941242989237
hdr_03322,car,S2,False,25.27864646911621,0.1974215125697758,1.9471478462219238,2.421941242989237
hdr_03322,car,S2,False,9.388567924499512,0.21307590771228618,1.9769001007080078,2.421941242989237
hdr_03322,car,S2,False,15.840777397155762,0.5823277247466958,2.081003189086914,2.421941242989237
hdr_03322,car,S2,False,18.79497528076172,0.3923829810226093,2.1066527366638184,2.421941242989237
hdr_03322,car,S2,False,17.982526779174805,0.38155085799699606,2.163844347000122,2.421941242989237
hdr_03324,person,S2,False,5.870608329772949,1.5021863799695083,2.288440465927124,4.28714456778531
hdr_03324,person,S2,False,6.914891242980957,0.4058427673365572,1.6177847385406494,4.28714456778531
hdr_03324,person,S2,True,3.5059585571289062,0.36273162966427835,1.8053967952728271,4.28714456778531
hdr_03324,person,S2,True,4.179950714111328,0.4498606879521225,1.9603228569030762,4.28714456778531
hdr_03324,person,S2,True,2.728964328765869,0.895332845271876,2.0007805824279785,4.28714456778531
hdr_03324,person,S2,True,2.1364150047302246,0.3324110031680577,1.4473850727081299,4.28714456778531
hdr_03324,person,S2,True,3.1033613681793213,0.4255236668305031,1.5614125728607178,4.28714456778531
hdr_03324,person,S2,True,2.7418668270111084,0.9369013281988553,3.113929271697998,4.28714456778531
hdr_03324,person,S2,True,2.695498466491699,0.46817004791609124,2.6024250984191895,4.28714456778531
hdr_03325,person,S2,False,7.9692535400390625,0.3702827743867752,1.4643189907073975,3.0660240421616765
hdr_03325,person,S2,False,6.7073540687561035,0.4092544494161919,1.3378609418869019,3.0660240421616765
hdr_03325,person,S2,False,6.5088791847229,0.8007410679205651,1.5331776142120361,3.0660240421616765
hdr_03336,dog,S2,False,85.5801010131836,0.6090449168328833,1.9028794765472412,2.713130381789069
hdr_03337,dog,S2,False,93.12712097167969,0.7836218797158692,2.4561691284179688,3.54916680730428
hdr_03339,dog,S2,False,36.7896614074707,1.3611128869639353,2.4059839248657227,3.077246746270425
hdr_03339,person,S2,False,12.8461275100708,1.3676597306457234,1.868287444114685,3.077246746270425
hdr_03341,car,S2,False,11.165879249572754,0.7174873242417613,2.10212779045105,3.5339535361701104
hdr_03345,car,S2,False,13.284164428710938,1.2271142100240133,1.9305682182312012,2.6600519383056493
hdr_03352,car,S2,False,8.369455337524414,4.812374313129188,1.86112642288208,2.839447536524754
hdr_03352,car,S2,True,10.564332008361816,3.3935192738892392,1.265971302986145,2.839447536524754
hdr_03352,car,S2,False,4.052275657653809,2.8892354571847108,2.2197020053863525,2.839447536524754
hdr_03352,car,S2,False,3.64159893989563,2.619673666013203,1.668851375579834,2.839447536524754
hdr_03352,car,S2,False,2.844411611557007,3.306442194243108,1.8298115730285645,2.839447536524754
hdr_03352,car,S2,False,2.3239645957946777,20.796846929067467,1.6198381185531616,2.839447536524754
hdr_03352,car,S2,True,2.759125232696533,16.198514917189097,2.0196940898895264,2.839447536524754
hdr_03352,car,S2,False,2.1493542194366455,10.702704850143252,1.5168075561523438,2.839447536524754
hdr_03352,car,S2,False,2.0928235054016113,11.115064418582381,1.5454591512680054,2.839447536524754
hdr_03352,car,S2,False,1.999065637588501,9.819487637832463,1.6527994871139526,2.839447536524754
hdr_03353,car,S2,True,9.917076110839844,2.8790794064940135,1.0979646444320679,2.455514832696029
hdr_03353,car,S2,False,8.036019325256348,4.31920104769037,1.6794583797454834,2.455514832696029
hdr_03353,car,S2,True,4.222299098968506,3.165584078541417,1.8617950677871704,2.455514832696029
hdr_03353,car,S2,True,3.8499627113342285,1.9958255297491783,1.576965093612671,2.455514832696029
hdr_03353,car,S2,True,4.021646499633789,1.8975036528982607,2.359161138534546,2.455514832696029
hdr_03353,car,S2,True,3.0380496978759766,7.779370754334541,2.2642667293548584,2.455514832696029
hdr_03353,car,S2,False,2.770859956741333,2.370562628419738,1.682937741279602,2.455514832696029
hdr_03353,car,S2,False,1.999068021774292,6.390929446338072,1.6099274158477783,2.455514832696029
hdr_03353,car,S2,False,2.2442188262939453,7.49340482952931,1.6671538352966309,2.455514832696029
hdr_03353,car,S2,False,1.9625414609909058,6.233715777363271,1.4501093626022339,2.455514832696029
hdr_03353,car,S2,True,1.815893530845642,17.427548346439988,1.5412766933441162,2.455514832696029
hdr_03353,car,S2,False,1.7144557237625122,13.547070924950463,1.709795355796814,2.455514832696029
hdr_03353,car,S2,False,1.5891578197479248,4.6678162298553865,1.3073201179504395,2.455514832696029
hdr_03353,car,S2,True,2.0437216758728027,7.644638985043639,1.463464617729187,2.455514832696029
hdr_03358,dog,S2,False,55.04082489013672,1.595192520784436,2.3285179138183594,2.758223519323274
hdr_03359,dog,S2,False,58.97649383544922,1.24031943172604,2.296797037124634,2.7778463753399523
hdr_03361,person,S2,False,4.979771137237549,1.9241639212980424,1.2534397840499878,3.012234456417012
hdr_03361,person,S2,False,3.7612967491149902,1.1364172626634037,1.3539437055587769,3.012234456417012
hdr_03361,person,S2,False,2.7596962451934814,0.598408337906465,1.4653135538101196,3.012234456417012
hdr_03361,person,S2,True,2.7238762378692627,0.4837964783608943,1.2894028425216675,3.012234456417012
hdr_03361,person,S2,True,2.5177321434020996,1.358081237587746,1.0985487699508667,3.012234456417012
hdr_03362,person,S2,False,16.666536331176758,0.4478562905148796,1.3978551626205444,3.0747579458667302
hdr_03362,person,S2,False,4.3286824226379395,0.7578349390328293,1.6016250848770142,3.0747579458667302
hdr_03362,person,S2,False,4.003859043121338,0.8145859251187616,1.6487399339675903,3.0747579458667302
hdr_03362,person,S2,False,4.821267127990723,0.7773493575877005,1.7369877099990845,3.0747579458667302
hdr_03362,person,S2,False,4.848869800567627,0.870321439950036,1.7910962104797363,3.0747579458667302
hdr_03362,person,S2,False,3.55869722366333,0.4007108213298032,1.800789475440979,3.0747579458667302
hdr_03362,person,S2,False,3.7899770736694336,0.5611710942119507,1.8799787759780884,3.0747579458667302
hdr_03362,person,S2,False,3.873265504837036,0.3419721906712907,1.8766136169433594,3.0747579458667302
hdr_03362,person,S2,False,3.6126561164855957,0.43029408317666146,1.6715387105941772,3.0747579458667302
hdr_03362,person,S2,True,2.399631977081299,0.21687111584809632,1.308183193206787,3.0747579458667302
hdr_03362,person,S2,True,3.341038227081299,0.3661244893044693,1.5766676664352417,3.0747579458667302
hdr_03363,boat,S2,False,17.47479820251465,0.2718702491159918,1.5667668581008911,2.519790504502796
hdr_03368,horse,S2,False,47.91306686401367,0.7031844336058847,2.0134294033050537,3.841387282211254
hdr_03368,horse,S2,False,46.77420425415039,0.9779593592993083,2.678097724914551,3.841387282211254
hdr_03372,person,S2,True,1.6368697881698608,103.3281490112536,2.56771183013916,4.230408044679868
hdr_03372,person,S2,False,1.5777435302734375,152.5039394457209,2.4680380821228027,4.230408044679868
hdr_03372,bicycle,S2,True,2.476696252822876,249.31068839231438,2.3387391567230225,4.230408044679868
hdr_03372,bicycle,S2,True,1.5947761535644531,115.15052773032792,1.6149351596832275,4.230408044679868
hdr_03372,motorbike,S2,True,1.7111510038375854,71.42912361696668,2.35854172706604,4.230408044679868
hdr_03372,motorbike,S2,True,1.398877501487732,43.921900555565145,2.6813223361968994,4.230408044679868
hdr_03372,car,S2,True,3.4938721656799316,143.1731790222506,2.5589723587036133,4.230408044679868
hdr_03375,person,S2,False,6.633156776428223,0.4480088447785997,1.999558687210083,2.371723131486087
hdr_03375,person,S2,False,3.067270517349243,0.6612765166952036,1.6009306907653809,2.371723131486087
hdr_03375,person,S2,True,2.033984661102295,0.5280859161805302,1.587812900543213,2.371723131486087
hdr_03375,person,S2,False,3.877842903137207,0.8269549739999222,1.601802945137024,2.371723131486087
hdr_03375,person,S2,True,2.2539584636688232,0.7565367406803654,1.3147355318069458,2.371723131486087
hdr_03375,person,S2,True,3.4022216796875,0.8215483114709953,1.9920337200164795,2.371723131486087
hdr_03375,bicycle,S2,False,4.839776039123535,0.8786571834665138,1.9299336671829224,2.371723131486087
hdr_03375,bicycle,S2,False,4.252026081085205,0.6441491544754551,2.0467066764831543,2.371723131486087
hdr_03375,bicycle,S2,True,3.8154375553131104,0.7843273748921764,1.69193434715271,2.371723131486087
hdr_03379,person,S2,False,48.64592742919922,1.025864235788178,2.7406253814697266,3.080337823247567
hdr_03380,person,S2,False,46.174217224121094,1.2366909516788256,2.92069411277771,3.4669800511169298
hdr_03402,person,S2,False,84.55757141113281,0.8436833483642727,2.417341709136963,2.701970722234331
hdr_03418,car,S2,False,26.78299903869629,1.0125982714084407,2.9765915870666504,3.4031003256594383
hdr_03418,car,S2,False,25.261167526245117,0.2196031642508893,2.091064453125,3.4031003256594383
hdr_03418,car,S2,False,15.071209907531738,0.14013937784164038,2.0185182094573975,3.4031003256594383
hdr_03418,person,S2,False,7.41894006729126,0.9946925980840762,3.013939619064331,3.4031003256594383
hdr_03419,car,S2,False,6.704075813293457,1.4331589844702164,2.4172956943511963,2.8025956800605782
hdr_03419,pottedplant,S2,False,8.529303550720215,0.6543486026460396,1.0013188123703003,2.8025956800605782
hdr_03419,pottedplant,S2,False,8.712957382202148,2.396075542769343,1.8983954191207886,2.8025956800605782
hdr_03420,person,S2,False,59.87715148925781,1.3668610288393062,2.467667818069458,3.181538712901081
hdr_03426,sheep,S2,True,11.461841583251953,1.0463664280865674,1.112284541130066,2.2375437381428744
hdr_03426,sheep,S2,True,12.052597045898438,1.055242939808909,1.0409077405929565,2.2375437381428744
hdr_03426,sheep,S2,True,8.093477249145508,1.0705503135914178,1.1050223112106323,2.2375437381428744
hdr_03426,sheep,S2,True,8.488730430603027,1.2347890783857622,1.812431812286377,2.2375437381428744
hdr_03426,sheep,S2,True,9.117396354675293,1.2701902845854938,1.7196065187454224,2.2375437381428744
hdr_03426,sheep,S2,True,9.09732437133789,1.4245866864732846,1.6941158771514893,2.2375437381428744
hdr_03426,sheep,S2,True,12.503981590270996,1.7996041124393605,1.6846654415130615,2.2375437381428744
hdr_03426,sheep,S2,True,8.252339363098145,1.4190526681385724,1.7025238275527954,2.2375437381428744
hdr_03426,sheep,S2,True,7.022339820861816,1.2908960675498187,1.080837607383728,2.2375437381428744
hdr_03426,sheep,S2,True,8.140542030334473,1.3826182493453472,0.9664963483810425,2.2375437381428744
hdr_03426,sheep,S2,True,5.467352867126465,1.3776031164528089,1.1972001791000366,2.2375437381428744
hdr_03426,sheep,S2,False,4.781111717224121,0.8492083198431137,1.1847714185714722,2.2375437381428744
hdr_03429,aeroplane,S2,False,65.4464340209961,0.8854783961349795,2.7513325214385986,3.153722098942125
hdr_03434,person,S2,False,66.56707000732422,1.2692507480518083,2.1816277503967285,3.2375437381428744
hdr_03434,person,S2,False,73.96586608886719,0.9744718632092756,2.5276782512664795,3.2375437381428744
hdr_03446,person,S2,False,8.342543601989746,0.11593507981466188,1.056457757949829,2.12462277116555
hdr_03461,person,S2,False,87.14769744873047,1.0302653381607345,2.7901837825775146,3.537334661691307
hdr_03470,person,S2,False,79.27862548828125,0.9819906042432552,3.2262260913848877,3.669502834104343
hdr_03477,person,S2,False,53.13600158691406,1.219571259906783,2.2674057483673096,3.304895842298383
hdr_03491,person,S2,False,3.0788843631744385,2.470298499765668,1.532938838005066,3.0004664539307684
hdr_03491,person,S2,False,3.207991361618042,0.3992719488538704,1.4162315130233765,3.0004664539307684
hdr_03491,person,S2,False,2.9244472980499268,1.6568615616876659,1.8249481916427612,3.0004664539307684
hdr_03495,person,S2,False,9.435648918151855,0.3183452770264422,1.4668092727661133,3.615739688619155
hdr_03495,person,S2,False,10.949212074279785,0.21345617313229853,1.3590483665466309,3.615739688619155
hdr_03495,person,S2,True,14.748930931091309,0.1426049118213845,0.9706026315689087,3.615739688619155
hdr_03495,person,S2,False,4.809816360473633,0.38914793900416034,1.7139226198196411,3.615739688619155
hdr_03495,person,S2,False,3.836080551147461,0.6821020490151987,2.1290392875671387,3.615739688619155
hdr_03495,person,S2,True,2.7297892570495605,0.4260099387739857,1.8843779563903809,3.615739688619155
hdr_03495,person,S2,True,3.0991132259368896,0.35490752298655176,1.3687800168991089,3.615739688619155
hdr_03495,person,S2,True,1.7299386262893677,0.44079452538480174,1.7166528701782227,3.615739688619155
hdr_03495,person,S2,True,1.4743759632110596,1.1010852960915747,1.5797370672225952,3.615739688619155
hdr_03495,person,S2,True,2.1327602863311768,1.2245969620898862,1.3042865991592407,3.615739688619155
hdr_03495,person,S2,False,2.6392405033111572,1.3155071637648639,1.347295880317688,3.615739688619155
hdr_03495,person,S2,True,1.7399344444274902,0.8964072929216617,1.5681535005569458,3.615739688619155
hdr_03495,person,S2,True,1.8273621797561646,0.5436122038797083,1.6590720415115356,3.615739688619155
hdr_03495,person,S2,True,1.8319587707519531,0.3472804456988694,1.766945242881775,3.615739688619155
hdr_03495,person,S2,True,1.1804795265197754,0.5943258732899601,1.5516010522842407,3.615739688619155
hdr_03495,person,S2,True,1.7512868642807007,0.7303423653831395,1.6948702335357666,3.615739688619155
hdr_03500,person,S2,False,17.498817443847656,0.3735755572219156,1.1144291162490845,3.865617161835755
hdr_03500,person,S2,False,17.412729263305664,0.474038524387764,2.1396141052246094,3.865617161835755
hdr_03500,person,S2,False,17.42479705810547,0.49786035136391366,2.0984206199645996,3.865617161835755
hdr_03500,person,S2,False,11.467422485351562,0.39615382520407866,1.5472462177276611,3.865617161835755
hdr_03500,person,S2,False,16.93731117248535,0.4885324219998257,2.121821641921997,3.865617161835755
hdr_03500,person,S2,False,8.950935363769531,0.5143309887284664,1.7110810279846191,3.865617161835755
hdr_03500,person,S2,False,16.500341415405273,0.49781223673125524,1.8358287811279297,3.865617161835755
hdr_03500,person,S2,False,23.606510162353516,0.44962261787177177,1.89907968044281,3.865617161835755
hdr_03503,boat,S2,False,83.69790649414062,1.109614911491824,2.7291510105133057,3.168292993602697
hdr_03509,aeroplane,S2,False,59.216796875,1.8348207803930705,2.9558162689208984,3.26691081251538
hdr_03512,aeroplane,S2,False,80.09640502929688,1.632335730765843,2.441209554672241,2.6043278527837845
hdr_03516,car,S2,False,22.15195083618164,1.659648062958288,2.2404229640960693,3.797691863758368
hdr_03518,person,S2,False,62.931026458740234,0.9424247366571559,2.2444982528686523,3.155631851889955
hdr_03518,person,S2,True,15.045578956604004,1.9247725787069592,2.311119556427002,3.155631851889955
hdr_03518,person,S2,False,14.254919052124023,1.6225551597017718,2.3441739082336426,3.155631851889955
hdr_03518,person,S2,False,15.098613739013672,1.9871948842976899,2.2666351795196533,3.155631851889955
hdr_03518,person,S2,False,15.918877601623535,0.49776582154954563,1.7706117630004883,3.155631851889955
hdr_03518,diningtable,S2,True,49.041038513183594,1.0943537831311212,2.0825307369232178,3.155631851889955
hdr_03518,diningtable,S2,False,22.012754440307617,0.2943967292096182,1.747713327407837,3.155631851889955
hdr_03518,diningtable,S2,True,19.09723663330078,1.9119596513988042,2.4039316177368164,3.155631851889955
hdr_03522,bottle,S2,True,6.402252674102783,0.7833870986720094,1.4087417125701904,3.356878597233176
hdr_03522,bottle,S2,True,6.402252674102783,0.8919355411298555,1.4883266687393188,3.356878597233176
hdr_03522,bottle,S2,True,6.402251720428467,1.0316565996404292,1.8311309814453125,3.356878597233176
hdr_03522,bottle,S2,True,6.402251720428467,1.1734462417178466,1.7859935760498047,3.356878597233176
hdr_03522,bottle,S2,True,6.402252674102783,1.0743662278917554,1.8609627485275269,3.356878597233176
hdr_03522,bottle,S2,True,6.402253150939941,1.135399751335518,1.8860125541687012,3.356878597233176
hdr_03522,bottle,S2,True,6.402253150939941,1.4415103948612156,2.173381805419922,3.356878597233176
hdr_03522,bottle,S2,True,6.402252674102783,1.2429745445249312,2.3743817806243896,3.356878597233176
hdr_03522,bottle,S2,True,6.402249813079834,1.155794744295254,2.3113527297973633,3.356878597233176
hdr_03522,bottle,S2,True,6.402255058288574,1.1298310990304339,2.687748670578003,3.356878597233176
hdr_03522,bottle,S2,True,6.402252674102783,0.9367792227278894,1.3958561420440674,3.356878597233176
hdr_03522,bottle,S2,True,6.402252674102783,0.9418431241495089,1.4006391763687134,3.356878597233176
hdr_03522,bottle,S2,True,6.402253150939941,0.7840397348262723,1.4436030387878418,3.356878597233176
hdr_03522,bottle,S2,True,6.402251720428467,0.9939064832078061,1.6701524257659912,3.356878597233176
hdr_03522,bottle,S2,True,6.402253150939941,1.1017583412874254,1.6607418060302734,3.356878597233176
hdr_03522,bottle,S2,True,6.402253150939941,1.058707083478193,1.656267523765564,3.356878597233176
hdr_03522,bottle,S2,True,6.402253150939941,0.9495804251995696,2.216853380203247,3.356878597233176
hdr_03522,bottle,S2,True,6.402253150939941,1.0007388732298896,2.580894708633423,3.356878597233176
hdr_03522,bottle,S2,True,6.402252674102783,1.052003018247363,2.788261890411377,3.356878597233176
hdr_03522,bottle,S2,True,6.402253150939941,1.0436382733316043,2.657855987548828,3.356878597233176
hdr_03522,bottle,S2,True,6.402253150939941,1.0644644013854652,2.1745879650115967,3.356878597233176
hdr_03522,bottle,S2,True,6.402250289916992,0.9900044441007253,2.0517189502716064,3.356878597233176
hdr_03522,bottle,S2,True,6.402253150939941,0.9696522931167527,1.9608021974563599,3.356878597233176
hdr_03522,bottle,S2,True,6.402252674102783,1.1094522975216319,1.9177334308624268,3.356878597233176
hdr_03522,bottle,S2,True,6.402252674102783,0.9191914854288507,1.7938522100448608,3.356878597233176
hdr_03522,bottle,S2,True,6.402252674102783,0.8049761859961247,1.7642909288406372,3.356878597233176
hdr_03522,bottle,S2,True,6.402253150939941,0.7483701695546617,1.6735178232192993,3.356878597233176
hdr_03522,bottle,S2,True,6.402253150939941,0.7800280765793277,1.6059041023254395,3.356878597233176
hdr_03522,bottle,S2,True,6.402256488800049,0.7844084171810805,1.6451843976974487,3.356878597233176
hdr_03522,bottle,S2,True,6.402253150939941,0.7727165805184262,1.592592716217041,3.356878597233176
hdr_03522,bottle,S2,True,6.402247428894043,0.7492609004920693,1.934809684753418,3.356878597233176
hdr_03522,bottle,S2,True,6.402253150939941,0.7172582965849414,1.9627995491027832,3.356878597233176
hdr_03522,bottle,S2,True,6.402252674102783,0.7355071680357829,2.0216028690338135,3.356878597233176
hdr_03522,bottle,S2,True,6.402252674102783,0.7937479678974818,1.4526013135910034,3.356878597233176
hdr_03522,bottle,S2,True,6.402252674102783,0.7123575164888808,1.3609726428985596,3.356878597233176
hdr_03522,bottle,S2,True,6.402252674102783,0.6872195346536775,1.2267343997955322,3.356878597233176
hdr_03522,bottle,S2,True,6.402253150939941,1.0767579365011521,2.129281520843506,3.356878597233176
hdr_03522,bottle,S2,True,6.402250289916992,0.9972637453601688,1.7904856204986572,3.356878597233176
hdr_03522,bottle,S2,True,6.402253150939941,1.2028655046568524,1.728588581085205,3.356878597233176
hdr_03522,bottle,S2,True,6.402253150939941,0.9230213166988468,1.7991275787353516,3.356878597233176
hdr_03522,bottle,S2,True,6.402253150939941,0.8088033019296287,1.7906322479248047,3.356878597233176
hdr_03522,bottle,S2,True,6.402253150939941,0.7773395917481527,1.888365626335144,3.356878597233176
hdr_03522,bottle,S2,True,6.402253150939941,0.7244504686922205,1.8322585821151733,3.356878597233176
hdr_03522,bottle,S2,True,6.402250289916992,0.7253011735583751,1.9696924686431885,3.356878597233176
hdr_03522,bottle,S2,True,6.402253150939941,0.7332518296590975,1.795689344406128,3.356878597233176
hdr_03522,bottle,S2,True,6.402247428894043,0.7235050790369084,1.8329349756240845,3.356878597233176
hdr_03522,bottle,S2,True,6.402253150939941,0.7487864205820897,1.7500321865081787,3.356878597233176
hdr_03522,bottle,S2,True,5.427535533905029,0.7059600328616056,1.5154705047607422,3.356878597233176
hdr_03522,bottle,S2,True,6.402252674102783,0.7905184774122722,1.5491193532943726,3.356878597233176
hdr_03522,bottle,S2,True,6.402252674102783,0.8301185928241299,1.7049156427383423,3.356878597233176
hdr_03522,bottle,S2,True,6.402252674102783,0.8919350382897644,1.7268434762954712,3.356878597233176
hdr_03522,bottle,S2,True,6.402251720428467,0.9518225891658677,2.1587579250335693,3.356878597233176
hdr_03522,bottle,S2,True,6.402253150939941,1.0526518831009424,2.2107982635498047,3.356878597233176
hdr_03522,bottle,S2,True,6.402252674102783,1.1009285545690615,2.4974257946014404,3.356878597233176
hdr_03522,bottle,S2,True,6.402255535125732,1.1005506199565767,2.47279953956604,3.356878597233176
hdr_03522,bottle,S2,True,6.402253150939941,1.0743599926746255,2.577045440673828,3.356878597233176
hdr_03522,bottle,S2,True,6.402253150939941,1.0241744396526018,2.304295778274536,3.356878597233176
hdr_03522,bottle,S2,True,6.402253150939941,1.0382483303949035,2.2163121700286865,3.356878597233176
hdr_03522,bottle,S2,True,6.402253150939941,1.0479031618484362,2.0133934020996094,3.356878597233176
hdr_03522,bottle,S2,True,6.402253150939941,0.8853562808096409,1.8788366317749023,3.356878597233176
hdr_03522,bottle,S2,True,6.402250289916992,0.8783700217196749,1.7433265447616577,3.356878597233176
hdr_03522,bottle,S2,True,6.402253150939941,0.8782938917298795,1.7612589597702026,3.356878597233176
hdr_03522,bottle,S2,True,6.402250289916992,0.8357934449564586,1.7626100778579712,3.356878597233176
hdr_03522,bottle,S2,True,6.402253150939941,0.82498791423841,1.9247905015945435,3.356878597233176
hdr_03522,bottle,S2,True,6.402253150939941,0.8038360463735222,1.7400972843170166,3.356878597233176
hdr_03522,bottle,S2,True,6.402253150939941,0.8122131611555226,2.0025200843811035,3.356878597233176
hdr_03522,bottle,S2,True,6.402253150939941,0.733581944178917,1.7811641693115234,3.356878597233176
hdr_03522,bottle,S2,True,7.826825141906738,0.7619810451410612,1.7631291151046753,3.356878597233176
hdr_03522,bottle,S2,True,6.402253150939941,0.9188278314749537,1.5381804704666138,3.356878597233176
hdr_03522,bottle,S2,True,6.402253150939941,0.8543037932546818,1.6088485717773438,3.356878597233176
hdr_03522,bottle,S2,True,6.402253150939941,0.9847424236832051,1.8000681400299072,3.356878597233176
hdr_03522,bottle,S2,True,6.402252674102783,1.043571596735522,1.7805002927780151,3.356878597233176
hdr_03522,bottle,S2,True,6.402253150939941,1.0392866951830635,2.417419195175171,3.356878597233176
hdr_03522,bottle,S2,True,6.402253150939941,1.0149911716365203,2.4639151096343994,3.356878597233176
hdr_03522,bottle,S2,True,6.402252674102783,1.110910131513803,2.5611376762390137,3.356878597233176
hdr_03522,bottle,S2,True,6.402252674102783,0.9699825584885995,1.9039008617401123,3.356878597233176
hdr_03522,bottle,S2,True,6.402253150939941,0.858606595914384,2.1401634216308594,3.356878597233176
hdr_03522,bottle,S2,True,6.402252674102783,1.049008404368715,2.302281379699707,3.356878597233176
hdr_03522,bottle,S2,True,6.738353729248047,1.1525516268435751,2.280031681060791,3.356878597233176
hdr_03522,bottle,S2,True,6.402253150939941,1.3960013552546136,2.477557897567749,3.356878597233176
hdr_03522,bottle,S2,True,6.402253150939941,1.2240049020874804,2.5595526695251465,3.356878597233176
hdr_03522,bottle,S2,True,6.402255535125732,1.3486027431536058,2.5720627307891846,3.356878597233176
hdr_03522,bottle,S2,True,6.402253150939941,1.3098308556558298,2.653172016143799,3.356878597233176
hdr_03522,bottle,S2,True,6.074969291687012,1.2214065262006337,2.1169888973236084,3.356878597233176
hdr_03522,bottle,S2,True,6.074965953826904,1.2348836463227957,1.9748376607894897,3.356878597233176
hdr_03522,bottle,S2,True,6.0749688148498535,0.9046760005185287,1.7618929147720337,3.356878597233176
hdr_03522,bottle,S2,True,6.074965000152588,0.8943230258824869,1.7239413261413574,3.356878597233176
hdr_03522,bottle,S2,True,6.074969291687012,0.8794211586461493,1.7509413957595825,3.356878597233176
hdr_03522,bottle,S2,True,6.0749688148498535,0.8394202293976609,1.7339487075805664,3.356878597233176
hdr_03522,bottle,S2,True,6.0749688148498535,0.8227849717992192,1.64065420627594,3.356878597233176
hdr_03522,bottle,S2,True,6.074969291687012,0.7721040207194254,1.4887323379516602,3.356878597233176
hdr_03522,bottle,S2,True,6.044278621673584,1.0094235250116181,1.8248895406723022,3.356878597233176
hdr_03522,bottle,S2,True,6.074965000152588,1.026894905113572,1.7330820560455322,3.356878597233176
hdr_03522,bottle,S2,True,5.749199867248535,0.8364997341484438,2.222801923751831,3.356878597233176
hdr_03522,bottle,S2,True,5.749198913574219,0.8730801439611068,2.1897897720336914,3.356878597233176
hdr_03522,bottle,S2,True,5.324763774871826,0.8715316981845159,2.084920644760132,3.356878597233176
hdr_03522,bottle,S2,True,5.324763774871826,0.8060074104549908,2.0615272521972656,3.356878597233176
hdr_03522,bottle,S2,True,5.980562210083008,0.9846284801185576,1.966949462890625,3.356878597233176
hdr_03522,bottle,S2,True,5.980564117431641,1.0377188397789556,2.0967464447021484,3.356878597233176
hdr_03522,bottle,S2,True,5.980562210083008,1.3481301740359726,2.1442694664001465,3.356878597233176
hdr_03522,bottle,S2,True,5.980562210083008,1.1396876699285232,1.9820480346679688,3.356878597233176
hdr_03522,bottle,S2,True,5.980562210083008,1.245741170706266,2.0088040828704834,3.356878597233176
hdr_03522,bottle,S2,True,5.980562210083008,1.2432448713579167,1.9864717721939087,3.356878597233176
hdr_03522,bottle,S2,True,5.980564117431641,1.2459593027377933,2.038957357406616,3.356878597233176
hdr_03522,bottle,S2,True,5.980564117431641,1.1919198826894182,2.0131096839904785,3.356878597233176
hdr_03522,bottle,S2,True,5.980564117431641,1.294679479166279,1.9927901029586792,3.356878597233176
hdr_03522,bottle,S2,True,5.980564117431641,1.7668231940824974,2.0629045963287354,3.356878597233176
hdr_03522,bottle,S2,True,5.980564117431641,1.294610690641814,2.153456449508667,3.356878597233176
hdr_03522,bottle,S2,True,5.980562210083008,1.0551580381150778,2.056154489517212,3.356878597233176
hdr_03522,bottle,S2,True,5.980562210083008,1.0319372849792916,1.964249849319458,3.356878597233176
hdr_03522,bottle,S2,True,6.017995834350586,1.068640186638151,1.8984535932540894,3.356878597233176
hdr_03522,bottle,S2,True,6.0179948806762695,0.9342639160240956,1.7764359712600708,3.356878597233176
hdr_03522,bottle,S2,True,5.125922203063965,0.8031266395729721,1.807731032371521,3.356878597233176
hdr_03522,bottle,S2,True,6.814011096954346,0.8027862671152939,1.640257477760315,3.356878597233176
hdr_03522,bottle,S2,True,7.258154392242432,0.9637292391154479,1.7928416728973389,3.356878597233176
hdr_03522,bottle,S2,True,6.576198577880859,0.8312530000696936,1.7920348644256592,3.356878597233176
hdr_03522,bottle,S2,True,5.647889614105225,0.958367555791868,1.8594970703125,3.356878597233176
hdr_03522,bottle,S2,True,5.647889614105225,1.0147592617864962,1.9445377588272095,3.356878597233176
hdr_03522,bottle,S2,True,5.647889614105225,1.0730388306192205,2.079284906387329,3.356878597233176
hdr_03522,bottle,S2,True,5.647889614105225,1.1027786038323053,2.1363399028778076,3.356878597233176
hdr_03522,bottle,S2,True,5.647887706756592,1.1088363184100116,2.0921080112457275,3.356878597233176
hdr_03522,bottle,S2,True,5.647889614105225,1.05516527901239,2.02097225189209,3.356878597233176
hdr_03522,bottle,S2,True,5.647889614105225,1.1053024588176479,2.1076807975769043,3.356878597233176
hdr_03522,bottle,S2,True,5.647888660430908,1.2805538964626104,2.243670701980591,3.356878597233176
hdr_03522,bottle,S2,True,5.647891044616699,1.1931303193567588,2.20796275138855,3.356878597233176
hdr_03522,bottle,S2,True,4.993074417114258,1.4472333185062551,2.214106559753418,3.356878597233176
hdr_03522,bottle,S2,True,4.993074417114258,1.5574310261789615,2.2526981830596924,3.356878597233176
hdr_03522,bottle,S2,True,4.993073463439941,1.4054705381465054,2.208355665206909,3.356878597233176
hdr_03522,bottle,S2,True,4.993074417114258,1.193220629437124,2.211958169937134,3.356878597233176
hdr_03522,bottle,S2,True,4.993074417114258,1.1974334237205158,2.021517038345337,3.356878597233176
hdr_03522,bottle,S2,True,4.993076324462891,1.146308263704228,2.0691018104553223,3.356878597233176
hdr_03522,bottle,S2,True,4.993074417114258,0.9903326981122076,2.0055150985717773,3.356878597233176
hdr_03522,bottle,S2,True,4.993074417114258,1.0579649920717202,2.084160089492798,3.356878597233176
hdr_03522,bottle,S2,True,4.993076324462891,1.058247185930856,2.026317596435547,3.356878597233176
hdr_03522,bottle,S2,True,7.775909423828125,0.9510984994346569,1.7501270771026611,3.356878597233176
hdr_03522,bottle,S2,True,5.354608058929443,1.1276507843953434,2.156428813934326,3.356878597233176
hdr_03522,bottle,S2,True,4.576319217681885,1.0493697452581927,2.2154645919799805,3.356878597233176
hdr_03522,bottle,S2,True,4.576320171356201,1.1058680533521381,2.3464395999908447,3.356878597233176
hdr_03522,bottle,S2,True,4.576318740844727,1.1986034320445307,2.4436635971069336,3.356878597233176
hdr_03522,bottle,S2,True,4.576319217681885,1.3713481112672485,2.3408966064453125,3.356878597233176
hdr_03522,bottle,S2,True,5.443530559539795,1.3011538470434862,2.303067207336426,3.356878597233176
hdr_03522,bottle,S2,True,5.44352912902832,1.124063623753321,2.357882499694824,3.356878597233176
hdr_03522,bottle,S2,True,5.443530559539795,1.0484551797004662,2.211416482925415,3.356878597233176
hdr_03522,bottle,S2,True,5.44352912902832,0.9909908152234637,2.278414011001587,3.356878597233176
hdr_03522,bottle,S2,True,4.898714065551758,1.1780395853821972,2.1795272827148438,3.356878597233176
hdr_03522,bottle,S2,True,5.226578712463379,1.1131371097093494,2.045701265335083,3.356878597233176
hdr_03522,bottle,S2,True,5.226579189300537,1.150437888236549,1.977282166481018,3.356878597233176
hdr_03522,bottle,S2,True,5.548255443572998,0.9257717514292475,1.919494867324829,3.356878597233176
hdr_03522,bottle,S2,True,5.354608058929443,0.8413846244976251,1.8278989791870117,3.356878597233176
hdr_03522,bottle,S2,True,5.354605197906494,0.8252706109376369,1.9183896780014038,3.356878597233176
hdr_03522,bottle,S2,True,4.760551929473877,1.2514445841557702,2.3634607791900635,3.356878597233176
hdr_03522,bottle,S2,True,4.760551929473877,1.599974516064182,2.37111234664917,3.356878597233176
hdr_03522,bottle,S2,True,4.760551929473877,2.3739849041370564,2.3676419258117676,3.356878597233176
hdr_03522,bottle,S2,True,6.099457263946533,1.3226817387285126,2.3569648265838623,3.356878597233176
hdr_03522,bottle,S2,True,5.40411901473999,1.1356665582878658,2.313582420349121,3.356878597233176
hdr_03522,bottle,S2,True,5.404120445251465,1.2460035526658118,2.4660980701446533,3.356878597233176
hdr_03522,bottle,S2,True,6.190827369689941,1.0956429006672588,2.420349359512329,3.356878597233176
hdr_03522,bottle,S2,True,6.190828323364258,1.130098207686836,2.3189198970794678,3.356878597233176
hdr_03522,bottle,S2,True,6.190829277038574,0.93310074632532,2.272117853164673,3.356878597233176
hdr_03522,bottle,S2,True,6.190829277038574,2.225932690428811,2.2875747680664062,3.356878597233176
hdr_03522,bottle,S2,True,6.190831184387207,1.5872284248664885,2.3602025508880615,3.356878597233176
hdr_03522,bottle,S2,True,6.190827369689941,1.4768783566461732,2.3581316471099854,3.356878597233176
hdr_03522,bottle,S2,True,6.190829277038574,1.7767480506649607,2.2580578327178955,3.356878597233176
hdr_03522,bottle,S2,True,6.190827369689941,1.8231875455761688,2.362436532974243,3.356878597233176
hdr_03522,bottle,S2,True,6.190829277038574,1.6464095859825882,2.5113959312438965,3.356878597233176
hdr_03522,bottle,S2,True,6.190829277038574,1.5578339016599656,2.5758755207061768,3.356878597233176
hdr_03522,bottle,S2,True,6.190829277038574,1.5574190585847927,2.582228660583496,3.356878597233176
hdr_03522,bottle,S2,True,5.243500232696533,1.9415713893642683,2.4267380237579346,3.356878597233176
hdr_03522,bottle,S2,True,4.446666717529297,1.102853929277955,2.2872254848480225,3.356878597233176
hdr_03522,bottle,S2,True,4.4466681480407715,1.0121558574987386,2.100938558578491,3.356878597233176
hdr_03522,bottle,S2,True,4.446670055389404,1.1525792830485868,2.23266339302063,3.356878597233176
hdr_03522,bottle,S2,True,4.446671962738037,0.9826949594001883,2.1549577713012695,3.356878597233176
hdr_03522,bottle,S2,True,4.446671962738037,1.047683219592581,2.2016687393188477,3.356878597233176
hdr_03522,bottle,S2,True,4.446671009063721,0.8174946917685781,1.907549262046814,3.356878597233176
hdr_03522,bottle,S2,True,4.446670055389404,0.8701001124451012,2.3695626258850098,3.356878597233176
hdr_03522,bottle,S2,True,4.446671009063721,0.985105574797011,2.2454192638397217,3.356878597233176
hdr_03522,bottle,S2,True,4.446671009063721,0.9361658583847429,1.8096948862075806,3.356878597233176
hdr_03522,bottle,S2,True,8.372321128845215,0.9058784923124298,1.8735167980194092,3.356878597233176
hdr_03522,bottle,S2,True,8.372321128845215,0.7974963390727167,1.8456348180770874,3.356878597233176
hdr_03522,bottle,S2,True,8.34018325805664,0.7670772288965305,1.7234501838684082,3.356878597233176
hdr_03522,bottle,S2,True,6.190829277038574,1.6222073895569566,2.4357571601867676,3.356878597233176
hdr_03522,bottle,S2,True,6.190829277038574,1.9530731524724798,2.3670461177825928,3.356878597233176
hdr_03522,bottle,S2,True,6.190827369689941,2.3553713730521357,2.3702824115753174,3.356878597233176
hdr_03522,bottle,S2,True,6.190832614898682,1.3827992886622935,2.3851921558380127,3.356878597233176
hdr_03522,bottle,S2,True,6.190829277038574,1.3804536402052432,2.326131582260132,3.356878597233176
hdr_03522,bottle,S2,True,6.190827369689941,1.1675689461648335,2.2262814044952393,3.356878597233176
hdr_03522,bottle,S2,True,6.190829277038574,1.2710530346449782,2.2349727153778076,3.356878597233176
hdr_03522,bottle,S2,True,6.190829277038574,0.8898216013867928,2.127194881439209,3.356878597233176
hdr_03522,bottle,S2,True,6.190825462341309,0.9269119916198681,2.1804134845733643,3.356878597233176
hdr_03522,bottle,S2,True,6.190832614898682,0.9750059309988748,1.972174882888794,3.356878597233176
hdr_03522,bottle,S2,True,6.190832614898682,0.9500051239405285,1.9527896642684937,3.356878597233176
hdr_03522,bottle,S2,True,6.190825462341309,0.8226604685926582,1.8394273519515991,3.356878597233176
hdr_03522,bottle,S2,True,6.190825462341309,1.2984131674108532,2.693521499633789,3.356878597233176
hdr_03522,bottle,S2,True,6.190829277038574,1.679606083118059,2.7451236248016357,3.356878597233176
hdr_03522,bottle,S2,True,6.190831184387207,2.0444965207991257,2.639970302581787,3.356878597233176
hdr_03522,bottle,S2,True,6.190827369689941,1.8199259236091367,2.6939148902893066,3.356878597233176
hdr_03522,bottle,S2,True,5.625729560852051,1.1805755085297267,2.4959936141967773,3.356878597233176
hdr_03522,bottle,S2,True,5.625731468200684,1.5182283052911147,2.484673500061035,3.356878597233176
hdr_03522,bottle,S2,True,5.625731468200684,1.080603858654064,2.4237592220306396,3.356878597233176
hdr_03522,bottle,S2,True,4.232351303100586,0.807101590493265,1.9033396244049072,3.356878597233176
hdr_03522,bottle,S2,True,4.232351303100586,0.7714050729927705,1.8638025522232056,3.356878597233176
hdr_03522,bottle,S2,True,4.232356071472168,0.7675711687180363,1.779570460319519,3.356878597233176
hdr_03522,bottle,S2,True,4.232349872589111,0.8932670616911377,1.6995606422424316,3.356878597233176
hdr_03522,bottle,S2,True,6.81239128112793,1.512996153575007,2.515726089477539,3.356878597233176
hdr_03522,bottle,S2,True,6.812392234802246,1.1282683725952554,2.369250774383545,3.356878597233176
hdr_03522,bottle,S2,True,6.81239128112793,1.2828031001901843,2.558551549911499,3.356878597233176
hdr_03522,bottle,S2,True,6.812389850616455,1.0489968390466191,2.4619672298431396,3.356878597233176
hdr_03522,bottle,S2,True,6.81239128112793,0.9866230456239888,2.368049383163452,3.356878597233176
hdr_03522,bottle,S2,True,6.81239128112793,0.9370468342243827,1.8671952486038208,3.356878597233176
hdr_03522,bottle,S2,True,6.81239128112793,0.8926785376484925,1.7525850534439087,3.356878597233176
hdr_03522,bottle,S2,True,6.81239128112793,0.99850133539243,1.9144461154937744,3.356878597233176
hdr_03522,bottle,S2,True,6.812389850616455,1.083262675919863,1.898736834526062,3.356878597233176
hdr_03522,bottle,S2,True,8.361566543579102,0.9405728495113249,1.853628396987915,3.356878597233176
hdr_03522,bottle,S2,True,8.361566543579102,0.7974589780539465,1.691597819328308,3.356878597233176
hdr_03522,bottle,S2,True,4.739468574523926,1.1418868913510398,1.806230068206787,3.356878597233176
hdr_03522,bottle,S2,True,4.739468574523926,1.0610682194100498,2.289682626724243,3.356878597233176
hdr_03522,bottle,S2,True,4.739467144012451,0.8399366461712398,1.8112787008285522,3.356878597233176
hdr_03522,bottle,S2,True,4.739468574523926,0.7896937693788285,1.759330153465271,3.356878597233176
hdr_03522,bottle,S2,True,4.739468574523926,0.9110878150884008,1.9590026140213013,3.356878597233176
hdr_03522,bottle,S2,True,4.739465236663818,0.9406656737921454,2.0254645347595215,3.356878597233176
hdr_03522,bottle,S2,True,4.739468574523926,0.8927378727792444,1.771498441696167,3.356878597233176
hdr_03522,bottle,S2,True,4.739468574523926,0.7694678312577268,2.0148732662200928,3.356878597233176
hdr_03522,bottle,S2,True,4.739465236663818,1.032399998431139,1.7128105163574219,3.356878597233176
hdr_03522,bottle,S2,True,4.739468574523926,0.9314569620674532,1.754241704940796,3.356878597233176
hdr_03522,bottle,S2,True,4.739468574523926,0.9249715317082413,1.8166824579238892,3.356878597233176
hdr_03522,bottle,S2,True,4.739468574523926,1.0852805732055222,2.085144519805908,3.356878597233176
hdr_03522,bottle,S2,True,4.739468574523926,1.0257249973575753,1.8961460590362549,3.356878597233176
hdr_03522,bottle,S2,True,6.140897750854492,1.0229287036108645,1.8789294958114624,3.356878597233176
hdr_03522,bottle,S2,True,5.625728607177734,1.0547879478080144,2.1779744625091553,3.356878597233176
hdr_03522,bottle,S2,True,5.625723838806152,1.1262065270856323,2.3167362213134766,3.356878597233176
hdr_03522,bottle,S2,True,5.625731468200684,1.2797533750375496,2.3970160484313965,3.356878597233176
hdr_03522,bottle,S2,True,5.625728607177734,1.55572408520565,2.3847687244415283,3.356878597233176
hdr_03522,bottle,S2,True,5.625726699829102,1.2309050749538468,2.159304141998291,3.356878597233176
hdr_03522,bottle,S2,True,5.625731468200684,1.0652447086388632,2.191361427307129,3.356878597233176
hdr_03522,bottle,S2,True,5.625726699829102,1.2409662012010034,2.570528984069824,3.356878597233176
hdr_03522,bottle,S2,True,5.625726699829102,1.2374973085484122,2.429828643798828,3.356878597233176
hdr_03522,bottle,S2,True,5.625726699829102,1.0389297792863874,2.024522304534912,3.356878597233176
hdr_03522,bottle,S2,True,5.625729084014893,1.0165206100576667,2.100661277770996,3.356878597233176
hdr_03522,bottle,S2,True,5.625729084014893,0.9505133947046313,1.8373527526855469,3.356878597233176
hdr_03522,bottle,S2,True,5.625730037689209,1.1275129056423585,1.9727267026901245,3.356878597233176
hdr_03522,bottle,S2,True,5.625726699829102,1.0973796097739643,2.008449077606201,3.356878597233176
hdr_03522,bottle,S2,True,5.62572717666626,0.9545459710993663,1.9012107849121094,3.356878597233176
hdr_03522,bottle,S2,True,5.625730037689209,0.9527357467713392,1.9078445434570312,3.356878597233176
hdr_03522,bottle,S2,True,5.625731468200684,1.1792088897300845,2.212435245513916,3.356878597233176
hdr_03522,bottle,S2,True,5.625728607177734,1.2380054787444967,2.226679801940918,3.356878597233176
hdr_03522,bottle,S2,True,5.625731468200684,1.0623312531509217,2.4020464420318604,3.356878597233176
hdr_03522,bottle,S2,True,5.62572717666626,1.0296052132047016,2.2210817337036133,3.356878597233176
hdr_03522,bottle,S2,True,5.625723838806152,0.9098549517529961,2.061415672302246,3.356878597233176
hdr_03522,bottle,S2,True,5.62572717666626,0.8913399773259346,1.751786231994629,3.356878597233176
hdr_03522,bottle,S2,True,5.625723838806152,0.8949467487315105,1.746995210647583,3.356878597233176
hdr_03522,bottle,S2,True,6.962679862976074,0.848419357372375,1.7155810594558716,3.356878597233176
hdr_03522,bottle,S2,True,6.9626784324646,0.8773592125685082,1.8644781112670898,3.356878597233176
hdr_03522,bottle,S2,True,6.962682247161865,0.8485462742113733,1.7373625040054321,3.356878597233176
hdr_03522,bottle,S2,True,6.9626784324646,0.8511954369474227,1.7085881233215332,3.356878597233176
hdr_03526,person,S2,False,68.85369110107422,0.6483372565255526,3.711766004562378,4.436268688912093
hdr_03526,person,S2,False,61.994754791259766,0.5755941021936443,3.3930840492248535,4.436268688912093
hdr_03527,person,S2,False,66.47359466552734,0.9785720557976869,2.569836378097534,3.0124660183963194
hdr_03527,person,S2,False,63.304988861083984,0.7835477454404788,2.2163496017456055,3.0124660183963194
hdr_03541,car,S2,False,6.055537700653076,0.28026547759843273,2.4278671741485596,3.298024485524256
hdr_03541,car,S2,False,3.483940601348877,0.4832268049240889,2.341822624206543,3.298024485524256
hdr_03541,car,S2,False,3.501361131668091,0.35780522953523997,1.795676350593567,3.298024485524256
hdr_03541,car,S2,False,2.8933677673339844,0.6162404491363916,2.7098891735076904,3.298024485524256
hdr_03541,car,S2,True,3.412132740020752,0.7296532816209168,2.425706624984741,3.298024485524256
hdr_03541,car,S2,False,2.032916307449341,1.1395912233209096,1.9818553924560547,3.298024485524256
hdr_03541,car,S2,True,1.3988760709762573,1.5950055280679076,2.276179790496826,3.298024485524256
hdr_03541,car,S2,True,1.8589835166931152,1.1883245845732053,1.773849368095398,3.298024485524256
hdr_03541,car,S2,True,1.7289772033691406,0.38370665028552714,2.347951650619507,3.298024485524256
hdr_03541,car,S2,True,2.0736825466156006,0.46278910435099463,1.9183480739593506,3.298024485524256
hdr_03541,car,S2,True,2.0622215270996094,0.4508329786793953,2.6515893936157227,3.298024485524256
hdr_03541,car,S2,True,1.7804172039031982,0.384031959089464,1.8188608884811401,3.298024485524256
hdr_03541,car,S2,True,1.5486444234848022,0.3039573145887157,2.271193265914917,3.298024485524256
hdr_03541,car,S2,True,1.513824462890625,0.6053684878028325,1.7852716445922852,3.298024485524256
hdr_03541,car,S2,False,1.6408830881118774,1.9689596295202794,2.598522424697876,3.298024485524256
hdr_03541,car,S2,True,1.3350014686584473,0.6466980348866137,2.0620884895324707,3.298024485524256
hdr_03541,car,S2,True,1.0661126375198364,0.15220166425728665,1.6158480644226074,3.298024485524256
hdr_03541,car,S2,True,1.0114755630493164,0.20124582703126037,1.8505420684814453,3.298024485524256
hdr_03541,car,S2,True,1.1273149251937866,0.3669570862123583,1.4127488136291504,3.298024485524256
hdr_03541,car,S2,True,0.8689032196998596,1.3417415879013799,1.948241949081421,3.298024485524256
hdr_03541,car,S2,True,1.1124061346054077,0.1911962189262231,1.9345781803131104,3.298024485524256
hdr_03541,car,S2,True,1.0788336992263794,0.8313832183612324,1.4425216913223267,3.298024485524256
hdr_03541,car,S2,True,1.2334165573120117,0.8340231470488731,2.098050117492676,3.298024485524256
hdr_03541,car,S2,True,0.9984556436538696,0.8411289952403647,1.608290433883667,3.298024485524256
hdr_03541,car,S2,True,0.9704084992408752,0.5487957538998238,2.2464513778686523,3.298024485524256
hdr_03541,car,S2,True,0.9388552904129028,0.2534727090252863,2.17962384223938,3.298024485524256
hdr_03541,car,S2,True,0.8184331655502319,0.2824370364115784,1.9448267221450806,3.298024485524256
hdr_03541,car,S2,True,0.757860541343689,0.6225204022824035,2.456028938293457,3.298024485524256
hdr_03541,car,S2,True,0.8179898262023926,1.644145659914169,2.4935309886932373,3.298024485524256
hdr_03541,car,S2,True,0.8391950130462646,2.2044429685299645,2.015413999557495,3.298024485524256
hdr_03541,car,S2,True,0.8929681777954102,1.0023861079171792,2.5110085010528564,3.298024485524256
hdr_03541,car,S2,True,1.2041881084442139,2.0443748296386044,2.3837108612060547,3.298024485524256
hdr_03541,car,S2,True,1.1036632061004639,0.12578731757517578,2.04868745803833,3.298024485524256
hdr_03541,car,S2,True,1.2383466958999634,0.1473757403105805,2.1407248973846436,3.298024485524256
hdr_03541,car,S2,True,1.2423036098480225,0.9107505761827827,2.320035696029663,3.298024485524256
hdr_03541,car,S2,True,1.0119900703430176,0.5952513584993123,2.2171287536621094,3.298024485524256
hdr_03542,car,S2,True,2.144421339035034,0.2699160761280902,2.2842953205108643,2.74289813843968
hdr_03542,car,S2,True,2.02053165435791,0.2518461548694909,2.041236400604248,2.74289813843968
hdr_03542,car,S2,False,2.146430253982544,0.2932744205500115,2.038039207458496,2.74289813843968
hdr_03542,car,S2,True,2.1067347526550293,0.40469428097853244,2.0075173377990723,2.74289813843968
hdr_03542,car,S2,False,2.1689112186431885,0.18384685117726157,1.951866626739502,2.74289813843968
hdr_03542,car,S2,False,2.294006824493408,0.4167891747312936,2.185732364654541,2.74289813843968
hdr_03542,car,S2,False,1.7851303815841675,0.28722892897836166,1.648462176322937,2.74289813843968
hdr_03542,car,S2,False,2.0184571743011475,0.08576474562910814,1.644868016242981,2.74289813843968
hdr_03542,car,S2,True,1.3011231422424316,0.1837065443574218,1.8589211702346802,2.74289813843968
hdr_03542,car,S2,True,3.5990993976593018,0.41342111664785186,1.8056670427322388,2.74289813843968
hdr_03542,car,S2,True,3.6800200939178467,0.33278668860701316,1.070851445198059,2.74289813843968
hdr_03542,car,S2,True,3.41864013671875,0.3539781350880932,1.606142282485962,2.74289813843968
hdr_03542,person,S2,True,1.2269830703735352,0.5331763315003905,1.154480218887329,2.74289813843968
hdr_03542,person,S2,True,1.2300951480865479,0.24857843863910206,1.8908038139343262,2.74289813843968
hdr_03542,person,S2,True,1.2029633522033691,0.10871002735818522,1.244423747062683,2.74289813843968
hdr_03542,person,S2,True,1.254620909690857,0.44372271162098637,1.72323477268219,2.74289813843968
hdr_03546,person,S2,False,4.87693452835083,0.7749848577172902,1.9074651002883911,3.342279088662888
hdr_03546,person,S2,True,3.006821393966675,0.959829198335891,1.8111275434494019,3.342279088662888
hdr_03546,person,S2,False,2.789668083190918,0.5561362606527487,1.4248007535934448,3.342279088662888
hdr_03546,person,S2,False,3.413238763809204,2.669258054608574,1.9846233129501343,3.342279088662888
hdr_03557,bird,S2,False,14.140113830566406,1.754684552474545,1.9340589046478271,2.0296958829677068
hdr_03557,bird,S2,False,31.00699234008789,1.3646821989525029,2.37831449508667,2.0296958829677068
hdr_03559,person,S2,False,8.70091724395752,1.7524394864186428,2.7899434566497803,3.5082048172827665
hdr_03559,person,S2,False,7.024566650390625,0.07296174445426219,2.510974645614624,3.5082048172827665
hdr_03559,person,S2,False,6.516059398651123,1.5175459169685597,2.6055805683135986,3.5082048172827665
hdr_03559,person,S2,True,3.7231764793395996,2.491269615404229,2.2652528285980225,3.5082048172827665
hdr_03564,person,S2,False,52.05709457397461,0.0596317015111525,3.3834283351898193,4.075051487264795
hdr_03564,person,S2,False,37.349308013916016,0.033738977468123627,3.0995378494262695,4.075051487264795
hdr_03569,person,S2,False,36.388458251953125,0.9467614185607132,2.7151317596435547,4.970382363167316
hdr_03569,person,S2,False,9.095111846923828,0.9379871726613174,3.137835741043091,4.970382363167316
hdr_03569,person,S2,False,8.654151916503906,1.6058618123367023,3.2670092582702637,4.970382363167316
hdr_03569,person,S2,False,11.695601463317871,1.282905537768016,2.8792102336883545,4.970382363167316
hdr_03570,car,S2,False,27.452070236206055,0.06764683237432417,2.096374750137329,4.520357269454462
hdr_03570,car,S2,False,12.344841003417969,0.15391929845803962,2.624558448791504,4.520357269454462
hdr_03570,car,S2,False,14.462724685668945,0.1830980821571652,2.438516616821289,4.520357269454462
hdr_03570,car,S2,False,10.514588356018066,0.11743697125078309,2.177358865737915,4.520357269454462
hdr_03570,car,S2,False,20.45096206665039,0.0680319210541555,1.8419102430343628,4.520357269454462
hdr_03570,car,S2,False,17.40650749206543,0.030956963696282765,1.6318385601043701,4.520357269454462
hdr_03570,car,S2,False,17.5643253326416,0.12527569977836622,2.343132257461548,4.520357269454462
hdr_03570,car,S2,True,8.453909873962402,0.26240341031728903,2.1661205291748047,4.520357269454462
hdr_03570,car,S2,False,5.8749895095825195,0.2523831421456887,2.0661754608154297,4.520357269454462
hdr_03570,car,S2,False,6.615413665771484,0.17746212220917806,2.3640758991241455,4.520357269454462
hdr_03570,car,S2,False,5.294553279876709,0.12715698093738978,2.2284343242645264,4.520357269454462
hdr_03570,car,S2,False,5.119433403015137,0.09254074692160692,2.1817665100097656,4.520357269454462
hdr_03570,person,S2,False,21.296152114868164,0.03410554847778135,1.9444990158081055,4.520357269454462
hdr_03570,person,S2,False,15.859237670898438,0.030039805899354052,1.8611884117126465,4.520357269454462
hdr_03570,person,S2,False,5.628138065338135,0.08051720688801967,1.5082225799560547,4.520357269454462
hdr_03570,person,S2,True,5.129382610321045,0.020587099177164878,1.328589916229248,4.520357269454462
hdr_03570,person,S2,True,4.522942543029785,0.15271455307365506,2.1947474479675293,4.520357269454462
hdr_03570,person,S2,False,4.779087066650391,0.025655158776118302,2.1556549072265625,4.520357269454462
hdr_03571,car,S2,False,13.904719352722168,0.040975698649993036,2.967341899871826,3.714837915214773
hdr_03571,car,S2,False,30.02375602722168,0.07461897637365901,2.6445155143737793,3.714837915214773
hdr_03571,car,S2,False,11.64362621307373,0.14072975233395016,2.8423521518707275,3.714837915214773
hdr_03571,car,S2,False,11.427694320678711,0.03143137351936365,2.658843755722046,3.714837915214773
hdr_03571,car,S2,True,6.8520708084106445,0.023913074695604487,2.4879133701324463,3.714837915214773
hdr_03571,car,S2,True,4.718738079071045,0.0550499318534876,2.0623061656951904,3.714837915214773
hdr_03571,car,S2,False,3.5899035930633545,0.05900795535857579,2.279171943664551,3.714837915214773
hdr_03571,car,S2,True,3.310044765472412,0.07281600596820915,3.4049434661865234,3.714837915214773
hdr_03571,car,S2,False,3.795886754989624,0.04010074788816191,2.76747989654541,3.714837915214773
hdr_03571,person,S2,False,10.042491912841797,0.024946835523568262,2.580554485321045,3.714837915214773
hdr_03571,person,S2,False,10.094873428344727,0.03181879852328719,2.41424822807312,3.714837915214773
hdr_03571,person,S2,False,5.925132751464844,0.024072179165532462,2.191373348236084,3.714837915214773
hdr_03571,person,S2,True,7.852752685546875,0.0199541939559358,2.6851420402526855,3.714837915214773
hdr_03571,person,S2,False,7.46987247467041,0.02796163256311574,2.621616840362549,3.714837915214773
hdr_03571,person,S2,False,10.258440017700195,0.03682533595005892,2.740063190460205,3.714837915214773
hdr_03571,person,S2,False,8.456655502319336,0.028728189042869848,2.482260227203369,3.714837915214773
hdr_03571,person,S2,True,5.056893825531006,0.022242127074486903,2.279630184173584,3.714837915214773
hdr_03571,person,S2,True,5.269838333129883,0.02319756437038541,2.3648767471313477,3.714837915214773
hdr_03571,person,S2,False,4.181957244873047,0.0939090888838447,2.115926504135132,3.714837915214773
hdr_03571,person,S2,False,3.3053338527679443,0.10428429425993231,1.8556970357894897,3.714837915214773
hdr_03571,person,S2,False,3.146453857421875,0.08504659255246234,1.589131236076355,3.714837915214773
hdr_03571,person,S2,True,2.7803640365600586,0.06453944246100182,2.678691864013672,3.714837915214773
hdr_03571,person,S2,True,2.53189754486084,0.09796686678551067,3.0797176361083984,3.714837915214773
hdr_03571,person,S2,True,2.4010040760040283,0.07402842314168445,3.073575258255005,3.714837915214773
hdr_03571,person,S2,True,2.7181782722473145,0.028887333343899542,2.177971601486206,3.714837915214773
hdr_03571,person,S2,False,3.202331066131592,0.031102756539449498,2.4972124099731445,3.714837915214773
hdr_03571,person,S2,True,2.295253038406372,0.06919519949743264,2.3295390605926514,3.714837915214773
hdr_03571,person,S2,False,3.9250638484954834,0.014601832513306774,2.098700523376465,3.714837915214773
hdr_03571,person,S2,False,5.283923149108887,0.05547439285486284,2.901672601699829,3.714837915214773
hdr_03571,person,S2,False,4.935102939605713,0.1282892870157979,2.6036171913146973,3.714837915214773
hdr_03571,person,S2,False,4.82614803314209,0.0786630177405926,2.369401693344116,3.714837915214773
hdr_03571,person,S2,True,4.156200408935547,0.01988389032961255,1.9920222759246826,3.714837915214773
hdr_03571,person,S2,False,5.052875518798828,0.05511979906947896,2.1060192584991455,3.714837915214773
hdr_03571,person,S2,False,4.424859046936035,0.07792930113831331,2.0477797985076904,3.714837915214773
hdr_03571,person,S2,False,5.2145819664001465,0.08705660848822806,2.118597984313965,3.714837915214773
hdr_03571,person,S2,True,4.573072910308838,0.01973672653126549,2.312976598739624,3.714837915214773
hdr_03571,person,S2,False,5.369529724121094,0.03930918613546265,1.9945493936538696,3.714837915214773
hdr_03571,person,S2,False,6.3642683029174805,0.011562253601341185,2.4430627822875977,3.714837915214773
hdr_03571,person,S2,False,6.737037181854248,0.05014375841232868,2.0743091106414795,3.714837915214773
hdr_03571,person,S2,False,4.874137878417969,0.0313296691305886,2.3533554077148438,3.714837915214773
hdr_03571,person,S2,False,4.292149066925049,0.04695349151540731,2.2666423320770264,3.714837915214773
hdr_03571,person,S2,True,3.2187602519989014,0.07660925686441587,2.471917152404785,3.714837915214773
hdr_03574,person,S2,False,4.190856456756592,0.043002593371839336,1.6923834085464478,3.9354400843748296
hdr_03574,person,S2,False,5.436443328857422,0.06474347465286448,1.8838504552841187,3.9354400843748296
hdr_03574,person,S2,False,5.495412826538086,0.10440527839495543,2.1366703510284424,3.9354400843748296
hdr_03574,person,S2,False,6.065576553344727,0.0622022305277544,1.8904801607131958,3.9354400843748296
hdr_03574,person,S2,False,5.9425883293151855,0.08593062290405748,2.0370655059814453,3.9354400843748296
hdr_03574,person,S2,False,5.0334343910217285,0.04523906207041747,1.7603832483291626,3.9354400843748296
hdr_03574,person,S2,False,6.113704204559326,0.07337083131931299,1.9230315685272217,3.9354400843748296
hdr_03574,person,S2,True,4.426130294799805,0.1740189221435851,2.3137388229370117,3.9354400843748296
hdr_03574,person,S2,True,5.101873397827148,0.15515222211798285,1.9245233535766602,3.9354400843748296
hdr_03574,person,S2,False,3.7968153953552246,0.07854311003332497,1.9077446460723877,3.9354400843748296
hdr_03574,person,S2,False,5.2269110679626465,0.08151660906244547,2.256063461303711,3.9354400843748296
hdr_03574,person,S2,False,4.137074947357178,0.08737002805743523,2.0997262001037598,3.9354400843748296
hdr_03576,diningtable,S2,True,26.450756072998047,1.7389386235789388,2.4661099910736084,3.477436990452873
hdr_03576,diningtable,S2,True,18.710363388061523,0.702455392476978,1.339158058166504,3.477436990452873
hdr_03576,person,S2,False,22.561185836791992,3.0332447613178624,2.0375864505767822,3.477436990452873
hdr_03576,person,S2,False,17.76181983947754,1.0967484275603065,1.8646469116210938,3.477436990452873
hdr_03576,person,S2,False,76.58000183105469,1.0783006307508678,2.4478952884674072,3.477436990452873
hdr_03576,person,S2,False,14.444476127624512,3.9539551382499596,1.8358299732208252,3.477436990452873
hdr_03576,person,S2,False,10.545711517333984,3.7770418560460284,2.0166916847229004,3.477436990452873
hdr_03576,person,S2,False,26.705528259277344,0.9182378154581322,1.8905731439590454,3.477436990452873
hdr_03576,chair,S2,False,17.810997009277344,0.6475020158241998,1.784688949584961,3.477436990452873
hdr_03576,chair,S2,False,23.741384506225586,0.7379105814755236,1.702248215675354,3.477436990452873
hdr_03576,person,S2,True,9.586726188659668,1.6234014397107606,1.7471051216125488,3.477436990452873
hdr_03582,person,S2,False,28.344026565551758,0.4815324766526797,2.820188045501709,3.739233184353274
hdr_03582,person,S2,False,11.118600845336914,0.7910332824783113,2.7291970252990723,3.739233184353274
hdr_03582,person,S2,False,11.480765342712402,1.2363366545127341,3.0420923233032227,3.739233184353274
hdr_03582,person,S2,False,9.054107666015625,2.335445835715755,2.8983426094055176,3.739233184353274
hdr_03582,person,S2,False,9.223237991333008,1.621445011584281,2.0335891246795654,3.739233184353274
hdr_03582,person,S2,False,12.060457229614258,2.4918590602493182,2.1954360008239746,3.739233184353274
hdr_03582,person,S2,False,3.927349328994751,1.411782672058331,2.0030713081359863,3.739233184353274
hdr_03582,person,S2,False,6.043201446533203,2.981676220514387,2.8834080696105957,3.739233184353274
hdr_03582,person,S2,False,5.601963996887207,1.4466227441120918,2.913508176803589,3.739233184353274
hdr_03582,person,S2,False,9.1826810836792,1.1234823658224766,2.1446917057037354,3.739233184353274
hdr_03582,person,S2,False,7.267796039581299,0.9739614751707665,1.9315530061721802,3.739233184353274
hdr_03582,person,S2,True,6.481876373291016,1.2768828664442609,1.8783754110336304,3.739233184353274
hdr_03582,person,S2,False,5.219254493713379,4.623094994543876,2.763936996459961,3.739233184353274
hdr_03582,person,S2,False,6.3470988273620605,3.39305911263597,2.915654182434082,3.739233184353274
hdr_03582,person,S2,False,3.910291910171509,2.6929640942576416,2.1740188598632812,3.739233184353274
hdr_03582,person,S2,False,4.48606538772583,6.504237249612322,2.181323289871216,3.739233184353274
hdr_03582,person,S2,False,3.0392727851867676,7.77704024754413,2.5673882961273193,3.739233184353274
hdr_03582,person,S2,False,5.056879997253418,1.7400513890448503,2.082745313644409,3.739233184353274
hdr_03582,person,S2,False,9.16929817199707,1.3844349723655498,1.9840141534805298,3.739233184353274
hdr_03582,person,S2,False,6.240853786468506,1.2840300078211404,1.9265859127044678,3.739233184353274
hdr_03582,person,S2,True,9.240190505981445,1.2078000579398336,2.030683994293213,3.739233184353274
hdr_03582,person,S2,False,7.618588924407959,0.5230837898941431,2.1789026260375977,3.739233184353274
hdr_03584,person,S2,False,12.743356704711914,0.18645633801001185,1.6979920864105225,4.636982422876106
hdr_03584,person,S2,False,3.903093099594116,1.7952923298234165,3.1123297214508057,4.636982422876106
hdr_03584,person,S2,False,10.100687026977539,2.3230188870480113,2.314911127090454,4.636982422876106
hdr_03584,person,S2,False,11.352898597717285,0.6811966027585306,2.0883326530456543,4.636982422876106
hdr_03585,person,S2,False,4.963108062744141,1.9172715883562195,1.5097218751907349,3.2159464592572093
hdr_03585,person,S2,False,4.799044132232666,1.4095277740739174,1.5166784524917603,3.2159464592572093
hdr_03585,person,S2,False,4.8494791984558105,1.5708686509962662,1.569934606552124,3.2159464592572093
hdr_03585,person,S2,False,5.176283836364746,1.3437200416422301,1.2782243490219116,3.2159464592572093
hdr_03585,person,S2,False,4.484395503997803,1.0365745543714042,1.3437527418136597,3.2159464592572093
hdr_03585,person,S2,False,4.925671577453613,1.1551465048386869,1.5607726573944092,3.2159464592572093
hdr_03585,person,S2,False,4.75098991394043,0.8394946416885556,1.660385251045227,3.2159464592572093
hdr_03585,person,S2,False,3.1574184894561768,0.5513056197859133,1.5800737142562866,3.2159464592572093
hdr_03585,person,S2,True,2.7093405723571777,0.9242165612782908,1.4595717191696167,3.2159464592572093
hdr_03585,person,S2,False,5.317490100860596,0.9895962358661595,1.7006429433822632,3.2159464592572093
hdr_03585,person,S2,False,4.597203254699707,0.8195433736494009,1.451698660850525,3.2159464592572093
hdr_03585,person,S2,False,4.7738165855407715,0.7643857030270115,1.243152141571045,3.2159464592572093
hdr_03585,person,S2,False,4.906997203826904,0.5076762052813073,1.2019485235214233,3.2159464592572093
hdr_03591,person,S2,False,4.438590049743652,1.07300981225209,2.1087381839752197,3.280997273793985
hdr_03591,person,S2,False,3.6171324253082275,1.0711703422646663,1.3780969381332397,3.280997273793985
hdr_03591,person,S2,False,3.3683993816375732,1.02725078518324,1.4037076234817505,3.280997273793985
hdr_03591,person,S2,True,3.1851775646209717,0.7538278920229521,1.8437206745147705,3.280997273793985
hdr_03591,person,S2,True,3.765018939971924,1.004885691037244,1.8074066638946533,3.280997273793985
hdr_03591,person,S2,True,3.228078842163086,0.9735507779926718,1.7685563564300537,3.280997273793985
hdr_03591,person,S2,True,2.8395299911499023,0.7042575444451838,1.6001240015029907,3.280997273793985
hdr_03591,person,S2,True,3.453209161758423,0.4344636851394453,1.7949986457824707,3.280997273793985
hdr_03591,person,S2,False,3.2187469005584717,0.7202200313907262,1.3554896116256714,3.280997273793985
hdr_03591,person,S2,True,3.101492404937744,1.0719668605480592,2.0011861324310303,3.280997273793985
hdr_03591,person,S2,True,3.4298202991485596,0.8590025340686701,1.9461318254470825,3.280997273793985
hdr_03591,person,S2,True,2.193122625350952,0.5836259264561955,1.5710256099700928,3.280997273793985
hdr_03591,person,S2,False,2.984870433807373,0.7678695521067791,1.6869285106658936,3.280997273793985
hdr_03591,person,S2,True,2.7998485565185547,0.5512860580499818,1.5971547365188599,3.280997273793985
hdr_03591,person,S2,True,2.3415720462799072,0.7446778619004736,1.5343351364135742,3.280997273793985
hdr_03591,person,S2,True,2.627243757247925,0.8561062548876387,1.7807753086090088,3.280997273793985
hdr_03591,person,S2,True,2.585989236831665,0.9870046123089502,1.7569900751113892,3.280997273793985
hdr_03591,person,S2,True,2.490271806716919,1.6635432183170213,1.7935816049575806,3.280997273793985
hdr_03591,person,S2,True,2.5970170497894287,1.9127412400550161,2.282986640930176,3.280997273793985
hdr_03591,person,S2,False,2.4054830074310303,1.0680584098933024,1.2678531408309937,3.280997273793985
hdr_03591,person,S2,True,3.4641001224517822,1.3358663376800723,1.9095442295074463,3.280997273793985
hdr_03591,person,S2,True,3.3935599327087402,1.744765221558269,2.0860161781311035,3.280997273793985
hdr_03591,person,S2,True,3.1370043754577637,1.121855355651512,1.9343574047088623,3.280997273793985
hdr_03591,person,S2,True,2.5548269748687744,0.9912962193575463,1.4096550941467285,3.280997273793985
hdr_03591,person,S2,False,3.0035619735717773,0.8461777786916768,1.7506682872772217,3.280997273793985
hdr_03591,person,S2,True,2.077745199203491,1.1547808786057092,1.3423420190811157,3.280997273793985
hdr_03591,person,S2,True,2.8352811336517334,0.9663651907014074,1.7103863954544067,3.280997273793985
hdr_03591,person,S2,True,2.7507686614990234,1.3016375721116298,1.8347135782241821,3.280997273793985
hdr_03591,person,S2,True,1.9628325700759888,1.0526495200774588,1.3920520544052124,3.280997273793985
hdr_03591,person,S2,False,2.367588520050049,0.6442580629835034,1.79824960231781,3.280997273793985
hdr_03591,person,S2,True,2.984870433807373,1.3531221690330193,1.9843780994415283,3.280997273793985
hdr_03591,person,S2,True,3.2370235919952393,1.0782524134701952,1.2734334468841553,3.280997273793985
hdr_03591,person,S2,True,2.4198551177978516,1.5014941183577764,1.8682174682617188,3.280997273793985
hdr_03591,person,S2,True,2.0857415199279785,1.5045486411294633,1.678288459777832,3.280997273793985
hdr_03591,person,S2,True,2.0770180225372314,0.8866972697935719,1.833325982093811,3.280997273793985
hdr_03591,person,S2,False,2.2339699268341064,0.6170783533113205,1.74571692943573,3.280997273793985
hdr_03591,person,S2,False,2.868272066116333,0.8999966920831332,2.0537073612213135,3.280997273793985
hdr_03591,person,S2,False,2.6363377571105957,0.991280254507803,1.6092432737350464,3.280997273793985
hdr_03591,person,S2,True,2.3560631275177,0.6224498227965538,1.9441648721694946,3.280997273793985
hdr_03591,person,S2,False,2.4435651302337646,1.3771614011824973,1.7565476894378662,3.280997273793985
hdr_03591,person,S2,False,3.1800951957702637,1.181679096047218,1.410537600517273,3.280997273793985
hdr_03591,person,S2,False,2.7126822471618652,0.9949625790307957,1.6761715412139893,3.280997273793985
hdr_03591,person,S2,True,2.4559290409088135,0.8536417929624643,1.0712947845458984,3.280997273793985
hdr_03591,person,S2,False,3.024641275405884,0.7722303827438621,1.4979997873306274,3.280997273793985
hdr_03591,person,S2,False,2.123795509338379,0.6878067246756933,1.6457421779632568,3.280997273793985
hdr_03591,person,S2,False,2.485034942626953,1.0042959494877264,1.4845805168151855,3.280997273793985
hdr_03591,person,S2,True,2.3005974292755127,1.4452981026989409,1.572712779045105,3.280997273793985
hdr_03591,person,S2,True,2.5530309677124023,1.2735053356443624,1.2701162099838257,3.280997273793985
hdr_03591,person,S2,False,2.4689300060272217,1.0704993715596547,1.3901842832565308,3.280997273793985
hdr_03591,person,S2,False,2.241896390914917,0.9121108839277515,1.3198574781417847,3.280997273793985
hdr_03591,person,S2,True,1.8832050561904907,1.8180049276466623,1.3711081743240356,3.280997273793985
hdr_03591,person,S2,False,2.199049711227417,1.944065041564167,1.3920660018920898,3.280997273793985
hdr_03591,person,S2,True,1.9067347049713135,2.201259792679184,1.1891629695892334,3.280997273793985
hdr_03591,person,S2,True,2.0728507041931152,1.6660194303716067,1.5246803760528564,3.280997273793985
hdr_03591,person,S2,True,2.390915870666504,1.2546682178540407,1.3313363790512085,3.280997273793985
hdr_03591,person,S2,True,2.7212564945220947,1.1979822728862826,1.8056589365005493,3.280997273793985
hdr_03591,person,S2,False,2.378127098083496,0.7254065001971339,1.185817003250122,3.280997273793985
hdr_03591,person,S2,True,1.7811585664749146,0.6851553462897242,1.393402338027954,3.280997273793985
hdr_03591,person,S2,True,1.3457133769989014,0.8603530964975546,1.2340340614318848,3.280997273793985
hdr_03591,person,S2,False,2.5036463737487793,0.7211243443395859,1.8974345922470093,3.280997273793985
hdr_03591,person,S2,False,2.3180606365203857,1.0711753871571852,1.6494677066802979,3.280997273793985
hdr_03591,person,S2,True,2.181615114212036,0.9811328682921608,1.6891249418258667,3.280997273793985
hdr_03591,person,S2,True,1.4528719186782837,1.2338816003318644,1.0884907245635986,3.280997273793985
hdr_03591,person,S2,False,2.5045526027679443,1.0293679158373992,1.4543073177337646,3.280997273793985
hdr_03591,person,S2,True,1.949742078781128,0.6460184111755992,1.3633370399475098,3.280997273793985
hdr_03591,person,S2,False,2.532454490661621,0.812152277590166,1.3121942281723022,3.280997273793985
hdr_03591,person,S2,True,1.9011785984039307,0.8255132603403373,1.0790083408355713,3.280997273793985
hdr_03591,person,S2,False,2.2335071563720703,0.7689195283446967,1.5050232410430908,3.280997273793985
hdr_03591,person,S2,True,1.9514176845550537,0.5196763580116278,1.733091950416565,3.280997273793985
hdr_03591,person,S2,False,2.8233606815338135,0.7560904305285732,1.505690336227417,3.280997273793985
hdr_03591,person,S2,True,2.1503963470458984,0.5545608318887273,1.658717393875122,3.280997273793985
hdr_03591,person,S2,True,2.076533317565918,0.873015585141757,1.3584144115447998,3.280997273793985
hdr_03591,person,S2,True,1.7935818433761597,0.8993947533884117,1.4543933868408203,3.280997273793985
hdr_03591,person,S2,True,2.092583179473877,0.9215240786333987,1.4997285604476929,3.280997273793985
hdr_03591,person,S2,True,1.9675042629241943,2.1531261538595152,1.3634421825408936,3.280997273793985
hdr_03591,person,S2,True,2.0742547512054443,0.7868990144068081,1.55791437625885,3.280997273793985
hdr_03591,person,S2,True,1.6788244247436523,0.9956183511988517,1.5729894638061523,3.280997273793985
hdr_03591,person,S2,False,1.9630829095840454,1.6069567662928634,1.7552754878997803,3.280997273793985
hdr_03591,person,S2,True,2.308145761489868,1.106254887638749,1.5897530317306519,3.280997273793985
hdr_03591,person,S2,True,1.8928585052490234,0.6091261339353827,1.9242302179336548,3.280997273793985
hdr_03591,person,S2,True,1.7434418201446533,0.9563583590229052,1.8472005128860474,3.280997273793985
hdr_03591,person,S2,True,2.2926692962646484,1.105434294361943,1.2769814729690552,3.280997273793985
hdr_03591,person,S2,True,1.6100894212722778,1.0993750591497684,1.1864349842071533,3.280997273793985
hdr_03591,person,S2,True,1.5960149765014648,0.8975543255100035,1.3536990880966187,3.280997273793985
hdr_03591,person,S2,True,1.7661091089248657,1.4839179682595798,1.3930416107177734,3.280997273793985
hdr_03591,person,S2,True,1.6408857107162476,0.36036165365701706,1.1388063430786133,3.280997273793985
hdr_03591,person,S2,True,1.6245096921920776,0.19785324497065723,1.4253876209259033,3.280997273793985
hdr_03591,person,S2,True,1.79478919506073,0.7966811248603235,1.0299431085586548,3.280997273793985
hdr_03591,person,S2,True,1.5201066732406616,0.8334477906627596,1.5082201957702637,3.280997273793985
hdr_03591,person,S2,True,1.5533802509307861,0.7140367173663464,1.4745503664016724,3.280997273793985
hdr_03591,person,S2,False,3.307753086090088,0.7183464604842509,1.835273265838623,3.280997273793985
hdr_03591,person,S2,True,1.4339772462844849,1.2686604507630623,1.3370137214660645,3.280997273793985
hdr_03591,person,S2,True,1.3224365711212158,1.5216266879156688,1.2677541971206665,3.280997273793985
hdr_03591,person,S2,True,1.3699848651885986,0.9786260675854672,1.4100632667541504,3.280997273793985
hdr_03591,person,S2,True,1.2827478647232056,0.570932785300486,1.4820406436920166,3.280997273793985
hdr_03591,person,S2,True,1.4956955909729004,0.6240984808998453,1.6504286527633667,3.280997273793985
hdr_03591,person,S2,True,1.735628366470337,0.7066377119637136,1.377038836479187,3.280997273793985
hdr_03591,person,S2,True,1.4891201257705688,0.6167600780668381,1.7263879776000977,3.280997273793985
hdr_03591,person,S2,True,1.336503505706787,0.7322627007084945,1.3340486288070679,3.280997273793985
hdr_03593,person,S2,False,5.325636386871338,2.1192009365589897,1.7839595079421997,3.5442441280703094
hdr_03593,person,S2,True,4.525199890136719,1.0276167283437265,1.6934809684753418,3.5442441280703094
hdr_03593,person,S2,True,3.6301608085632324,0.49086219056713115,1.7056467533111572,3.5442441280703094
hdr_03593,person,S2,True,3.66131854057312,0.4643462370005801,1.7001906633377075,3.5442441280703094
hdr_03593,person,S2,False,4.148662567138672,1.1368088308474686,1.311326026916504,3.5442441280703094
hdr_03593,person,S2,True,2.8673346042633057,2.3725253143729192,1.8231967687606812,3.5442441280703094
hdr_03593,person,S2,False,3.3944950103759766,2.1443314952851975,1.7664984464645386,3.5442441280703094
hdr_03593,person,S2,False,2.9043993949890137,1.7070838880704517,1.8416409492492676,3.5442441280703094
hdr_03593,person,S2,False,3.1016082763671875,1.174617011556869,1.2121310234069824,3.5442441280703094
hdr_03593,person,S2,False,3.9711639881134033,1.315169095691854,1.452972650527954,3.5442441280703094
hdr_03593,person,S2,True,3.178950071334839,1.597743496122034,1.8323642015457153,3.5442441280703094
hdr_03593,person,S2,True,2.2901549339294434,1.1318065242009359,1.4833413362503052,3.5442441280703094
hdr_03593,person,S2,False,3.6764986515045166,3.0380275196508135,1.5769087076187134,3.5442441280703094
hdr_03593,person,S2,False,3.6885600090026855,1.290289250239282,1.5255250930786133,3.5442441280703094
hdr_03593,person,S2,True,2.2398672103881836,1.0252500062959702,1.3955821990966797,3.5442441280703094
hdr_03593,person,S2,False,3.2815358638763428,0.9587789813359303,1.465981125831604,3.5442441280703094
hdr_03593,person,S2,False,3.239089250564575,2.622496859401206,1.61398446559906,3.5442441280703094
hdr_03593,person,S2,True,2.834503650665283,1.875611043258451,1.2566239833831787,3.5442441280703094
hdr_03593,person,S2,False,2.878209352493286,4.457302418032446,1.675922155380249,3.5442441280703094
hdr_03593,person,S2,False,2.5896449089050293,2.615203100965837,1.6964671611785889,3.5442441280703094
hdr_03593,person,S2,False,2.9195075035095215,2.5774596386099002,1.5986837148666382,3.5442441280703094
hdr_03593,person,S2,False,2.2757036685943604,4.207730157106617,1.4866204261779785,3.5442441280703094
hdr_03593,person,S2,True,1.814544439315796,2.4056639251878345,1.4961206912994385,3.5442441280703094
hdr_03593,person,S2,True,4.499189376831055,0.40938227597847465,1.586058497428894,3.5442441280703094
hdr_03593,person,S2,True,3.9022722244262695,0.3516625089814302,1.5427883863449097,3.5442441280703094
hdr_03593,person,S2,True,4.264186859130859,0.2542980373033776,1.5291138887405396,3.5442441280703094
hdr_03601,car,S2,True,9.364370346069336,3.253569602862161,2.5703203678131104,4.007577098304338
hdr_03601,car,S2,False,9.918780326843262,3.2177582585138627,3.3267874717712402,4.007577098304338
hdr_03601,car,S2,True,6.772300720214844,9.25708464926194,2.7132365703582764,4.007577098304338
hdr_03609,car,S2,False,7.297624111175537,1.776908649476365,2.487440586090088,3.3564083270389813
hdr_03609,car,S2,False,5.097733020782471,0.4952964335763195,2.0600674152374268,3.3564083270389813
hdr_03609,car,S2,False,4.877032279968262,0.5078209872586182,2.6726086139678955,3.3564083270389813
hdr_03609,car,S2,False,4.398487567901611,0.7454302662686851,2.6060631275177,3.3564083270389813
hdr_03609,car,S2,True,3.0858283042907715,2.490118456260589,2.2592594623565674,3.3564083270389813
hdr_03609,person,S2,False,9.9669771194458,1.3111725781589292,1.6653417348861694,3.3564083270389813
hdr_03609,person,S2,False,7.102841854095459,0.5558208093810668,1.5229800939559937,3.3564083270389813
hdr_03609,person,S2,False,8.069387435913086,0.9516567871748163,2.0489439964294434,3.3564083270389813
hdr_03609,person,S2,False,7.564225196838379,1.0496478958444153,1.408079981803894,3.3564083270389813
hdr_03609,person,S2,False,6.232292652130127,2.5148655114106964,1.5264467000961304,3.3564083270389813
hdr_03609,person,S2,False,5.80844783782959,1.3243941019369974,1.4156805276870728,3.3564083270389813
hdr_03609,person,S2,False,5.122322082519531,1.338196805590874,1.497763991355896,3.3564083270389813
hdr_03609,person,S2,False,4.215327262878418,0.7787966350152172,1.4424322843551636,3.3564083270389813
hdr_03609,person,S2,False,3.3825807571411133,1.4510244515831314,1.46891450881958,3.3564083270389813
hdr_03609,person,S2,False,4.065070152282715,0.8865344464760504,1.5646138191223145,3.3564083270389813
hdr_03609,person,S2,False,3.470041513442993,0.5101358895342197,1.284056305885315,3.3564083270389813
hdr_03609,person,S2,False,3.358335494995117,0.6580070582152047,1.4088096618652344,3.3564083270389813
hdr_03609,person,S2,False,3.075403928756714,0.6044026073707532,1.4663337469100952,3.3564083270389813
hdr_03609,person,S2,False,3.050739049911499,0.5501950603531315,1.2873823642730713,3.3564083270389813
hdr_03609,person,S2,False,3.7787981033325195,0.8273664400673643,1.5265008211135864,3.3564083270389813
hdr_03609,person,S2,False,5.7451677322387695,1.1099712042140424,1.6264265775680542,3.3564083270389813
hdr_03609,person,S2,False,4.798433780670166,0.7319690960042079,1.6204290390014648,3.3564083270389813
hdr_03609,person,S2,False,4.777876853942871,0.8253101288741964,1.3642417192459106,3.3564083270389813
hdr_03609,person,S2,False,4.25407600402832,0.4632089577266994,1.980775237083435,3.3564083270389813
hdr_03609,person,S2,False,3.8692030906677246,1.3171244714086245,1.8958187103271484,3.3564083270389813
hdr_03610,person,S2,False,10.62856674194336,0.7472703336528124,1.675513744354248,3.37125639905868
hdr_03610,person,S2,True,10.570298194885254,0.8734406852083191,1.6381635665893555,3.37125639905868
hdr_03610,person,S2,False,7.831437110900879,0.5376087019953097,1.7383379936218262,3.37125639905868
hdr_03610,person,S2,False,12.322479248046875,0.8328217218039982,1.6670424938201904,3.37125639905868
hdr_03610,person,S2,False,10.204829216003418,1.832255215272482,1.4979537725448608,3.37125639905868
hdr_03610,person,S2,False,9.125360488891602,2.087044433300594,1.562692403793335,3.37125639905868
hdr_03610,person,S2,True,7.954029560089111,2.095470321585803,1.4859108924865723,3.37125639905868
hdr_03610,person,S2,False,10.467859268188477,1.444679190639957,1.3654431104660034,3.37125639905868
hdr_03610,person,S2,False,10.133036613464355,0.9284306409065687,1.7609493732452393,3.37125639905868
hdr_03610,person,S2,False,10.215232849121094,1.8762147373793423,1.9521678686141968,3.37125639905868
hdr_03610,person,S2,False,9.525846481323242,0.8760832490126318,1.7236430644989014,3.37125639905868
hdr_03610,person,S2,False,5.39947509765625,1.4976034127876672,2.539872407913208,3.37125639905868
hdr_03610,person,S2,True,4.779973030090332,0.4533611010552699,1.994433879852295,3.37125639905868
hdr_03610,person,S2,False,10.026735305786133,1.0705753144593435,1.4892089366912842,3.37125639905868
hdr_03610,person,S2,False,11.18613338470459,1.3288319431544944,1.9782652854919434,3.37125639905868
hdr_03610,person,S2,False,8.215153694152832,2.002437511189184,1.548803448677063,3.37125639905868
hdr_03610,person,S2,False,9.160889625549316,1.7190770518119802,1.7567983865737915,3.37125639905868
hdr_03610,person,S2,True,6.618094444274902,1.1778088684606947,1.8315573930740356,3.37125639905868
hdr_03610,person,S2,False,7.047427654266357,2.1368814297625867,1.8265763521194458,3.37125639905868
hdr_03610,person,S2,False,6.664497375488281,1.237274497760185,1.7363988161087036,3.37125639905868
hdr_03610,person,S2,False,9.654273986816406,1.5640083143673573,1.492850661277771,3.37125639905868
hdr_03610,person,S2,False,4.250126361846924,2.2971894253432916,2.4182634353637695,3.37125639905868
hdr_03610,person,S2,False,5.211658477783203,1.8394556097252184,2.5421626567840576,3.37125639905868
hdr_03610,person,S2,False,5.17067813873291,1.876612231595585,2.3030941486358643,3.37125639905868
hdr_03610,person,S2,False,7.836650371551514,0.506244090132648,1.409035563468933,3.37125639905868
hdr_03610,person,S2,False,9.263615608215332,0.4869914917692115,1.577675461769104,3.37125639905868
hdr_03610,person,S2,True,4.6673903465271,0.9983530262971788,2.2364861965179443,3.37125639905868
hdr_03611,car,S2,False,18.786087036132812,0.7521510919331605,2.7094337940216064,2.884100567529768
hdr_03611,car,S2,False,12.021117210388184,0.5117148092823105,2.279381275177002,2.884100567529768
hdr_03611,person,S2,True,4.5204877853393555,0.39186913902779774,1.6398680210113525,2.884100567529768
hdr_03611,person,S2,False,5.964409351348877,0.31184664983013693,1.9859647750854492,2.884100567529768
hdr_03611,person,S2,False,6.37269926071167,0.2784750345021489,2.1348469257354736,2.884100567529768
hdr_03611,person,S2,False,6.585224151611328,0.11677406647244983,2.1721458435058594,2.884100567529768
hdr_03611,person,S2,False,5.847414016723633,0.5743886025798244,2.0029242038726807,2.884100567529768
hdr_03611,person,S2,False,5.7999958992004395,0.46310923624472267,1.611709713935852,2.884100567529768
hdr_03611,person,S2,False,5.496498107910156,0.44466447353058347,1.9210578203201294,2.884100567529768
hdr_03611,person,S2,False,4.041721820831299,0.24159102257741372,2.5801122188568115,2.884100567529768
hdr_03611,person,S2,True,4.022387981414795,0.0644360210690135,1.9797965288162231,2.884100567529768
hdr_03611,person,S2,False,4.132877349853516,0.2206597877012193,2.131927490234375,2.884100567529768
hdr_03611,person,S2,False,4.165968894958496,0.10283723418131607,2.0858309268951416,2.884100567529768
hdr_03611,person,S2,False,5.472144603729248,0.22463928419038534,2.446423053741455,2.884100567529768
hdr_03611,person,S2,False,3.852950096130371,0.2739638682127592,2.1701879501342773,2.884100567529768
hdr_03611,person,S2,False,4.68293571472168,0.4268872280368554,2.079207181930542,2.884100567529768
hdr_03611,person,S2,False,4.330061912536621,0.410925664763417,1.8625844717025757,2.884100567529768
hdr_03611,person,S2,False,4.193168640136719,0.37487634420395743,2.085935592651367,2.884100567529768
hdr_03611,person,S2,False,3.1896135807037354,0.2116914107988247,2.0138325691223145,2.884100567529768
hdr_03611,person,S2,False,3.7640936374664307,0.5584551670196488,1.7078731060028076,2.884100567529768
hdr_03611,person,S2,False,4.527019500732422,0.6087651497514737,2.5390982627868652,2.884100567529768
hdr_03611,person,S2,False,4.221755504608154,0.6198215228780324,2.3775627613067627,2.884100567529768
hdr_03611,person,S2,False,3.723163604736328,0.714900446764794,2.6164770126342773,2.884100567529768
hdr_03611,person,S2,False,3.802732467651367,1.1385406045064252,2.47043776512146,2.884100567529768
hdr_03611,person,S2,False,3.873725175857544,1.0879996443053115,2.0691161155700684,2.884100567529768
hdr_03611,person,S2,True,3.3951945304870605,1.086560472460669,2.404654026031494,2.884100567529768
hdr_03611,person,S2,False,3.3462929725646973,0.8301643366069982,1.559259057044983,2.884100567529768
hdr_03611,person,S2,False,4.441819190979004,0.22209068929054712,2.57708740234375,2.884100567529768
hdr_03611,person,S2,True,3.7131857872009277,0.11548986977753278,2.329976797103882,2.884100567529768
hdr_03611,person,S2,True,3.9296441078186035,0.40713467407587195,2.559669256210327,2.884100567529768
hdr_03618,person,S2,False,36.739967346191406,0.6847779336568912,1.8549463748931885,2.626193671044682
hdr_03620,person,S2,False,45.434898376464844,0.5748827967550941,2.4300150871276855,3.3255703914184034
hdr_03620,person,S2,False,41.20353317260742,0.5406779395708678,2.87583327293396,3.3255703914184034
hdr_03622,person,S2,False,18.38419532775879,0.7778912714098551,1.928152322769165,3.602188652114536
hdr_03622,person,S2,False,15.830199241638184,1.410779590472621,2.0545341968536377,3.602188652114536
hdr_03622,person,S2,False,13.54379940032959,1.823509171495596,1.875802993774414,3.602188652114536
hdr_03622,person,S2,False,6.90903902053833,2.700524962548436,2.024101972579956,3.602188652114536
hdr_03622,person,S2,False,6.5321455001831055,3.072202771255564,1.5418647527694702,3.602188652114536
hdr_03622,person,S2,True,5.121515274047852,2.157815231121262,2.157963275909424,3.602188652114536
hdr_03622,car,S2,False,14.80424976348877,3.8300206183805763,2.540048837661743,3.602188652114536
hdr_03622,car,S2,False,16.040470123291016,0.7459570062453086,2.2658212184906006,3.602188652114536
hdr_03622,car,S2,False,11.934234619140625,1.2457655441341189,2.787879705429077,3.602188652114536
hdr_03622,car,S2,False,8.5165433883667,0.9825820864605256,2.2633090019226074,3.602188652114536
hdr_03622,car,S2,False,5.1375226974487305,2.1055442729271374,2.1755080223083496,3.602188652114536
hdr_03622,car,S2,False,6.3433451652526855,4.98415929647651,2.7729227542877197,3.602188652114536
hdr_03622,car,S2,True,6.867282867431641,2.4877816608527317,2.6898813247680664,3.602188652114536
hdr_03622,car,S2,False,7.07183313369751,3.7652296797904636,2.7143633365631104,3.602188652114536
hdr_03625,horse,S2,True,45.02278137207031,0.8632959226686121,2.369797468185425,2.774108520826112
hdr_03625,horse,S2,True,42.02431106567383,1.0493425739550828,2.5099401473999023,2.774108520826112
hdr_03626,horse,S2,False,46.19999694824219,0.9635430999792649,2.8523828983306885,3.1072099696478683
hdr_03626,horse,S2,True,38.96590042114258,0.4298358014755425,2.9265806674957275,3.1072099696478683
hdr_03626,person,S2,False,6.158730983734131,1.2814252439979494,2.282473564147949,3.1072099696478683
hdr_03626,person,S2,False,8.100714683532715,0.7442859193349161,2.2118124961853027,3.1072099696478683
hdr_03630,person,S2,False,80.56045532226562,0.7570875824033708,2.7489354610443115,3.5728514066841006
hdr_03637,person,S2,False,41.65800476074219,0.531391823787761,2.557645797729492,3.255107028064953
hdr_03637,person,S2,False,35.465328216552734,0.19991512291030206,1.8055846691131592,3.255107028064953
hdr_03637,person,S2,False,8.380151748657227,1.0277260075498764,1.6066113710403442,3.255107028064953
hdr_03637,person,S2,False,5.636528015136719,1.4351940640813738,2.2862868309020996,3.255107028064953
hdr_03637,person,S2,False,5.5980963706970215,1.5120133012791181,2.0893704891204834,3.255107028064953
hdr_03637,person,S2,False,5.16842794418335,1.4797125253623276,1.3861348628997803,3.255107028064953
hdr_03637,person,S2,False,5.01821231842041,1.7464710256049092,1.7759064435958862,3.255107028064953
hdr_03637,person,S2,False,8.164529800415039,0.742875205279343,1.7209430932998657,3.255107028064953
hdr_03637,person,S2,False,7.097330093383789,0.4725840169788663,1.6719287633895874,3.255107028064953
hdr_03637,person,S2,True,2.759424924850464,1.4870332157959056,1.6447067260742188,3.255107028064953
hdr_03637,person,S2,False,11.20417594909668,0.436943729785406,1.7541581392288208,3.255107028064953
hdr_03644,person,S2,False,31.979196548461914,0.9237300840306855,2.5497360229492188,3.2959822604626385
hdr_03644,person,S2,False,28.519615173339844,1.6462547608906974,2.856422185897827,3.2959822604626385
hdr_03644,person,S2,False,42.641143798828125,0.9907107329956947,2.7106850147247314,3.2959822604626385
hdr_03644,diningtable,S2,False,50.88761901855469,7.432391034954179,2.7971203327178955,3.2959822604626385
hdr_03644,chair,S2,True,31.37738037109375,1.0782425824241737,2.3924686908721924,3.2959822604626385
hdr_03644,chair,S2,True,35.93191909790039,1.1894605650856147,2.5763213634490967,3.2959822604626385
hdr_03644,chair,S2,True,29.227006912231445,1.0100732294254564,2.6128289699554443,3.2959822604626385
hdr_03645,car,S2,False,13.344136238098145,0.640245575303029,3.2527353763580322,3.788451207023456
hdr_03645,person,S2,False,7.551977157592773,0.11142482896766245,2.1120831966400146,3.788451207023456
hdr_03645,person,S2,False,6.078271389007568,1.479382692469556,2.450026512145996,3.788451207023456
hdr_03645,train,S2,True,25.386730194091797,1.419578977720683,3.019904613494873,3.788451207023456
hdr_03645,train,S2,True,25.077468872070312,0.474209810421284,2.554380416870117,3.788451207023456
hdr_03653,person,S2,False,10.317296028137207,0.4957077818401431,1.8587968349456787,3.851733042567664
hdr_03666,person,S2,False,61.102474212646484,0.543472836536361,2.6973674297332764,3.093274191704576
hdr_03669,chair,S2,False,28.80120849609375,0.9697332814402909,1.5310542583465576,3.2191307308024064
hdr_03669,chair,S2,False,24.221546173095703,0.5691475044498792,1.378075361251831,3.2191307308024064
hdr_03669,chair,S2,True,15.171019554138184,0.4427050543163257,1.0338956117630005,3.2191307308024064
hdr_03669,person,S2,False,22.32976722717285,0.4637642740775212,2.2240450382232666,3.2191307308024064
hdr_03669,person,S2,False,20.746875762939453,0.32850009558576554,2.5469748973846436,3.2191307308024064
hdr_03669,diningtable,S2,False,31.71612548828125,0.3905502236554586,2.059391736984253,3.2191307308024064
hdr_03670,person,S2,False,46.97987365722656,1.1215835418855302,2.6339497566223145,3.609637089632301
hdr_03670,person,S2,False,31.78023910522461,1.042138887150006,2.7584316730499268,3.609637089632301
hdr_03670,person,S2,False,29.73120880126953,1.877521144654326,2.51356840133667,3.609637089632301
hdr_03670,chair,S2,False,31.112749099731445,1.2567058640138917,2.7562787532806396,3.609637089632301
hdr_03670,chair,S2,True,26.569307327270508,1.082262555206284,2.03460431098938,3.609637089632301
hdr_03670,chair,S2,True,15.634754180908203,6.633223689449414,1.6201577186584473,3.609637089632301
hdr_03670,chair,S2,False,12.273937225341797,0.6506302654432471,1.7310762405395508,3.609637089632301
hdr_03670,chair,S2,True,10.211159706115723,0.6603917368541585,1.9829051494598389,3.609637089632301
hdr_03670,chair,S2,True,11.01090145111084,0.5860268305415973,1.269612431526184,3.609637089632301
hdr_03675,chair,S2,True,16.79192543029785,0.19239727039821927,1.6122586727142334,3.1207124400515154
hdr_03675,chair,S2,False,17.727943420410156,0.14261295857910658,1.8667893409729004,3.1207124400515154
hdr_03675,chair,S2,False,14.303183555603027,0.18738069863062579,1.8591309785842896,3.1207124400515154
hdr_03675,person,S2,False,53.59893035888672,1.109072392048352,1.929720401763916,3.1207124400515154
hdr_03675,person,S2,False,56.18706512451172,0.7894076757586392,1.9789178371429443,3.1207124400515154
hdr_03675,person,S2,False,22.959253311157227,0.24255314980457837,1.9766077995300293,3.1207124400515154
hdr_03675,diningtable,S2,False,49.728004455566406,1.2525394874546678,2.1932780742645264,3.1207124400515154
hdr_03675,diningtable,S2,True,9.17470645904541,0.4002844939611939,1.8492001295089722,3.1207124400515154
hdr_03678,person,S2,False,55.598289489746094,0.9149873861371853,2.7476871013641357,4.314035845679718
hdr_03678,person,S2,False,56.603546142578125,1.1124506203250857,2.135942220687866,4.314035845679718
hdr_03678,car,S2,False,8.852285385131836,7.777088265863034,2.6937952041625977,4.314035845679718
hdr_03678,car,S2,False,6.197757244110107,4.096575895432002,2.452805280685425,4.314035845679718
hdr_03678,car,S2,False,6.790795803070068,6.50904177782418,2.5948638916015625,4.314035845679718
hdr_03678,car,S2,False,5.935245037078857,4.633428349670271,1.886881709098816,4.314035845679718
hdr_03678,car,S2,True,7.467647552490234,1.1613379032529954,2.5286953449249268,4.314035845679718
hdr_03682,person,S2,False,7.9297261238098145,0.3563050382876532,1.1515283584594727,2.995741236468887
hdr_03682,car,S2,False,15.147677421569824,0.5436898071738859,1.812110185623169,2.995741236468887
hdr_03691,person,S2,False,4.868847846984863,0.5280438150652567,2.6107518672943115,3.591426041132132
hdr_03691,person,S2,False,4.811712741851807,0.6480170960856984,2.16313099861145,3.591426041132132
hdr_03697,person,S2,False,47.695030212402344,0.14987269464863182,3.316850423812866,3.694227955897217
hdr_03697,person,S2,False,44.25508499145508,0.4260750828574813,2.4378652572631836,3.694227955897217
hdr_03698,person,S2,False,45.41904067993164,1.5551531808181176,1.9641317129135132,3.79035184236289
hdr_03698,person,S2,False,30.249149322509766,1.6617436852283685,2.44879412651062,3.79035184236289
hdr_03698,person,S2,False,46.759334564208984,0.7441200060777243,2.6856987476348877,3.79035184236289
hdr_03698,diningtable,S2,False,49.15269470214844,1.5297845020755032,2.719831705093384,3.79035184236289
hdr_03698,diningtable,S2,True,23.791772842407227,0.645494379157616,2.39475417137146,3.79035184236289
hdr_03698,chair,S2,False,19.950672149658203,0.606073501580295,2.547823429107666,3.79035184236289
hdr_03698,chair,S2,True,13.708427429199219,0.5012621679866647,2.489779472351074,3.79035184236289
hdr_03698,chair,S2,False,13.160143852233887,0.5379666445872404,1.6144132614135742,3.79035184236289
hdr_03698,chair,S2,False,33.60047149658203,0.6916389559341461,2.6107778549194336,3.79035184236289
hdr_03698,chair,S2,True,17.78709602355957,0.4194417954499045,1.855863332748413,3.79035184236289
hdr_03708,person,S2,False,2.6219546794891357,3.2217441234369626,3.4176747798919678,2.664560226006349
hdr_03708,person,S2,False,3.7830824851989746,3.1868508572527725,3.4466869831085205,2.664560226006349
hdr_03708,person,S2,False,3.192033290863037,0.7849079249670535,2.5645437240600586,2.664560226006349
hdr_03713,boat,S2,True,5.348092079162598,2.771933033860196,1.7236125469207764,3.605573958624482
hdr_03717,person,S2,False,5.149290084838867,0.7927891018123129,2.392961263656616,3.9753447877048695
hdr_03717,person,S2,False,3.0732691287994385,0.5274601719410286,2.46781063079834,3.9753447877048695
hdr_03717,person,S2,True,2.443657398223877,1.6067643032751728,2.6716413497924805,3.9753447877048695
hdr_03717,person,S2,True,2.4293928146362305,0.45424625350785997,3.3758857250213623,3.9753447877048695
hdr_03717,person,S2,True,1.515620231628418,0.7932804423290104,2.683259963989258,3.9753447877048695
hdr_03717,person,S2,True,1.4535505771636963,0.7638599591758463,2.6854782104492188,3.9753447877048695
hdr_03717,person,S2,True,2.0728728771209717,1.0229023138213573,2.6785879135131836,3.9753447877048695
hdr_03717,person,S2,False,1.6014204025268555,0.8623039316183833,2.5058438777923584,3.9753447877048695
hdr_03717,person,S2,True,1.44144868850708,0.9358521586690385,2.145007610321045,3.9753447877048695
hdr_03717,person,S2,False,1.1774966716766357,1.0538657916709586,1.9014613628387451,3.9753447877048695
hdr_03717,person,S2,True,1.7807731628417969,1.1445537213869084,2.7724578380584717,3.9753447877048695
hdr_03717,person,S2,False,1.7051290273666382,0.8509072162968061,1.8218793869018555,3.9753447877048695
hdr_03717,person,S2,True,1.5531589984893799,0.7811953203583225,2.2408878803253174,3.9753447877048695
hdr_03717,person,S2,True,1.3760504722595215,0.8780601969137788,2.1222519874572754,3.9753447877048695
hdr_03717,person,S2,False,1.8983373641967773,0.9967643893881047,1.6264039278030396,3.9753447877048695
hdr_03717,person,S2,True,1.6924020051956177,0.7019753975353816,2.347764492034912,3.9753447877048695
hdr_03718,person,S2,False,1.9396867752075195,2.1651591799744407,2.7693965435028076,4.307008578521151
hdr_03718,person,S2,False,2.185591220855713,1.5909503597317558,3.542938470840454,4.307008578521151
hdr_03718,person,S2,True,1.7888460159301758,3.106986596053748,3.1151325702667236,4.307008578521151
hdr_03718,person,S2,True,2.336246967315674,2.0415658037116624,3.2967374324798584,4.307008578521151
hdr_03718,person,S2,True,2.3941853046417236,1.484899526454474,3.6290628910064697,4.307008578521151
hdr_03718,person,S2,False,1.9499679803848267,2.0247426062350358,3.0490849018096924,4.307008578521151
hdr_03718,person,S2,True,1.447476863861084,1.2853174926277706,2.7098095417022705,4.307008578521151
hdr_03718,person,S2,False,2.262373447418213,2.6862195065827903,2.3671302795410156,4.307008578521151
hdr_03718,person,S2,False,1.9025498628616333,1.9854589780715262,2.2382009029388428,4.307008578521151
hdr_03718,person,S2,True,1.6287651062011719,13.549339006911428,2.483022928237915,4.307008578521151
hdr_03718,person,S2,True,1.6775511503219604,5.486104099773788,2.933065176010132,4.307008578521151
hdr_03718,boat,S2,True,3.5217747688293457,0.8539339207516311,2.8673577308654785,4.307008578521151
hdr_03719,person,S2,False,2.0782370567321777,0.6028847179127828,2.5146634578704834,3.725200562952806
hdr_03719,person,S2,True,1.7743000984191895,0.9154838918574348,2.414905548095703,3.725200562952806
hdr_03719,person,S2,False,2.03140926361084,0.3838280697028629,2.7749431133270264,3.725200562952806
hdr_03719,person,S2,True,1.4133144617080688,1.5578168606542862,2.342784881591797,3.725200562952806
hdr_03719,person,S2,True,1.6558842658996582,1.0125032603145911,2.2410030364990234,3.725200562952806
hdr_03719,person,S2,False,2.255188226699829,0.7732012845718591,3.005496025085449,3.725200562952806
hdr_03719,person,S2,False,2.1711652278900146,0.5676388846554751,2.3722429275512695,3.725200562952806
hdr_03719,person,S2,True,1.6010137796401978,0.36277189547122923,1.7809196710586548,3.725200562952806
hdr_03719,person,S2,True,2.512087345123291,0.42472963251284324,2.46622371673584,3.725200562952806
hdr_03719,person,S2,False,2.273869037628174,0.5926771514938596,1.7333604097366333,3.725200562952806
hdr_03719,person,S2,False,2.4418246746063232,0.5295458594031058,1.6722750663757324,3.725200562952806
hdr_03719,person,S2,False,3.3467485904693604,2.2372669488106616,3.760730028152466,3.725200562952806
hdr_03719,person,S2,True,1.1702619791030884,2.335620712745639,2.224083423614502,3.725200562952806
hdr_03719,boat,S2,True,5.427754878997803,1.7426406539001906,3.568362236022949,3.725200562952806
hdr_03726,person,S2,False,19.015159606933594,1.3805139032096712,2.008777618408203,3.6818841604861983
hdr_03726,person,S2,False,9.297933578491211,2.521016397643834,1.7870157957077026,3.6818841604861983
hdr_03726,car,S2,False,26.815208435058594,0.47670749516309574,2.125518798828125,3.6818841604861983
hdr_03726,car,S2,False,41.02232360839844,1.0795784153874448,2.561936378479004,3.6818841604861983
hdr_03726,car,S2,False,5.254467010498047,0.3841853968379477,1.7102488279342651,3.6818841604861983
hdr_03726,car,S2,False,5.665211200714111,0.46921576493686523,1.9687819480895996,3.6818841604861983
hdr_03726,car,S2,False,1.6550002098083496,0.8476246308120952,1.8916012048721313,3.6818841604861983
hdr_03726,car,S2,True,1.588759183883667,1.1730563340060227,1.6889283657073975,3.6818841604861983
hdr_03726,car,S2,True,1.4712638854980469,2.8198089453695445,1.4632052183151245,3.6818841604861983
hdr_03726,car,S2,True,6.854642868041992,2.3246326123660253,1.7211986780166626,3.6818841604861983
hdr_03726,car,S2,True,3.383636474609375,0.28059838356853933,1.6869035959243774,3.6818841604861983
hdr_03726,car,S2,True,3.352844715118408,0.2806595398295814,1.3631830215454102,3.6818841604861983
hdr_03726,car,S2,False,3.0458431243896484,0.32523484268985886,1.6851409673690796,3.6818841604861983
hdr_03726,car,S2,True,1.9839403629302979,0.3923031183162737,0.9948687553405762,3.6818841604861983
hdr_03726,car,S2,True,1.7526423931121826,0.3521413692719175,1.5671348571777344,3.6818841604861983
hdr_03726,car,S2,True,1.8985483646392822,0.6164152229494296,1.5723787546157837,3.6818841604861983
hdr_03726,car,S2,True,1.3558777570724487,0.6430192113613331,1.2812105417251587,3.6818841604861983
hdr_03726,car,S2,False,7.718109130859375,0.6433546883113354,2.08488130569458,3.6818841604861983
hdr_03726,car,S2,False,5.267839431762695,0.4277433039630316,1.5714452266693115,3.6818841604861983
hdr_03726,car,S2,False,5.429986953735352,0.5582670910128712,1.8643534183502197,3.6818841604861983
hdr_03726,car,S2,False,4.5247392654418945,0.8634581015190403,2.4489262104034424,3.6818841604861983
hdr_03726,car,S2,True,3.696469306945801,0.9400550388699664,2.085444450378418,3.6818841604861983
hdr_03726,car,S2,True,7.444815158843994,2.2599229342862297,2.1598236560821533,3.6818841604861983
hdr_03726,car,S2,True,3.1260595321655273,3.54150771627872,1.941267490386963,3.6818841604861983
hdr_03729,person,S2,False,39.035484313964844,0.722485374935163,2.4543254375457764,3.144636467588492
hdr_03729,person,S2,False,13.74682903289795,0.8605392931446161,2.0292489528656006,3.144636467588492
hdr_03731,person,S2,False,53.759788513183594,0.8753970730559991,3.2174081802368164,3.79812408976594
hdr_03731,person,S2,False,32.375205993652344,2.509036610327348,2.703876495361328,3.79812408976594
hdr_03731,person,S2,False,14.97513484954834,0.7406626372490677,2.9094409942626953,3.79812408976594
hdr_03731,person,S2,False,7.463717460632324,1.1721918189181422,1.7855955362319946,3.79812408976594
hdr_03731,bottle,S2,False,13.405426025390625,0.5696570330158373,2.952124834060669,3.79812408976594
hdr_03731,bottle,S2,True,9.978168487548828,0.8141757901049248,2.9273738861083984,3.79812408976594
hdr_03731,diningtable,S2,False,38.22290802001953,1.7509976915993655,2.8930816650390625,3.79812408976594
hdr_03731,diningtable,S2,True,23.150463104248047,0.6286605510868735,2.308258533477783,3.79812408976594
hdr_03731,chair,S2,False,13.488763809204102,0.23223612623000167,2.913400411605835,3.79812408976594
hdr_03731,chair,S2,False,5.8974432945251465,0.2171002775223114,1.9473332166671753,3.79812408976594
hdr_03731,chair,S2,True,15.715597152709961,0.2887650661798573,2.3176896572113037,3.79812408976594
hdr_03731,chair,S2,True,19.158592224121094,0.6665920619695024,2.3516175746917725,3.79812408976594
hdr_03731,diningtable,S2,True,10.630585670471191,0.1536663505576122,2.6036453247070312,3.79812408976594
hdr_03735,person,S2,False,26.423343658447266,0.7321262135219683,3.490001916885376,3.745571210542064
hdr_03736,person,S2,False,23.06511116027832,0.5262096882048353,2.568387031555176,2.8403690062889493
hdr_03738,person,S2,False,46.532649993896484,0.991809658357975,3.860283613204956,4.298740824995773
hdr_03741,person,S2,True,22.137102127075195,0.8540032897677243,1.7277336120605469,2.890893708631473
hdr_03757,person,S2,False,56.510536193847656,1.8364652041638858,2.59120512008667,3.491658264302729
hdr_03759,person,S2,False,39.86955261230469,0.17549322652347465,2.1297924518585205,2.553517276953311
hdr_03759,person,S2,False,19.823078155517578,0.1182347777141249,2.2346436977386475,2.553517276953311
hdr_03760,person,S2,False,29.908279418945312,2.9363625168883956,2.8948779106140137,3.740678425227455
hdr_03764,person,S2,False,38.79763412475586,20.319896892565254,3.4060518741607666,4.189851747804999
hdr_03767,person,S2,False,10.190866470336914,0.797152572939043,1.1957948207855225,2.8878079559785994
hdr_03769,aeroplane,S2,False,82.60523223876953,1.1036863436279947,2.7605395317077637,3.012444625106401
hdr_03778,person,S2,True,11.806050300598145,0.3200363220661308,1.9144748449325562,3.896356604332975
hdr_03778,person,S2,False,9.887261390686035,0.3500500452061242,1.9788199663162231,3.896356604332975
hdr_03778,person,S2,False,10.691060066223145,0.3566090691839819,2.0510551929473877,3.896356604332975
hdr_03779,car,S2,False,9.623872756958008,0.5693755506927837,2.6732006072998047,3.8168731352516487
hdr_03781,person,S2,False,53.15028381347656,0.4097818128088073,3.31072735786438,3.566178962023075
hdr_03781,bicycle,S2,False,24.590063095092773,0.5276608694211331,2.848262071609497,3.566178962023075
hdr_03804,person,S2,False,69.05233001708984,1.3594182476406451,2.2749316692352295,3.3602835106512363
hdr_03804,person,S2,False,15.591684341430664,1.0009517843762372,2.346921443939209,3.3602835106512363
hdr_03804,person,S2,False,13.994184494018555,0.7961763622561377,2.352365016937256,3.3602835106512363
hdr_03804,person,S2,True,19.288036346435547,0.6095189198649095,2.728224754333496,3.3602835106512363
hdr_03804,person,S2,False,13.52817440032959,0.6041537935540703,2.091243028640747,3.3602835106512363
hdr_03804,person,S2,False,11.603520393371582,0.5465111339798633,1.5741841793060303,3.3602835106512363
hdr_03804,diningtable,S2,False,44.33029556274414,1.1722191669720343,2.177856206893921,3.3602835106512363
hdr_03805,diningtable,S2,False,43.951385498046875,1.5801492137158284,2.3661653995513916,3.500785172917456
hdr_03805,person,S2,False,74.39615631103516,1.343213196003882,2.225158214569092,3.500785172917456
hdr_03805,person,S2,False,14.432844161987305,0.5634859271171523,1.95260751247406,3.500785172917456
hdr_03805,person,S2,True,10.717368125915527,0.6911427278471065,2.0387330055236816,3.500785172917456
hdr_03805,person,S2,False,10.916669845581055,0.7675201718673879,2.636367082595825,3.500785172917456
hdr_03805,person,S2,False,17.552001953125,0.7539812734481246,2.039193630218506,3.500785172917456
hdr_03805,person,S2,False,14.640739440917969,0.5715033586719457,1.8329596519470215,3.500785172917456
hdr_03805,person,S2,True,7.173122406005859,0.902673819069973,2.3100812435150146,3.500785172917456
hdr_03805,person,S2,False,9.488967895507812,0.6705850295013817,2.290311336517334,3.500785172917456
hdr_03805,person,S2,False,14.279601097106934,0.7710906002942239,2.6489455699920654,3.500785172917456
hdr_03805,person,S2,False,6.094278812408447,0.7482604547375349,2.6425607204437256,3.500785172917456
hdr_03805,person,S2,False,12.022147178649902,0.6244025149578248,2.7353832721710205,3.500785172917456
hdr_03823,chair,S2,False,22.740375518798828,0.0982689861218008,2.335811138153076,4.20659460178378
hdr_03823,chair,S2,False,19.898086547851562,0.18879212955117908,2.2744264602661133,4.20659460178378
hdr_03823,chair,S2,False,18.4853458404541,0.24703583613854135,2.2208526134490967,4.20659460178378
hdr_03823,chair,S2,False,17.705564498901367,0.22088885331259595,2.011472702026367,4.20659460178378
hdr_03824,car,S2,False,22.101764678955078,0.16157426731189978,1.7848397493362427,2.9462620491627867
hdr_03826,bottle,S2,False,31.160541534423828,0.8024940009614062,1.5750563144683838,2.289550177980551
hdr_03826,chair,S2,True,39.72478485107422,0.43179417325398967,1.6112860441207886,2.289550177980551
hdr_03826,diningtable,S2,False,78.75711059570312,0.9287299589208459,1.4142849445343018,2.289550177980551
hdr_03831,person,S2,False,3.9707698822021484,0.22587432498395169,1.5310641527175903,4.059925959125721
hdr_03833,bicycle,S2,False,4.485963344573975,0.7711028067646365,1.9887707233428955,3.048601564820895
hdr_03833,person,S2,True,3.9699647426605225,0.5695582714038545,2.070328950881958,3.048601564820895
hdr_03836,dog,S2,False,65.2112808227539,1.0990007390961642,2.3570027351379395,3.376448130887998
hdr_03843,chair,S2,False,32.21268081665039,1.5744522089972792,2.115177869796753,2.801922150841346
hdr_03843,chair,S2,False,24.445148468017578,2.792872310812247,1.8106275796890259,2.801922150841346
hdr_03843,chair,S2,False,30.698781967163086,2.5510051936007265,1.9938585758209229,2.801922150841346
hdr_03843,chair,S2,False,26.487937927246094,4.826956248716419,1.793839693069458,2.801922150841346
hdr_03843,chair,S2,False,20.47416877746582,1.309325090695303,1.8782644271850586,2.801922150841346
hdr_03843,chair,S2,False,17.86417007446289,4.735645048395343,1.7834711074829102,2.801922150841346
hdr_03843,chair,S2,False,10.581557273864746,0.9928046494565581,2.175997018814087,2.801922150841346
hdr_03843,chair,S2,False,7.203228950500488,1.2667359279476236,2.1767985820770264,2.801922150841346
hdr_03843,bicycle,S2,False,13.18064022064209,0.7509600381062385,1.3030149936676025,2.801922150841346
hdr_03843,bicycle,S2,True,7.3362603187561035,0.6746993421542301,1.2650787830352783,2.801922150841346
hdr_03843,bicycle,S2,True,5.67564058303833,0.6443139964669669,1.184003233909607,2.801922150841346
hdr_03843,bicycle,S2,True,4.7560272216796875,0.6356067165452585,1.1460809707641602,2.801922150841346
hdr_03846,person,S2,False,85.82401275634766,1.0479166457871032,1.8112611770629883,2.8843184956844974
hdr_03853,person,S2,False,21.52050018310547,1.378344924985345,2.4696247577667236,3.494370071314802
hdr_03855,person,S2,False,65.13813781738281,0.4143199709985031,3.2379703521728516,3.400449720885598
hdr_03866,person,S2,False,62.4307975769043,1.4175944221385899,3.779585599899292,4.602220316616895
hdr_03869,person,S2,True,3.9297640323638916,0.10543356054927805,1.259217381477356,3.8342086975841294
hdr_03870,person,S2,True,58.90118408203125,1.6450837600039767,2.76731276512146,3.4556646152399875
hdr_03870,sofa,S2,False,79.71900939941406,0.6572042613212705,2.617335796356201,3.4556646152399875
hdr_03873,person,S2,False,18.1512393951416,0.07599554831049962,2.332244634628296,3.742319485951125
hdr_03874,person,S2,False,31.413707733154297,0.6249651721788513,3.1453561782836914,3.521552533946572
hdr_03874,person,S2,False,27.303255081176758,0.43068083632446585,3.018549680709839,3.521552533946572
hdr_03874,car,S2,False,14.173343658447266,1.781119514618169,3.410099983215332,3.521552533946572
hdr_03874,car,S2,False,18.71122169494629,0.13110550260542553,3.7384543418884277,3.521552533946572
hdr_03874,car,S2,False,6.412326335906982,0.9405766002717711,3.3285930156707764,3.521552533946572
hdr_03874,car,S2,True,2.892092704772949,1.2555536101034939,3.0834760665893555,3.521552533946572
hdr_03874,car,S2,False,2.4838249683380127,0.9011209610194846,2.9631309509277344,3.521552533946572
hdr_03874,car,S2,True,2.4839000701904297,1.3979994937595397,3.114582061767578,3.521552533946572
hdr_03874,car,S2,True,2.264025926589966,0.9406041960863425,3.023452043533325,3.521552533946572
hdr_03874,car,S2,False,3.155454158782959,0.6288682195180438,2.8588545322418213,3.521552533946572
hdr_03874,car,S2,True,2.1034772396087646,0.5431693697877216,3.0061798095703125,3.521552533946572
hdr_03875,person,S2,False,63.80437469482422,0.6644280572232519,3.4970521926879883,4.250224769901964
hdr_03875,diningtable,S2,True,28.607685089111328,1.015351010981164,1.5599522590637207,4.250224769901964
hdr_03875,person,S2,False,27.987319946289062,0.4497902211748056,3.505920171737671,4.250224769901964
hdr_03875,person,S2,False,21.011837005615234,0.596292040945999,3.6495261192321777,4.250224769901964
hdr_03875,person,S2,False,19.203386306762695,0.41268713683384456,1.6883882284164429,4.250224769901964
hdr_03875,person,S2,False,7.436099529266357,0.5791512101814061,3.1858773231506348,4.250224769901964
hdr_03875,person,S2,False,7.920516490936279,0.560286112860991,3.4911680221557617,4.250224769901964
hdr_03875,person,S2,False,3.2822635173797607,3.832665339004927,3.4042587280273438,4.250224769901964
hdr_03875,person,S2,False,3.211392402648926,4.706930764745738,3.1899023056030273,4.250224769901964
hdr_03875,person,S2,False,4.393654823303223,0.8367232664761219,3.4295926094055176,4.250224769901964
hdr_03875,car,S2,True,11.606335639953613,24.527200553451074,3.129392623901367,4.250224769901964
hdr_03875,car,S2,False,5.942512512207031,59.54574527689633,2.209996461868286,4.250224769901964
hdr_03875,car,S2,True,4.612603187561035,37.62150220637805,2.073434591293335,4.250224769901964
hdr_03875,car,S2,True,5.837179183959961,42.08164626883604,2.398848056793213,4.250224769901964
hdr_03875,car,S2,True,4.874922275543213,24.565266458788305,2.2128214836120605,4.250224769901964
hdr_03875,car,S2,True,6.283892631530762,13.630049361622872,3.635416269302368,4.250224769901964
hdr_03875,car,S2,True,3.2290871143341064,16.386435554507234,2.939276933670044,4.250224769901964
hdr_03875,car,S2,True,2.9249165058135986,18.377790855379978,1.6952743530273438,4.250224769901964
hdr_03875,car,S2,True,2.206883192062378,21.493996377961132,1.6432863473892212,4.250224769901964
hdr_03888,dog,S2,False,65.97270965576172,1.201591593661616,2.285090208053589,3.005392622145068
hdr_03890,bird,S2,False,11.838749885559082,5.3014925347077115,2.3630247116088867,3.587791756477037
hdr_03900,bottle,S2,True,60.05644989013672,1.6604497193668033,2.7096986770629883,3.777455822721993
hdr_03900,person,S2,False,59.59754180908203,0.48025348058850814,2.774766206741333,3.777455822721993
hdr_03901,bus,S2,True,21.35396957397461,0.8495194661538219,2.8125157356262207,4.014060105513119
hdr_03901,car,S2,False,6.2285027503967285,0.9728608400223053,1.817826509475708,4.014060105513119
hdr_03901,car,S2,False,3.4292829036712646,1.4632988345577382,1.9947360754013062,4.014060105513119
hdr_03901,car,S2,False,4.620859622955322,0.6187691800476479,1.3816384077072144,4.014060105513119
hdr_03901,person,S2,True,4.214948654174805,0.4569041185925277,1.139514684677124,4.014060105513119
hdr_03901,bicycle,S2,True,6.49434757232666,0.9289197001412915,1.0703285932540894,4.014060105513119
hdr_03906,person,S2,False,67.79415893554688,1.4350104804486563,2.7581303119659424,3.111140263276301
hdr_03906,bottle,S2,False,13.37890338897705,0.4928842943600511,2.191105365753174,3.111140263276301
hdr_03906,person,S2,False,28.275978088378906,0.6676589571423576,3.056161642074585,3.111140263276301
hdr_03906,person,S2,False,22.695846557617188,0.07930131868080433,3.045929193496704,3.111140263276301
hdr_03906,person,S2,False,15.71630859375,0.05947522109713076,2.9704086780548096,3.111140263276301
hdr_03907,person,S2,False,50.082481384277344,1.0097147078678226,2.9410130977630615,4.438074489775356
hdr_03907,person,S2,False,25.097450256347656,3.0106268051640424,2.544332981109619,4.438074489775356
hdr_03907,person,S2,False,16.5779972076416,1.1006824711201135,2.3630902767181396,4.438074489775356
hdr_03907,person,S2,False,19.687211990356445,1.4193232462595158,2.2975242137908936,4.438074489775356
hdr_03907,person,S2,False,33.61454772949219,0.12051912693495513,2.528576135635376,4.438074489775356
hdr_03907,person,S2,False,11.298626899719238,1.1412595285096807,3.0340192317962646,4.438074489775356
hdr_03907,person,S2,False,9.876998901367188,1.7226380851232395,2.0124547481536865,4.438074489775356
hdr_03907,diningtable,S2,False,72.42413330078125,1.345056273838388,2.695221185684204,4.438074489775356
hdr_03907,chair,S2,False,23.41796112060547,0.10735543992607567,2.9780707359313965,4.438074489775356
hdr_03907,chair,S2,False,18.099672317504883,0.09153916464373897,2.1232385635375977,4.438074489775356
hdr_03907,chair,S2,False,18.49176788330078,0.08063186993728041,2.6800315380096436,4.438074489775356
hdr_03907,diningtable,S2,True,32.45227813720703,0.7640939249373041,3.533097505569458,4.438074489775356
hdr_03915,person,S2,False,17.94814682006836,1.6914047359056248,2.4655439853668213,3.0595179793099936
hdr_03921,car,S2,False,16.94633674621582,2.6718739081415963,2.736969232559204,3.4148705442108627
hdr_03921,car,S2,False,3.3025107383728027,3.3825054523069475,2.4167494773864746,3.4148705442108627
hdr_03921,person,S2,True,1.7060575485229492,20.685191546748275,1.7354055643081665,3.4148705442108627
hdr_03925,person,S2,False,3.4714949131011963,1.649042869174125,2.339658737182617,3.067924945858528
hdr_03925,person,S2,False,4.449529647827148,1.3595152114207862,2.4420828819274902,3.067924945858528
hdr_03925,person,S2,False,2.3737220764160156,1.153497488157334,1.7132951021194458,3.067924945858528
hdr_03925,person,S2,True,1.7561558485031128,0.9243485306849213,1.5887296199798584,3.067924945858528
hdr_03925,person,S2,True,2.791827917098999,0.5463894592912658,1.916438341140747,3.067924945858528
hdr_03935,person,S2,False,41.137481689453125,0.6715528173115916,2.5621871948242188,3.430644074913469
hdr_03936,person,S2,False,22.754772186279297,0.7765716467766273,2.25854229927063,2.9766475649370507
hdr_03936,person,S2,False,29.435401916503906,1.1099468596586117,2.365802764892578,2.9766475649370507
hdr_03939,chair,S2,True,49.2063102722168,1.36179123421495,2.9219796657562256,4.056599976292781
hdr_03939,person,S2,False,57.273685455322266,1.1942017039929853,3.1734726428985596,4.056599976292781
hdr_03945,person,S2,False,55.93418884277344,0.44719186559174023,2.1494226455688477,2.637161024140165
hdr_03948,person,S2,False,41.35771560668945,1.1351536887752207,2.6079156398773193,2.718773501720574
hdr_03948,person,S2,False,33.02509307861328,0.168663297045236,2.5359737873077393,2.718773501720574
hdr_03952,person,S2,False,13.332168579101562,0.5661258399032926,1.945709228515625,2.774419915267524
hdr_03952,car,S2,False,12.671867370605469,0.23892339618729128,2.0401229858398438,2.774419915267524
hdr_03958,person,S2,False,50.889251708984375,0.6205732374895641,2.8016884326934814,3.788451207023456
hdr_03958,sofa,S2,False,70.17535400390625,0.7544423110203481,2.927748680114746,3.788451207023456
hdr_03962,person,S2,False,72.42552185058594,0.1945919562877185,2.3870439529418945,3.4640304711707173
hdr_03962,sofa,S2,True,25.137874603271484,0.22110407843774182,1.6748642921447754,3.4640304711707173
hdr_03962,tv/monitor,S2,True,22.813554763793945,4.471934944546684,2.5475361347198486,3.4640304711707173
hdr_03966,person,S2,False,86.52440643310547,1.2893522959675454,2.6821320056915283,2.9942725112056614
hdr_03975,person,S2,False,38.11518096923828,0.26403954449614164,2.3244316577911377,2.98852018231657
hdr_03978,person,S2,False,9.054536819458008,0.931334421013226,1.7738431692123413,2.5524838571155364
hdr_03979,person,S2,False,4.777730464935303,6.634471965495995,1.3017358779907227,2.81011026761232
hdr_03979,car,S2,False,20.257715225219727,1.4275003080714725,2.4877657890319824,2.81011026761232
hdr_03979,car,S2,False,18.12596321105957,1.4716592729513247,2.5422561168670654,2.81011026761232
hdr_03979,car,S2,False,12.240729331970215,2.7903062230437463,2.319899797439575,2.81011026761232
hdr_03979,car,S2,True,10.773893356323242,1.1363678373382624,2.3098294734954834,2.81011026761232
hdr_03979,car,S2,True,9.401796340942383,1.090779112754159,2.271987199783325,2.81011026761232
hdr_03979,car,S2,True,8.750415802001953,0.942839494762785,2.1777141094207764,2.81011026761232
hdr_03979,car,S2,False,6.938756942749023,0.7994306839186691,1.8074264526367188,2.81011026761232
hdr_03979,car,S2,False,7.25877046585083,1.1072170363524338,2.0914645195007324,2.81011026761232
hdr_03979,car,S2,False,7.892254829406738,1.1786066697473814,2.3271405696868896,2.81011026761232
hdr_03979,car,S2,False,4.601404666900635,1.3993142329020332,1.5736037492752075,2.81011026761232
hdr_03979,car,S2,False,3.898571491241455,0.5553895178681454,1.455597996711731,2.81011026761232
hdr_03979,car,S2,False,7.368712902069092,0.520905691620456,1.4690889120101929,2.81011026761232
hdr_03979,car,S2,True,5.1219635009765625,0.5335310382008626,1.3581465482711792,2.81011026761232
hdr_03979,car,S2,False,6.42527961730957,0.1755962338262477,1.6269811391830444,2.81011026761232
hdr_03979,car,S2,False,6.677491188049316,0.598762168823167,1.445574402809143,2.81011026761232
hdr_03981,person,S2,True,8.297737121582031,0.29494788883474027,1.1669998168945312,2.5823705236020027
hdr_03982,car,S2,False,9.751152992248535,0.8365330949080357,2.27897310256958,2.8485345520755336
hdr_03982,car,S2,False,12.174357414245605,0.7077880203080804,1.9024580717086792,2.8485345520755336
hdr_03982,car,S2,False,3.5585954189300537,0.9598296745021663,1.4957648515701294,2.8485345520755336
hdr_03982,car,S2,False,3.4385006427764893,1.3046157688406728,1.5829219818115234,2.8485345520755336
hdr_03982,car,S2,True,2.5918116569519043,1.6214623649742808,1.4551676511764526,2.8485345520755336
hdr_03982,car,S2,True,2.502027750015259,1.5909610658276445,1.3958966732025146,2.8485345520755336
hdr_03982,car,S2,True,2.3909761905670166,1.123351088785055,1.1002379655838013,2.8485345520755336
hdr_03982,car,S2,False,3.2339699268341064,2.304110314023387,2.0452051162719727,2.8485345520755336
hdr_03986,person,S2,False,86.1552505493164,0.6639857025002511,3.257136106491089,3.647555698278895
hdr_03988,person,S2,False,6.203958988189697,24.06992137520772,2.2719907760620117,3.885361220031512
hdr_03988,person,S2,True,4.3578619956970215,19.661465068537225,2.2165403366088867,3.885361220031512
hdr_03988,person,S2,False,5.8227128982543945,58.311422505603005,2.2228193283081055,3.885361220031512
hdr_03988,person,S2,False,4.183623790740967,39.74842846778387,2.7788925170898438,3.885361220031512
hdr_03988,person,S2,True,4.134642124176025,50.701915074018856,2.2342734336853027,3.885361220031512
hdr_04000,person,S2,False,9.276654243469238,0.7325505519416284,2.4496631622314453,3.4896772916636984
hdr_04007,bottle,S2,False,16.02083969116211,0.525023338372335,1.95098078250885,3.1011073706610146
hdr_04007,bottle,S2,True,9.519811630249023,0.7728123459836211,2.4098055362701416,3.1011073706610146
hdr_04016,person,S2,False,7.633601188659668,0.04596055717537725,2.234766721725464,3.470761298121451
hdr_04042,person,S2,False,2.6104793548583984,1.1458073947692184,2.2796239852905273,4.116288281369899
hdr_04042,person,S2,True,2.307729721069336,0.08514797425143118,1.1203521490097046,4.116288281369899
hdr_04042,person,S2,True,2.4402809143066406,0.1650522250880903,2.249316453933716,4.116288281369899
hdr_04042,person,S2,True,1.6165378093719482,0.12377986492244297,1.0997661352157593,4.116288281369899
hdr_04042,person,S2,True,1.233256459236145,0.8234701691246229,1.599571943283081,4.116288281369899
hdr_04042,person,S2,True,1.4724172353744507,1.556365579994935,1.4016684293746948,4.116288281369899
hdr_04042,person,S2,False,1.2468880414962769,1.6855461391318656,1.3955034017562866,4.116288281369899
hdr_04042,person,S2,True,1.7168186902999878,0.9421537471013907,1.1243209838867188,4.116288281369899
hdr_04042,person,S2,True,1.5515806674957275,5.461545711440805,2.360568046569824,4.116288281369899
hdr_04042,person,S2,True,1.5118176937103271,8.00141764838587,2.0950095653533936,4.116288281369899
hdr_04042,person,S2,True,1.3244993686676025,8.464922304710985,1.8462870121002197,4.116288281369899
hdr_04042,person,S2,True,1.2360835075378418,9.170131402086975,1.8977941274642944,4.116288281369899
hdr_04042,person,S2,False,1.463201880455017,5.917412303169361,1.5004159212112427,4.116288281369899
hdr_04042,person,S2,True,0.996873140335083,3.047355954411267,1.2020659446716309,4.116288281369899
hdr_04044,person,S2,False,10.724608421325684,0.5950895340195778,2.747637987136841,3.0665921187396044
hdr_04044,person,S2,False,4.3179192543029785,0.9855281833322687,2.426384210586548,3.0665921187396044
hdr_04044,person,S2,False,2.1590816974639893,0.3606277001983326,1.5123039484024048,3.0665921187396044
hdr_04044,person,S2,False,1.960106611251831,0.32372240111022654,1.5826504230499268,3.0665921187396044
hdr_04044,person,S2,False,1.3952984809875488,3.2527298002184306,1.5491746664047241,3.0665921187396044
hdr_04046,person,S2,False,58.785545349121094,0.14953455083982573,3.0083460807800293,3.505149978319906
hdr_04046,person,S2,False,56.553382873535156,0.21050910949083104,3.228011131286621,3.505149978319906
hdr_04050,person,S2,False,36.13020706176758,0.21440133504335826,3.121555805206299,3.2973192378609784
hdr_04052,person,S2,False,11.931042671203613,2.165847790739037,2.580687999725342,2.925624400048767
hdr_04052,person,S2,False,5.876842021942139,5.020758132006298,2.1461596488952637,2.925624400048767
hdr_04052,person,S2,False,3.707467794418335,4.658653152583569,2.1494033336639404,2.925624400048767
hdr_04052,person,S2,False,5.030248165130615,0.5476424874128446,2.96282696723938,2.925624400048767
hdr_04052,person,S2,False,4.682003974914551,1.131281112073077,2.2406961917877197,2.925624400048767
hdr_04052,person,S2,False,5.402710914611816,2.4895084285192284,2.779280662536621,2.925624400048767
hdr_04052,person,S2,False,4.641825199127197,1.6801339531655768,2.5450081825256348,2.925624400048767
hdr_04052,person,S2,True,4.189068794250488,1.1533229877349664,2.52219820022583,2.925624400048767
hdr_04052,person,S2,False,4.067800998687744,0.4031253769950116,2.3078768253326416,2.925624400048767
hdr_04052,person,S2,False,7.344192981719971,0.7191392730674473,2.4835331439971924,2.925624400048767
hdr_04052,person,S2,True,3.0908396244049072,0.48577861052055954,2.5742831230163574,2.925624400048767
hdr_04052,person,S2,True,2.1288905143737793,2.8808292021618866,2.036161422729492,2.925624400048767
hdr_04052,person,S2,True,1.8063244819641113,2.3670602551066544,1.9314391613006592,2.925624400048767
hdr_04052,person,S2,True,1.6689465045928955,7.4483474959204665,1.729358434677124,2.925624400048767
hdr_04052,person,S2,True,2.023528814315796,9.202108441725551,1.6760565042495728,2.925624400048767
hdr_04052,person,S2,True,1.569290280342102,4.727510377710516,1.6457854509353638,2.925624400048767
hdr_04052,person,S2,False,2.634075164794922,4.798024396067304,1.8466911315917969,2.925624400048767
hdr_04052,person,S2,True,2.135719060897827,5.927513553424514,1.7219603061676025,2.925624400048767
hdr_04052,person,S2,True,1.8820215463638306,5.427747568690791,1.4170162677764893,2.925624400048767
hdr_04052,person,S2,False,1.916468858718872,6.890576707725679,1.9703272581100464,2.925624400048767
hdr_04052,person,S2,True,2.1756749153137207,1.2867864349763845,2.092268228530884,2.925624400048767
hdr_04052,person,S2,False,1.43845796585083,1.5714875489742541,1.9082189798355103,2.925624400048767
hdr_04052,person,S2,False,1.892927646636963,3.8308393973656676,1.6487830877304077,2.925624400048767
hdr_04052,person,S2,True,1.2164990901947021,3.7730619285530187,1.5027275085449219,2.925624400048767
hdr_04052,person,S2,False,1.424984097480774,3.2801167578361228,1.5382004976272583,2.925624400048767
hdr_04052,person,S2,True,1.0632574558258057,2.455039538607484,1.4289610385894775,2.925624400048767
hdr_04052,person,S2,True,1.6287643909454346,8.987281459077924,1.810220718383789,2.925624400048767
hdr_04052,person,S2,True,0.9839178323745728,3.660585109812898,1.6372344493865967,2.925624400048767
hdr_04052,person,S2,True,0.962209165096283,2.9512037989285065,1.7286498546600342,2.925624400048767
hdr_04052,person,S2,True,1.2293992042541504,3.369168813016864,2.0116119384765625,2.925624400048767
hdr_04052,person,S2,True,1.2282922267913818,2.9779711951121888,2.0152878761291504,2.925624400048767
hdr_04052,person,S2,True,1.4329800605773926,2.7386697205158677,1.5923216342926025,2.925624400048767
hdr_04052,person,S2,False,1.4617855548858643,3.0865649289250032,1.4102613925933838,2.925624400048767
hdr_04052,person,S2,True,1.530336618423462,7.005599519615165,1.3792370557785034,2.925624400048767
hdr_04052,person,S2,True,1.6416079998016357,1.6257595329996382,1.980208396911621,2.925624400048767
hdr_04052,person,S2,True,2.1571223735809326,0.41446882407377106,1.758846402168274,2.925624400048767
hdr_04052,person,S2,False,1.9630839824676514,0.7364695703665607,1.7198344469070435,2.925624400048767
hdr_04052,person,S2,True,1.9164683818817139,1.603860467647123,2.3142871856689453,2.925624400048767
hdr_04052,person,S2,True,1.960947036743164,0.559517672945221,1.691884994506836,2.925624400048767
hdr_04052,person,S2,True,1.355453372001648,7.8620733191032945,1.507125973701477,2.925624400048767
hdr_04052,person,S2,True,1.2180181741714478,3.1632202746876423,1.6535388231277466,2.925624400048767
hdr_04052,person,S2,True,1.1560418605804443,4.439140055377481,1.5633289813995361,2.925624400048767
hdr_04052,person,S2,True,1.0831282138824463,4.944255956351747,1.3084639310836792,2.925624400048767
hdr_04052,person,S2,True,1.3977004289627075,2.4299684384375255,1.3986170291900635,2.925624400048767
hdr_04052,person,S2,True,0.982914388179779,2.6166802828631694,1.2801861763000488,2.925624400048767
hdr_04052,car,S2,True,1.884708046913147,1.2516445454304284,2.089038848876953,2.925624400048767
hdr_04052,car,S2,True,1.478398084640503,1.741462412423393,1.8034539222717285,2.925624400048767
hdr_04058,person,S2,False,15.478870391845703,0.8251012581802293,1.6079388856887817,2.9342772298370168
hdr_04066,person,S2,False,16.46306800842285,1.4628316886446087,2.151451587677002,2.323802443520901
hdr_04069,person,S2,False,45.24446105957031,0.2070061311349862,3.8074049949645996,4.40274565476843
hdr_04075,bird,S2,False,24.87652587890625,0.8982904056479365,2.080627679824829,2.939313189207459
hdr_04075,bird,S2,False,20.115825653076172,1.0512542097856807,2.3454272747039795,2.939313189207459
hdr_04077,person,S2,False,3.4141273498535156,0.46251277897329585,2.103419780731201,2.860956233429878
hdr_04077,person,S2,False,3.4597105979919434,1.4895106206616398,2.380770206451416,2.860956233429878
hdr_04077,person,S2,False,4.215331554412842,1.826041254283101,1.9936304092407227,2.860956233429878
hdr_04077,person,S2,True,3.9764657020568848,1.2698188112866036,2.2770237922668457,2.860956233429878
hdr_04077,person,S2,True,2.41690993309021,3.0744197137280334,2.2189602851867676,2.860956233429878
hdr_04077,bicycle,S2,True,4.455774307250977,0.6552223755054017,2.044037103652954,2.860956233429878
hdr_04077,bicycle,S2,True,4.3258538246154785,1.3297371253717911,2.099761724472046,2.860956233429878
hdr_04077,bicycle,S2,True,2.4328105449676514,1.2189815580899943,2.2087197303771973,2.860956233429878
hdr_04077,bird,S2,True,5.833376407623291,0.3991150373605955,2.12286376953125,2.860956233429878
hdr_04077,bird,S2,False,6.931081295013428,1.4815092897219226,2.514662504196167,2.860956233429878
hdr_04077,bird,S2,False,5.837069988250732,1.2956196747898814,1.9770708084106445,2.860956233429878
hdr_04077,bird,S2,False,6.730759143829346,1.418954357519854,1.9142818450927734,2.860956233429878
hdr_04077,bird,S2,False,5.295335292816162,1.0280195854311602,2.0798699855804443,2.860956233429878
hdr_04077,bird,S2,True,5.4474687576293945,0.865134993035914,2.2035210132598877,2.860956233429878
hdr_04077,bird,S2,True,2.433587074279785,0.44047770172023193,1.9277842044830322,2.860956233429878
hdr_04077,bird,S2,True,3.4472789764404297,0.8198371767747447,2.05834698677063,2.860956233429878
hdr_04077,bird,S2,True,2.7356977462768555,0.7781257658931643,2.1216230392456055,2.860956233429878
hdr_04077,bird,S2,True,2.394164562225342,1.0492075154716,1.9488391876220703,2.860956233429878
hdr_04077,bird,S2,False,4.271816253662109,1.5654535408010466,2.352485179901123,2.860956233429878
hdr_04077,bird,S2,True,4.212705135345459,1.4978991642203803,2.173570156097412,2.860956233429878
hdr_04077,bird,S2,True,4.527332782745361,1.4154742920802836,2.5365328788757324,2.860956233429878
hdr_04077,bird,S2,True,3.2187211513519287,0.8357241214069125,2.2438724040985107,2.860956233429878
hdr_04077,bird,S2,True,3.3784680366516113,1.0876933878246318,2.1212387084960938,2.860956233429878
hdr_04077,bird,S2,True,3.6821346282958984,0.8363677746731307,2.044438123703003,2.860956233429878
hdr_04077,bird,S2,True,2.4740326404571533,0.6579395619151702,1.8804494142532349,2.860956233429878
hdr_04077,bird,S2,True,3.0888748168945312,0.9565326723883976,1.7888373136520386,2.860956233429878
hdr_04077,bird,S2,True,2.5930075645446777,0.9189956304299872,1.6587727069854736,2.860956233429878
hdr_04077,bird,S2,True,2.6870527267456055,1.465454319053757,1.6652990579605103,2.860956233429878
hdr_04077,bird,S2,True,1.9522819519042969,1.4137858664459662,1.4673099517822266,2.860956233429878
hdr_04077,bird,S2,True,3.436224937438965,1.0093246795034134,2.1496334075927734,2.860956233429878
hdr_04077,bird,S2,True,3.6105458736419678,1.3997394256826712,1.8870919942855835,2.860956233429878
hdr_04077,bird,S2,True,2.7445077896118164,1.140897549920127,2.078827381134033,2.860956233429878
hdr_04077,bird,S2,True,2.9076507091522217,1.5883302154318326,2.145249366760254,2.860956233429878
hdr_04077,bird,S2,True,2.861633539199829,1.6122076464987367,1.997380018234253,2.860956233429878
hdr_04077,bird,S2,True,2.124525308609009,1.6294920012844998,1.6520906686782837,2.860956233429878
hdr_04077,bird,S2,True,2.584338665008545,0.7108202388062063,2.2632241249084473,2.860956233429878
hdr_04077,bird,S2,True,2.39361834526062,0.6172647581273505,2.0830490589141846,2.860956233429878
hdr_04077,bird,S2,True,2.681304931640625,0.7712324881976701,2.0932557582855225,2.860956233429878
hdr_04077,bird,S2,True,1.823815941810608,0.6857681564762554,1.9254701137542725,2.860956233429878
hdr_04077,bird,S2,True,1.8719514608383179,1.4988550116476362,1.6022498607635498,2.860956233429878
hdr_04077,bird,S2,True,3.2645821571350098,1.682474935478385,2.018450975418091,2.860956233429878
hdr_04077,bird,S2,False,3.8596842288970947,1.12626512314063,2.055938482284546,2.860956233429878
hdr_04077,bird,S2,True,3.2376303672790527,1.021724541663376,2.051633596420288,2.860956233429878
hdr_04077,bird,S2,True,2.9945755004882812,1.0119646147629946,2.026848316192627,2.860956233429878
hdr_04077,bird,S2,True,3.197187662124634,1.2588579511463982,1.9662820100784302,2.860956233429878
hdr_04077,bird,S2,True,3.3046908378601074,0.6834315484001102,2.125382661819458,2.860956233429878
hdr_04077,bird,S2,True,2.6932201385498047,1.6689307866693222,2.0739994049072266,2.860956233429878
hdr_04077,bird,S2,True,2.5188212394714355,1.1966917625522913,1.5424208641052246,2.860956233429878
hdr_04077,bird,S2,True,2.34786057472229,1.5963102401088227,1.893715739250183,2.860956233429878
hdr_04077,bird,S2,True,2.180250406265259,1.6150117803219695,1.588124394416809,2.860956233429878
hdr_04077,bird,S2,True,2.1163554191589355,1.1616118302577254,2.1064376831054688,2.860956233429878
hdr_04077,bird,S2,True,2.303903102874756,1.249774848939235,2.146524429321289,2.860956233429878
hdr_04077,bird,S2,True,2.8432106971740723,1.210311312566574,1.967668056488037,2.860956233429878
hdr_04077,bird,S2,True,2.289419174194336,1.3905001626037836,2.0316572189331055,2.860956233429878
hdr_04077,bird,S2,True,2.277007818222046,1.017319567531348,2.041829824447632,2.860956233429878
hdr_04077,bird,S2,True,1.5445635318756104,1.4634312447539708,1.5847718715667725,2.860956233429878
hdr_04077,bird,S2,True,2.810957670211792,1.5082779933991413,1.9740078449249268,2.860956233429878
hdr_04077,bird,S2,True,2.241694927215576,0.7832794574073136,1.6013587713241577,2.860956233429878
hdr_04077,bird,S2,True,3.5698049068450928,1.0388340447541238,1.8202106952667236,2.860956233429878
hdr_04077,bird,S2,False,5.87185001373291,0.9439632532034987,2.1530189514160156,2.860956233429878
hdr_04077,bird,S2,True,4.842212200164795,0.8864610310368457,2.030189037322998,2.860956233429878
hdr_04077,bird,S2,False,4.804308891296387,0.5747187031094768,2.1714651584625244,2.860956233429878
hdr_04077,bird,S2,True,4.991889476776123,0.3832151112180535,2.2121989727020264,2.860956233429878
hdr_04077,bird,S2,True,3.2773215770721436,0.7620410047319041,1.7792081832885742,2.860956233429878
hdr_04077,bird,S2,True,3.5003581047058105,0.6597572285323774,1.972497820854187,2.860956233429878
hdr_04077,bird,S2,True,2.5188212394714355,0.5676817676185888,2.090974807739258,2.860956233429878
hdr_04077,person,S2,True,3.6741654872894287,0.47137714113587387,1.9123482704162598,2.860956233429878
hdr_04077,person,S2,True,3.833446979522705,0.3924606258351066,1.8790050745010376,2.860956233429878
hdr_04077,person,S2,True,2.6918063163757324,0.3527581595012344,1.7050104141235352,2.860956233429878
hdr_04084,bird,S2,False,53.48061752319336,0.9938669244958134,1.62924063205719,1.8418955262504213
hdr_04087,person,S2,False,74.64892578125,1.2289640225948557,2.919398069381714,3.309236962797949
hdr_04087,diningtable,S2,False,46.44096755981445,0.5444036816223498,2.1493895053863525,3.309236962797949
hdr_04087,car,S2,False,13.350314140319824,2.589754659489637,2.397751808166504,3.309236962797949
hdr_04087,person,S2,False,4.513605117797852,3.8674527779557453,2.1279807090759277,3.309236962797949
hdr_04087,car,S2,False,5.062354564666748,2.8515647307498795,1.8506298065185547,3.309236962797949
hdr_04087,car,S2,True,3.8229281902313232,5.557361987825468,2.3378522396087646,3.309236962797949
hdr_04090,person,S2,False,30.132415771484375,1.868456502159042,2.043783664703369,2.8728240138762704
hdr_04090,person,S2,True,9.094680786132812,1.2633254907308284,2.2327828407287598,2.8728240138762704
hdr_04090,person,S2,True,4.641706943511963,1.4742641755537567,1.5498449802398682,2.8728240138762704
hdr_04090,person,S2,True,3.0330657958984375,2.858313431880649,1.631899356842041,2.8728240138762704
hdr_04090,person,S2,False,4.641821384429932,1.4103025059676921,2.227030038833618,2.8728240138762704
hdr_04090,pottedplant,S2,False,7.536370277404785,1.6531897872537737,1.2319715023040771,2.8728240138762704
hdr_04090,pottedplant,S2,True,5.638474464416504,1.3704568905280288,1.1379306316375732,2.8728240138762704
hdr_04090,pottedplant,S2,False,8.275572776794434,0.8588764365862791,1.1640468835830688,2.8728240138762704
hdr_04090,pottedplant,S2,False,6.244143009185791,1.1568554568414846,1.2464808225631714,2.8728240138762704
hdr_04090,pottedplant,S2,True,7.109893798828125,1.0786042504248772,1.5791348218917847,2.8728240138762704
hdr_04090,pottedplant,S2,True,7.36868953704834,1.1795586490328946,1.4308794736862183,2.8728240138762704
hdr_04090,pottedplant,S2,True,9.494268417358398,1.0526105536356982,1.7132549285888672,2.8728240138762704
hdr_04090,pottedplant,S2,True,5.394081115722656,1.6416480536039744,1.6118879318237305,2.8728240138762704
hdr_04090,pottedplant,S2,False,10.67012882232666,1.5512716683589503,1.8424203395843506,2.8728240138762704
hdr_04090,pottedplant,S2,True,6.823439121246338,1.2588184350293736,1.3986233472824097,2.8728240138762704
hdr_04090,pottedplant,S2,True,9.189903259277344,0.9471641896082967,2.238062620162964,2.8728240138762704
hdr_04090,pottedplant,S2,False,12.857690811157227,1.6422784158413941,1.408051609992981,2.8728240138762704
hdr_04090,pottedplant,S2,False,13.478939056396484,1.5339013818514253,1.6377960443496704,2.8728240138762704
hdr_04090,pottedplant,S2,True,13.28274917602539,1.1301665096019808,1.520691156387329,2.8728240138762704
hdr_04093,bird,S2,True,7.7981367111206055,0.26436893698859626,1.880785584449768,2.9440354836961355
hdr_04093,boat,S2,True,40.6334342956543,2.33344392786018,2.666904926300049,2.9440354836961355
hdr_04097,sofa,S2,False,59.8492431640625,0.7867917465997986,2.1135730743408203,3.669761419692157
hdr_04097,person,S2,False,32.20297622680664,1.169972775915093,3.0496628284454346,3.669761419692157
hdr_04097,chair,S2,False,5.8156232833862305,3.111751071275103,1.996451497077942,3.669761419692157
hdr_04097,chair,S2,False,5.740543365478516,6.377718485293143,2.1823532581329346,3.669761419692157
hdr_04097,chair,S2,True,6.027575492858887,10.015975647889436,2.1752591133117676,3.669761419692157
hdr_04097,chair,S2,False,7.392104148864746,0.8883462821455183,1.798418641090393,3.669761419692157
hdr_04097,tv/monitor,S2,True,7.380186080932617,1.7481979445932139,2.9137802124023438,3.669761419692157
hdr_04097,pottedplant,S2,True,4.535242080688477,2.8012651488703324,2.361447334289551,3.669761419692157
hdr_04098,bicycle,S2,False,25.89772605895996,0.5796586038425801,2.096773147583008,3.093981703914113
hdr_04098,bicycle,S2,False,17.61284828186035,0.2437458519060893,1.7840955257415771,3.093981703914113
hdr_04098,bicycle,S2,True,9.84536361694336,0.393797823508506,1.063188076019287,3.093981703914113
hdr_04100,person,S2,False,90.55264282226562,0.338575394694341,2.9723706245422363,3.4496326504700745
hdr_04104,person,S2,False,33.72724151611328,1.179803948980484,2.3029279708862305,3.693797274319624
hdr_04104,person,S2,False,43.27778244018555,1.2618257296516793,2.7085680961608887,3.693797274319624
hdr_04104,car,S2,False,20.303333282470703,1.38404504663843,2.480989456176758,3.693797274319624
hdr_04104,car,S2,False,10.77144718170166,0.8370482521114101,2.6157994270324707,3.693797274319624
hdr_04114,chair,S2,False,8.771668434143066,0.552707387163222,1.918621301651001,3.26945800152926
hdr_04114,chair,S2,False,8.874614715576172,1.3033967547624572,1.5845215320587158,3.26945800152926
hdr_04114,chair,S2,False,8.040596008300781,0.4178858245273293,2.009378671646118,3.26945800152926
hdr_04114,chair,S2,True,6.928201675415039,0.5363471674860036,1.8286386728286743,3.26945800152926
hdr_04118,car,S2,False,2.687993288040161,0.642991100726543,2.202937364578247,2.787074678194652
hdr_04118,car,S2,True,1.0902384519577026,1.2064232401716983,1.5207524299621582,2.787074678194652
hdr_04118,car,S2,True,1.4306079149246216,0.8167217925398896,2.1157474517822266,2.787074678194652
hdr_04118,car,S2,True,1.1984188556671143,1.8837939849233365,1.8445310592651367,2.787074678194652
hdr_04118,car,S2,True,1.4051787853240967,1.3875826863307072,1.9523847103118896,2.787074678194652
hdr_04118,car,S2,True,1.1576383113861084,3.278511896934946,1.5232040882110596,2.787074678194652
hdr_04135,person,S2,False,13.214689254760742,0.17060038304769562,2.5301384925842285,4.363859003579978
hdr_04135,person,S2,False,9.329535484313965,0.19129537319745377,2.487166166305542,4.363859003579978
hdr_04135,person,S2,False,10.889669418334961,0.18952416960893143,2.6089589595794678,4.363859003579978
hdr_04135,person,S2,False,10.098880767822266,0.6473268734883135,2.0422205924987793,4.363859003579978
hdr_04135,person,S2,False,4.566141128540039,0.3523611127199353,2.747138738632202,4.363859003579978
hdr_04135,person,S2,False,4.313551425933838,0.28034727011417127,2.71692156791687,4.363859003579978
hdr_04135,person,S2,True,3.7908122539520264,0.5119399396582631,3.160950183868408,4.363859003579978
hdr_04135,person,S2,True,4.971297264099121,0.33966538277788405,2.9570960998535156,4.363859003579978
hdr_04135,person,S2,False,6.302464962005615,0.1998193180575713,3.0081260204315186,4.363859003579978
hdr_04135,person,S2,False,7.4089884757995605,0.21776565564074318,1.889851450920105,4.363859003579978
hdr_04135,person,S2,True,6.801690101623535,0.34721078387470344,2.476289749145508,4.363859003579978
hdr_04135,person,S2,True,2.03753924369812,2.4056514085153666,2.884037971496582,4.363859003579978
hdr_04135,chair,S2,False,22.72156524658203,0.4863008464173118,2.2004005908966064,4.363859003579978
hdr_04135,chair,S2,False,20.98129653930664,0.3367321352945481,2.1240592002868652,4.363859003579978
hdr_04135,chair,S2,True,22.41472053527832,0.4152172534197559,2.3369460105895996,4.363859003579978
hdr_04135,chair,S2,False,18.3294734954834,0.21884855715781887,2.399807929992676,4.363859003579978
hdr_04135,chair,S2,False,17.583223342895508,0.1528867579580998,1.691588044166565,4.363859003579978
hdr_04135,chair,S2,True,7.763667583465576,0.5624772743774769,1.825850248336792,4.363859003579978
hdr_04135,chair,S2,True,9.236023902893066,0.2890507420948737,2.1286110877990723,4.363859003579978
hdr_04135,diningtable,S2,False,38.7695426940918,0.45647670706683163,2.2171285152435303,4.363859003579978
hdr_04137,chair,S2,True,8.912213325500488,1.3625019839500014,2.241649866104126,3.871788412842238
hdr_04137,chair,S2,True,7.418373107910156,1.2187909693527361,2.178086757659912,3.871788412842238
hdr_04143,chair,S2,False,28.960742950439453,0.7197028495934782,1.7116169929504395,3.5974926704255017
hdr_04143,chair,S2,True,23.51535987854004,0.390108109896795,0.6714041233062744,3.5974926704255017
hdr_04143,chair,S2,False,26.251575469970703,1.12074764549946,2.7334914207458496,3.5974926704255017
hdr_04143,chair,S2,True,30.304628372192383,0.2679906714601907,0.7207916975021362,3.5974926704255017
hdr_04143,car,S2,False,13.473278045654297,32.60360766082343,2.3924458026885986,3.5974926704255017
hdr_04143,car,S2,False,17.92017364501953,36.15579933988529,2.5971007347106934,3.5974926704255017
hdr_04143,bus,S2,True,32.758033752441406,17.426840349357732,3.0296921730041504,3.5974926704255017
hdr_04145,bottle,S2,False,8.14608097076416,1.1316394793843088,1.296040415763855,3.8875826800254702
hdr_04145,bottle,S2,False,8.914880752563477,0.9443547159514384,1.2798491716384888,3.8875826800254702
hdr_04145,bottle,S2,False,8.739561080932617,1.0382696282331292,1.4513849020004272,3.8875826800254702
hdr_04151,car,S2,False,19.760387420654297,0.03889424739539685,2.995166778564453,3.615284500985091
hdr_04151,car,S2,False,8.420900344848633,0.1097862917605178,2.0774431228637695,3.615284500985091
hdr_04151,car,S2,True,5.0913166999816895,0.16106580723002997,1.2725285291671753,3.615284500985091
hdr_04151,car,S2,False,10.652915954589844,0.09191322562089801,3.192307233810425,3.615284500985091
hdr_04151,car,S2,True,4.593625068664551,0.23698338160920507,2.6808924674987793,3.615284500985091
hdr_04151,car,S2,False,18.386608123779297,0.13149834755593462,3.4725265502929688,3.615284500985091
hdr_04151,car,S2,False,13.901740074157715,0.025061682768575396,2.9578921794891357,3.615284500985091
hdr_04151,car,S2,False,4.622102737426758,0.08511492076292633,2.7690556049346924,3.615284500985091
hdr_04151,car,S2,False,5.105690956115723,0.05874511308471397,2.7872068881988525,3.615284500985091
hdr_04151,car,S2,False,3.7572362422943115,0.10634087825469152,2.801292657852173,3.615284500985091
hdr_04151,car,S2,True,2.0670485496520996,0.0406147607598044,2.5201737880706787,3.615284500985091
hdr_04151,car,S2,True,2.037921190261841,0.1141895763049702,2.525359869003296,3.615284500985091
hdr_04151,car,S2,True,1.5671195983886719,0.11889340077028149,2.2704408168792725,3.615284500985091
hdr_04151,car,S2,True,1.0176619291305542,0.17298939843944064,2.4767558574676514,3.615284500985091
hdr_04151,car,S2,True,0.9747816920280457,0.12629319673031575,1.4076091051101685,3.615284500985091
hdr_04151,car,S2,True,0.8000908493995667,0.25121897566197837,1.368981957435608,3.615284500985091
hdr_04163,person,S2,False,68.37885284423828,0.16643404727174976,3.5108940601348877,4.057296519316036
hdr_04163,sofa,S2,False,38.2405891418457,0.39428158868098584,2.7090494632720947,4.057296519316036
hdr_04164,car,S2,False,16.968116760253906,0.49346835032625247,3.0013041496276855,3.693475693792599
hdr_04164,car,S2,True,8.226644515991211,0.6469253527405786,2.9846556186676025,3.693475693792599
hdr_04164,car,S2,False,9.08919906616211,3.755229013600125,3.209656238555908,3.693475693792599
hdr_04164,car,S2,False,6.643771171569824,0.9248316629901748,3.222123861312866,3.693475693792599
hdr_04165,person,S2,False,26.586017608642578,3.146664072389386,2.6526269912719727,3.0979693129129555
hdr_04166,bird,S2,True,3.624753713607788,11.351253552961847,1.9314793348312378,3.3436992454471146
hdr_04166,bird,S2,True,3.0816256999969482,18.42890475718377,1.6394054889678955,3.3436992454471146
hdr_04168,bird,S2,False,27.759679794311523,2.331490723360493,2.612853765487671,2.96108193396963
hdr_04172,person,S2,False,26.33144187927246,1.1691577023329967,2.610602855682373,3.2116970809602634
hdr_04172,person,S2,False,25.69161605834961,2.3323821275842715,1.9872331619262695,3.2116970809602634
hdr_04172,person,S2,True,19.263349533081055,0.8793444519564749,2.4535603523254395,3.2116970809602634
hdr_04172,bottle,S2,True,5.56544828414917,1.3872131334833286,2.042349100112915,3.2116970809602634
hdr_04172,bottle,S2,True,3.7706069946289062,1.1755861462888184,1.7439463138580322,3.2116970809602634
hdr_04172,bottle,S2,True,3.7322535514831543,2.1283947799704452,2.034449338912964,3.2116970809602634
hdr_04172,bottle,S2,True,4.243013858795166,1.819640919488893,1.8103772401809692,3.2116970809602634
hdr_04172,bottle,S2,True,2.8518357276916504,2.1211430120188397,1.543752908706665,3.2116970809602634
hdr_04172,bottle,S2,True,3.0665488243103027,1.2723605949146417,1.895180344581604,3.2116970809602634
hdr_04172,bottle,S2,True,4.381141662597656,1.9148852861136094,1.6106982231140137,3.2116970809602634
hdr_04172,bottle,S2,True,3.337893009185791,1.8024417780144544,1.638025164604187,3.2116970809602634
hdr_04174,person,S2,False,66.11675262451172,0.8239374187107353,2.9558115005493164,3.3559666822891723
hdr_04174,person,S2,False,42.66465759277344,0.8229028081566782,2.656527280807495,3.3559666822891723
hdr_04174,bottle,S2,False,18.860002517700195,0.7277736149010204,2.5232949256896973,3.3559666822891723
hdr_04178,person,S2,False,44.238773345947266,0.5988232108804645,2.938067674636841,3.484781115193266
hdr_04178,person,S2,False,42.0611572265625,0.39036831432643493,3.1462199687957764,3.484781115193266
hdr_04178,person,S2,False,49.753116607666016,0.7763244060661216,2.499497652053833,3.484781115193266
hdr_04178,person,S2,False,23.067049026489258,0.4676287366560816,2.7682950496673584,3.484781115193266
hdr_04178,person,S2,False,8.460511207580566,0.9329112451166675,1.8115551471710205,3.484781115193266
hdr_04182,car,S2,True,3.8639984130859375,4.14531403043926,3.090785503387451,3.7555699806288
hdr_04182,car,S2,True,3.8085334300994873,3.2020085641811287,3.1073811054229736,3.7555699806288
hdr_04182,car,S2,True,2.2344608306884766,2.7999503980711755,2.966425657272339,3.7555699806288
hdr_04182,car,S2,True,2.8813467025756836,3.420021598814577,2.76068377494812,3.7555699806288
hdr_04182,car,S2,True,1.46359384059906,9.145126453524876,2.3035552501678467,3.7555699806288
hdr_04182,car,S2,True,1.579594612121582,6.246440747670593,2.309124231338501,3.7555699806288
hdr_04199,person,S2,True,10.691644668579102,4.47272164152403,2.634730100631714,3.0987768021110056
hdr_04199,person,S2,True,10.889120101928711,5.861496763536648,2.398681640625,3.0987768021110056
hdr_04199,person,S2,True,11.013566970825195,6.1395844146293514,2.397695302963257,3.0987768021110056
hdr_04199,person,S2,True,12.853065490722656,1.320680343205124,2.7448792457580566,3.0987768021110056
hdr_04199,person,S2,True,8.975102424621582,1.3091006351303,2.7066490650177,3.0987768021110056
hdr_04199,person,S2,True,63.115562438964844,0.9508287559450657,1.9608240127563477,3.0987768021110056
hdr_04200,person,S2,True,12.464797973632812,0.9513977226822782,2.7887885570526123,3.974761631260823
hdr_04200,person,S2,False,10.023496627807617,1.001228387922033,3.0212182998657227,3.974761631260823
hdr_04200,person,S2,True,12.345099449157715,5.00866124305786,3.090747356414795,3.974761631260823
hdr_04200,person,S2,True,10.896716117858887,16.103220204085677,3.89225697517395,3.974761631260823
hdr_04200,person,S2,True,9.765092849731445,2.3300057425299174,2.4521894454956055,3.974761631260823
hdr_04200,person,S2,True,7.340348720550537,1.3891003727282152,1.9732614755630493,3.974761631260823
hdr_04200,person,S2,True,49.345550537109375,0.9365730258387848,1.4277161359786987,3.974761631260823
hdr_04210,person,S2,False,64.8810043334961,1.3732067270441466,1.8258367776870728,2.634887597809975
hdr_04210,person,S2,False,11.0107421875,0.6016253644204999,2.73270320892334,2.634887597809975
hdr_04210,person,S2,False,8.859747886657715,0.5605763817076737,2.6245269775390625,2.634887597809975
hdr_04210,person,S2,False,10.639880180358887,0.6967153728922401,1.9646590948104858,2.634887597809975
hdr_04210,person,S2,False,9.423178672790527,0.3689068383676373,1.357843279838562,2.634887597809975
hdr_04212,dog,S2,False,58.35015869140625,0.6724085742713501,2.164612054824829,3.405948168532265
hdr_04215,person,S2,True,2.8240010738372803,0.4582370860931495,1.0150701999664307,2.926753905189737
hdr_04215,person,S2,True,2.901003122329712,0.4603495251657092,0.9593884348869324,2.926753905189737
hdr_04215,person,S2,True,3.1104559898376465,0.4533728093199133,1.0284725427627563,2.926753905189737
hdr_04215,person,S2,True,3.1384785175323486,0.45335977598178195,0.9646371006965637,2.926753905189737
hdr_04215,person,S2,True,3.188565254211426,0.4618678953962315,0.9268357157707214,2.926753905189737
hdr_04215,person,S2,True,1.805891513824463,0.4019771929151539,1.085784673690796,2.926753905189737
hdr_04215,person,S2,True,2.190294027328491,0.37765701128561396,1.0703914165496826,2.926753905189737
hdr_04215,person,S2,True,1.9943790435791016,0.35482989827001427,1.0899947881698608,2.926753905189737
hdr_04215,person,S2,True,2.436246395111084,0.9488342293821608,1.1901297569274902,2.926753905189737
hdr_04215,person,S2,True,1.3222286701202393,0.49560850278585555,0.946104884147644,2.926753905189737
hdr_04215,person,S2,True,1.524070143699646,0.4908450772726672,0.8372375965118408,2.926753905189737
hdr_04215,person,S2,True,1.7100194692611694,1.0888706440370757,0.7579468488693237,2.926753905189737
hdr_04216,person,S2,True,2.8360958099365234,3.850017502681383,1.0352073907852173,3.990555898444055
hdr_04216,person,S2,True,2.5637221336364746,11.050431339193919,1.2659093141555786,3.990555898444055
hdr_04216,person,S2,True,2.816004514694214,2.652429636334342,1.104722261428833,3.990555898444055
hdr_04217,person,S2,True,6.062631130218506,0.9517370768217116,0.6371188759803772,2.714095504865122
hdr_04219,person,S2,True,50.580482482910156,1.2003978424311683,2.4616682529449463,3.573050213957842
hdr_04219,person,S2,True,43.09557342529297,1.2937096739105225,2.620591163635254,3.573050213957842
hdr_04219,person,S2,True,34.50187301635742,0.7990090257085535,1.7750375270843506,3.573050213957842
hdr_04219,person,S2,True,27.911334991455078,1.8442589276772874,2.097959041595459,3.573050213957842
hdr_04219,person,S2,True,18.503568649291992,1.2349773939271136,2.119875431060791,3.573050213957842
hdr_04219,person,S2,True,24.51141357421875,0.6783784289143422,2.152794361114502,3.573050213957842
hdr_04219,person,S2,True,10.078712463378906,1.5318880740941974,1.0635077953338623,3.573050213957842
hdr_04219,person,S2,True,8.434863090515137,2.192860087583587,2.5317447185516357,3.573050213957842
hdr_04219,person,S2,True,10.699556350708008,0.8179491517531191,0.9847966432571411,3.573050213957842
hdr_04219,person,S2,True,9.211301803588867,1.0106697212028548,2.394036293029785,3.573050213957842
hdr_04219,person,S2,True,4.561779499053955,0.9719501129179948,2.4380674362182617,3.573050213957842
hdr_04219,person,S2,True,5.444319725036621,1.1035988666668703,2.4987804889678955,3.573050213957842
hdr_04221,person,S2,True,41.18400192260742,0.6503353499723287,2.491340160369873,3.069885646624056
hdr_04234,person,S2,True,4.2989959716796875,2.070785966731028,0.9948936700820923,3.0311978806690294
hdr_04234,person,S2,True,4.269262313842773,2.336303042320629,0.8865176439285278,3.0311978806690294
hdr_04234,person,S2,True,3.256991147994995,2.2924105993461823,0.8148659467697144,3.0311978806690294
hdr_04234,person,S2,True,1.74692702293396,1.9921407878756672,0.7295592427253723,3.0311978806690294
hdr_04238,car,S2,True,9.639101028442383,0.5942034538039223,1.2304081916809082,3.674343318066837
hdr_04238,car,S2,True,12.967456817626953,1.0346046506767974,1.4214167594909668,3.674343318066837
hdr_04238,car,S2,True,4.911615371704102,0.6883872071612973,1.0092689990997314,3.674343318066837
hdr_04238,car,S2,True,4.196358680725098,0.7752440270368494,0.8273531794548035,3.674343318066837
hdr_04238,car,S2,True,2.6249353885650635,0.9341389038214404,2.0068283081054688,3.674343318066837
hdr_04238,car,S2,True,3.8741626739501953,0.8345576090580259,2.12941312789917,3.674343318066837
hdr_04238,car,S2,True,3.0632576942443848,0.7221537725429978,2.1531054973602295,3.674343318066837
hdr_04238,car,S2,True,1.7192165851593018,0.8044327963891367,1.5881924629211426,3.674343318066837
hdr_04238,car,S2,True,2.2507331371307373,0.8282160244302952,1.5365139245986938,3.674343318066837
hdr_04238,car,S2,True,2.5071873664855957,2.3666599220754825,2.137942314147949,3.674343318066837
hdr_04238,car,S2,True,1.8063064813613892,0.7293220684511063,1.5479185581207275,3.674343318066837
hdr_04238,person,S2,True,3.9827942848205566,0.5477766304595679,1.130202054977417,3.674343318066837
hdr_04238,person,S2,True,4.12392520904541,0.5165534362639943,1.1952284574508667,3.674343318066837
hdr_04248,person,S2,True,5.306258201599121,3.134562656236566,0.8275270462036133,3.296266205867917
hdr_04248,person,S2,True,5.198103904724121,2.6953563706767967,0.2785252630710602,3.296266205867917
hdr_04257,person,S2,True,20.210020065307617,2.2705007845878695,2.0677123069763184,4.109684588775724
hdr_04257,person,S2,True,11.18994140625,1.034206376295467,2.168447256088257,4.109684588775724
hdr_04257,person,S2,True,8.544021606445312,3.310713218290763,2.4560093879699707,4.109684588775724
hdr_04257,person,S2,True,5.51215124130249,0.9443800341019709,1.92798912525177,4.109684588775724
hdr_04257,person,S2,True,6.13344144821167,0.8926909658578586,2.1124091148376465,4.109684588775724
hdr_04271,train,S2,True,77.52688598632812,1.0,2.360457420349121,3.187361706561701
hdr_04272,train,S2,True,54.5213508605957,0.8937728604187938,1.3850826025009155,1.9410853055533768
hdr_04273,train,S2,True,47.42000198364258,0.23841196328150974,1.6022815704345703,3.1072099696478683
